municipality,state,distributor,regulated_tariff,tariff_start,tariff_end,multiple_distributors
PIRACICABA,SP,CPFL-PAULISTA,0.73945,2026-04-08,2027-04-07,0
SALTINHO,SP,CPFL-PAULISTA,0.73945,2026-04-08,2027-04-07,0
MACAUBAS,BA,COELBA,0.87773,2026-04-22,2027-04-21,0
QUIXADA,CE,"ENEL CE",0.74977,2026-04-22,2027-04-21,0
"SANTA VITORIA DO PALMAR",RS,CEEE-D,0.822,2026-01-01,2026-11-21,0
TABULEIRO,MG,EMR,0.81704,2026-01-01,2026-06-21,0
ERERE,CE,"ENEL CE",0.74977,2026-04-22,2027-04-21,0
IRACEMA,CE,"ENEL CE",0.74977,2026-04-22,2027-04-21,0
JAGUARETAMA,CE,"ENEL CE",0.74977,2026-04-22,2027-04-21,0
JAGUARIBARA,CE,"ENEL CE",0.74977,2026-04-22,2027-04-21,0
JAGUARIBE,CE,"ENEL CE",0.74977,2026-04-22,2027-04-21,0
PEREIRO,CE,"ENEL CE",0.74977,2026-04-22,2027-04-21,0
POTIRETAMA,CE,"ENEL CE",0.74977,2026-04-22,2027-04-21,0
IRAQUARA,BA,COELBA,0.87773,2026-04-22,2027-04-21,0
IBITITA,BA,COELBA,0.87773,2026-04-22,2027-04-21,0
"TERRA DE AREIA",RS,CEEE-D,0.822,2026-01-01,2026-11-21,0
SAUBARA,BA,COELBA,0.87773,2026-04-22,2027-04-21,0
GUIDOVAL,MG,EMR,0.81704,2026-01-01,2026-06-21,0
CANDELARIA,RS,"RGE SUL",,,,0
"SAO FRANCISCO DE ASSIS",RS,"RGE SUL",,,,0
"OLIVEIRA DOS BREJINHOS",BA,COELBA,0.87773,2026-04-22,2027-04-21,0
CATAGUASES,MG,EMR,0.81704,2026-01-01,2026-06-21,0
LEOPOLDINA,MG,EMR,0.81704,2026-01-01,2026-06-21,0
"ELDORADO DO SUL",RS,CEEE-D,0.822,2026-01-01,2026-11-21,0
FORMIGUEIRO,RS,"RGE SUL",,,,0
"ELISIO MEDRADO",BA,COELBA,0.87773,2026-04-22,2027-04-21,0
"SANTA ROSA",RS,RGE,0.8222,2026-01-01,2026-06-18,1
"ROCA SALES",RS,"RGE SUL",,,,1
CHORO,CE,"ENEL CE",0.74977,2026-04-22,2027-04-21,0
IBARETAMA,CE,"ENEL CE",0.74977,2026-04-22,2027-04-21,0
"ENTRE RIOS",SC,DCELT,0.68354,2026-01-01,2026-08-28,0
MAQUINE,RS,CEEE-D,0.822,2026-01-01,2026-11-21,0
IBIRATAIA,BA,COELBA,0.87773,2026-04-22,2027-04-21,0
"VERA CRUZ",RS,"RGE SUL",,,,0
CARIRE,CE,"ENEL CE",0.74977,2026-04-22,2027-04-21,0
GROAIRAS,CE,"ENEL CE",0.74977,2026-04-22,2027-04-21,0
MAIQUINIQUE,BA,COELBA,0.87773,2026-04-22,2027-04-21,0
"SAO PEDRO DO SUL",RS,"RGE SUL",,,,0
"SAO GABRIEL DA PALHA",ES,ELFSM,0.74537,2026-01-01,2026-09-21,1
GUAIBA,RS,CEEE-D,0.822,2026-01-01,2026-11-21,0
"CONCEICAO DE MACABU",RJ,"ENEL RJ",1.0611,2026-03-15,2027-03-14,0
"SANTA MARIA MADALENA",RJ,"ENEL RJ",1.0611,2026-03-15,2027-03-14,0
CANUDOS,BA,COELBA,0.87773,2026-04-22,2027-04-21,0
"DOM PEDRITO",RS,CEEE-D,0.822,2026-01-01,2026-11-21,0
"SANTA CRUZ DO SUL",RS,"RGE SUL",,,,1
ALEGRETE,RS,"RGE SUL",,,,0
PALMEIRAS,BA,COELBA,0.87773,2026-04-22,2027-04-21,0
HERVAL,RS,CEEE-D,0.822,2026-01-01,2026-11-21,0
TORRES,RS,CEEE-D,0.822,2026-01-01,2026-11-21,0
"ARROIO DOS RATOS",RS,CEEE-D,0.822,2026-01-01,2026-11-21,0
"SAO JERONIMO",RS,CEEE-D,0.822,2026-01-01,2026-11-21,0
"SAO JOSE DO NORTE",RS,CEEE-D,0.822,2026-01-01,2026-11-21,0
MARACANAU,CE,"ENEL CE",0.74977,2026-04-22,2027-04-21,0
TAVARES,RS,CEEE-D,0.822,2026-01-01,2026-11-21,0
CERRITO,RS,CEEE-D,0.822,2026-01-01,2026-11-21,0
"SAO LOURENCO DO SUL",RS,CEEE-D,0.822,2026-01-01,2026-11-21,0
XANGRI-LA,RS,CEEE-D,0.822,2026-01-01,2026-11-21,0
"PALMARES DO SUL",RS,CEEE-D,0.822,2026-01-01,2026-11-21,0
"SENTO SE",BA,COELBA,0.87773,2026-04-22,2027-04-21,0
DESCOBERTO,MG,EMR,0.81704,2026-01-01,2026-06-21,0
"ITAMARATI DE MINAS",MG,EMR,0.81704,2026-01-01,2026-06-21,0
BONINAL,BA,COELBA,0.87773,2026-04-22,2027-04-21,0
"NOVA FRIBURGO",RJ,ENF,,,,1
"MATA DE SAO JOAO",BA,COELBA,0.87773,2026-04-22,2027-04-21,0
"LAVRAS DO SUL",RS,CEEE-D,0.822,2026-01-01,2026-11-21,0
"CAPAO DO LEAO",RS,CEEE-D,0.822,2026-01-01,2026-11-21,0
"ALTO RIO NOVO",ES,ELFSM,0.74537,2026-01-01,2026-09-21,1
"NOVA SANTA RITA",RS,"RGE SUL",,,,0
"DOM FELICIANO",RS,CEEE-D,0.822,2026-01-01,2026-11-21,0
BRASILIA,DF,"NEOENERGIA BRASILIA",0.82672,2026-01-01,2026-10-21,0
"ASTOLFO DUTRA",MG,EMR,0.81704,2026-01-01,2026-06-21,0
"LAGOA BONITA DO SUL",RS,"RGE SUL",,,,0
SOBRADINHO,RS,"RGE SUL",,,,0
BAURU,SP,CPFL-PAULISTA,0.73945,2026-04-08,2027-04-07,0
PEDERNEIRAS,SP,CPFL-PAULISTA,0.73945,2026-04-08,2027-04-07,0
PIRATININGA,SP,CPFL-PAULISTA,0.73945,2026-04-08,2027-04-07,0
XIQUE-XIQUE,BA,COELBA,0.87773,2026-04-22,2027-04-21,0
"GENERAL CAMARA",RS,"RGE SUL",,,,1
IMBE,RS,CEEE-D,0.822,2026-01-01,2026-11-21,0
"BREU BRANCO",PA,"EQUATORIAL PA",0.9783,2026-01-01,2026-08-06,0
"GOIANESIA DO PARA",PA,"EQUATORIAL PA",0.9783,2026-01-01,2026-08-06,0
"NOVO REPARTIMENTO",PA,"EQUATORIAL PA",0.9783,2026-01-01,2026-08-06,0
PACAJA,PA,"EQUATORIAL PA",0.9783,2026-01-01,2026-08-06,0
TUCURUI,PA,"EQUATORIAL PA",0.9783,2026-01-01,2026-08-06,0
"RIO NOVO",MG,EMR,0.81704,2026-01-01,2026-06-21,0
PIRAUBA,MG,EMR,0.81704,2026-01-01,2026-06-21,0
MOSTARDAS,RS,CEEE-D,0.822,2026-01-01,2026-11-21,0
PEDREIRA,SP,"CPFL JAGUARI",,,,0
"RIO PARDO",RS,"RGE SUL",,,,1
"ROSARIO DO SUL",RS,"RGE SUL",,,,0
ALCOBACA,BA,COELBA,0.87773,2026-04-22,2027-04-21,0
PRADO,BA,COELBA,0.87773,2026-04-22,2027-04-21,0
ALVINLANDIA,SP,CPFL-PAULISTA,0.73945,2026-04-08,2027-04-07,0
"CAMPOS NOVOS PAULISTA",SP,CPFL-PAULISTA,0.73945,2026-04-08,2027-04-07,0
LUPERCIO,SP,CPFL-PAULISTA,0.73945,2026-04-08,2027-04-07,0
MARILIA,SP,CPFL-PAULISTA,0.73945,2026-04-08,2027-04-07,0
OCAUCU,SP,CPFL-PAULISTA,0.73945,2026-04-08,2027-04-07,0
CAUCAIA,CE,"ENEL CE",0.74977,2026-04-22,2027-04-21,0
"SAO GONCALO DO AMARANTE",CE,"ENEL CE",0.74977,2026-04-22,2027-04-21,0
LAJEADO,RS,"RGE SUL",,,,1
CATANDUVA,SP,CNEE,,,,1
MACAE,RJ,"ENEL RJ",1.0611,2026-03-15,2027-03-14,0
"TRES CACHOEIRAS",RS,CEEE-D,0.822,2026-01-01,2026-11-21,0
BURITIRAMA,BA,COELBA,0.87773,2026-04-22,2027-04-21,0
"MORRINHOS DO SUL",RS,CEEE-D,0.822,2026-01-01,2026-11-21,0
"ALEM PARAIBA",MG,EMR,0.81704,2026-01-01,2026-06-21,1
"SANTO ANTONIO DO AVENTUREIRO",MG,EMR,0.81704,2026-01-01,2026-06-21,0
NAZARE,BA,COELBA,0.87773,2026-04-22,2027-04-21,0
"DIAS D'AVILA",BA,COELBA,0.87773,2026-04-22,2027-04-21,0
MAMPITUBA,RS,CEEE-D,0.822,2026-01-01,2026-11-21,0
CAMAQUA,RS,CEEE-D,0.822,2026-01-01,2026-11-21,0
CAMANDUCAIA,MG,EEB,,,,0
PALMA,MG,EMR,0.81704,2026-01-01,2026-06-21,0
PICOS,PI,"EQUATORIAL PI",0.94669,2026-01-01,2026-12-01,0
CANDEIAS,BA,COELBA,0.87773,2026-04-22,2027-04-21,0
PORTAO,RS,"RGE SUL",,,,0
"PINHEIRO MACHADO",RS,CEEE-D,0.822,2026-01-01,2026-11-21,0
"DONA EUZEBIA",MG,EMR,0.81704,2026-01-01,2026-06-21,0
SERRINHA,BA,COELBA,0.87773,2026-04-22,2027-04-21,0
URUPES,SP,CNEE,,,,1
ITAMBE,BA,COELBA,0.87773,2026-04-22,2027-04-21,0
"BOA NOVA",BA,COELBA,0.87773,2026-04-22,2027-04-21,0
MONTENEGRO,RS,"RGE SUL",,,,1
SEABRA,BA,COELBA,0.87773,2026-04-22,2027-04-21,0
"PLACIDO DE CASTRO",AC,EAC,0.87381,2026-01-01,2026-12-12,0
"RIO BRANCO",AC,EAC,0.87381,2026-01-01,2026-12-12,0
COCOS,BA,COELBA,0.87773,2026-04-22,2027-04-21,0
"ALVORADA DO GURGUEIA",PI,"EQUATORIAL PI",0.94669,2026-01-01,2026-12-01,0
COIMBRA,MG,EMR,0.81704,2026-01-01,2026-06-21,0
ALTAMIRA,PA,"EQUATORIAL PA",0.9783,2026-01-01,2026-08-06,0
"BRASIL NOVO",PA,"EQUATORIAL PA",0.9783,2026-01-01,2026-08-06,0
"VITORIA DO XINGU",PA,"EQUATORIAL PA",0.9783,2026-01-01,2026-08-06,0
"HULHA NEGRA",RS,CEEE-D,0.822,2026-01-01,2026-11-21,0
CAMBUCI,RJ,"ENEL RJ",1.0611,2026-03-15,2027-03-14,0
ITAOCARA,RJ,"ENEL RJ",1.0611,2026-03-15,2027-03-14,0
"SAO FIDELIS",RJ,"ENEL RJ",1.0611,2026-03-15,2027-03-14,0
JAGUAQUARA,BA,COELBA,0.87773,2026-04-22,2027-04-21,0
"VENANCIO AIRES",RS,"RGE SUL",,,,1
ESPLANADA,BA,COELBA,0.87773,2026-04-22,2027-04-21,0
"RIO REAL",BA,SULGIPE,0.75461,2026-05-22,2027-05-21,1
"ALTO ALEGRE",SP,CPFL-PAULISTA,0.73945,2026-04-08,2027-04-07,1
AVANHANDAVA,SP,CPFL-PAULISTA,0.73945,2026-04-08,2027-04-07,1
PENAPOLIS,SP,CPFL-PAULISTA,0.73945,2026-04-08,2027-04-07,1
CAFARNAUM,BA,COELBA,0.87773,2026-04-22,2027-04-21,0
ITABUNA,BA,COELBA,0.87773,2026-04-22,2027-04-21,0
AQUIRAZ,CE,"ENEL CE",0.74977,2026-04-22,2027-04-21,0
EUSEBIO,CE,"ENEL CE",0.74977,2026-04-22,2027-04-21,0
"ARROIO GRANDE",RS,CEEE-D,0.822,2026-01-01,2026-11-21,0
AGUDO,RS,"RGE SUL",,,,0
"PANTANO GRANDE",RS,CEEE-D,0.822,2026-01-01,2026-11-21,0
IPIAU,BA,COELBA,0.87773,2026-04-22,2027-04-21,0
"CONCEICAO DO JACUIPE",BA,COELBA,0.87773,2026-04-22,2027-04-21,0
MERCES,MG,EMR,0.81704,2026-01-01,2026-06-21,1
INHAMBUPE,BA,COELBA,0.87773,2026-04-22,2027-04-21,0
BERTIOGA,SP,ELEKTRO,0.79605,2026-01-01,2026-08-26,0
SANTOS,SP,CPFL-PIRATINING,0.73969,2026-01-01,2026-10-22,1
CATU,BA,COELBA,0.87773,2026-04-22,2027-04-21,0
ESTRELA,RS,"RGE SUL",,,,1
"MORRO REDONDO",RS,CEEE-D,0.822,2026-01-01,2026-11-21,0
IRAMAIA,BA,COELBA,0.87773,2026-04-22,2027-04-21,0
"SANTA MARGARIDA DO SUL",RS,"RGE SUL",,,,0
"SAO GABRIEL",RS,"RGE SUL",,,,0
JAGUARUANA,CE,"ENEL CE",0.74977,2026-04-22,2027-04-21,0
OSORIO,RS,CEEE-D,0.822,2026-01-01,2026-11-21,0
ITUACU,BA,COELBA,0.87773,2026-04-22,2027-04-21,0
"SAO JOAO DO MANHUACU",MG,EMR,0.81704,2026-01-01,2026-06-21,0
SAPIRANGA,RS,"RGE SUL",,,,0
"BOM RETIRO DO SUL",RS,"RGE SUL",,,,1
BILAC,SP,CPFL-PAULISTA,0.73945,2026-04-08,2027-04-07,1
BIRIGUI,SP,CPFL-PAULISTA,0.73945,2026-04-08,2027-04-07,0
PINTADAS,BA,COELBA,0.87773,2026-04-22,2027-04-21,0
IBOTIRAMA,BA,COELBA,0.87773,2026-04-22,2027-04-21,0
CRISTAL,RS,CEEE-D,0.822,2026-01-01,2026-11-21,0
CARAPEBUS,RJ,"ENEL RJ",1.0611,2026-03-15,2027-03-14,0
QUISSAMA,RJ,"ENEL RJ",1.0611,2026-03-15,2027-03-14,0
JAGUARAO,RS,CEEE-D,0.822,2026-01-01,2026-11-21,0
"CARDEAL DA SILVA",BA,COELBA,0.87773,2026-04-22,2027-04-21,0
ITAPARICA,BA,COELBA,0.87773,2026-04-22,2027-04-21,0
"CONTENDAS DO SINCORA",BA,COELBA,0.87773,2026-04-22,2027-04-21,0
"RIO GRANDE",RS,CEEE-D,0.822,2026-01-01,2026-11-21,0
HERCULANDIA,SP,CPFL-PAULISTA,0.73945,2026-04-08,2027-04-07,0
ORIENTE,SP,CPFL-PAULISTA,0.73945,2026-04-08,2027-04-07,0
POMPEIA,SP,CPFL-PAULISTA,0.73945,2026-04-08,2027-04-07,0
QUEIROZ,SP,CPFL-PAULISTA,0.73945,2026-04-08,2027-04-07,0
QUINTANA,SP,CPFL-PAULISTA,0.73945,2026-04-08,2027-04-07,0
"SANTO ANTONIO DAS MISSOES",RS,"RGE SUL",,,,1
"POCOS DE CALDAS",MG,DMED,0.61757,2026-01-01,2026-11-17,0
PELOTAS,RS,CEEE-D,0.822,2026-01-01,2026-11-21,0
ARGIRITA,MG,EMR,0.81704,2026-01-01,2026-06-21,0
"SENADOR CORTES",MG,EMR,0.81704,2026-01-01,2026-06-21,1
IBIRAPITANGA,BA,COELBA,0.87773,2026-04-22,2027-04-21,0
SAQUAREMA,RJ,"ENEL RJ",1.0611,2026-03-15,2027-03-14,0
SIDEROPOLIS,SC,CERTREL,1.12729,2026-01-01,2026-09-29,1
RECREIO,MG,EMR,0.81704,2026-01-01,2026-06-21,0
"MADRE DE DEUS",BA,COELBA,0.87773,2026-04-22,2027-04-21,0
CARIRIACU,CE,"ENEL CE",0.74977,2026-04-22,2027-04-21,0
"JUAZEIRO DO NORTE",CE,"ENEL CE",0.74977,2026-04-22,2027-04-21,0
"SANTANA DA BOA VISTA",RS,"RGE SUL",,,,0
JUSSIAPE,BA,COELBA,0.87773,2026-04-22,2027-04-21,0
"LIVRAMENTO DE NOSSA SENHORA",BA,COELBA,0.87773,2026-04-22,2027-04-21,0
"CACAPAVA DO SUL",RS,"RGE SUL",,,,0
"SAO DOMINGOS DO NORTE",ES,ELFSM,0.74537,2026-01-01,2026-09-21,0
REMANSO,BA,COELBA,0.87773,2026-04-22,2027-04-21,0
CANGUCU,RS,CEEE-D,0.822,2026-01-01,2026-11-21,0
BOFETE,SP,CPFL-PAULISTA,0.73945,2026-04-08,2027-04-07,0
BOTUCATU,SP,CPFL-PAULISTA,0.73945,2026-04-08,2027-04-07,0
ITATINGA,SP,CPFL-PAULISTA,0.73945,2026-04-08,2027-04-07,1
PARDINHO,SP,CPFL-PAULISTA,0.73945,2026-04-08,2027-04-07,0
"BUENO BRANDAO",MG,EEB,,,,0
"BOM JESUS DO ITABAPOANA",RJ,"ENEL RJ",1.0611,2026-03-15,2027-03-14,0
"CAMPOS DOS GOYTACAZES",RJ,"ENEL RJ",1.0611,2026-03-15,2027-03-14,0
"CARDOSO MOREIRA",RJ,"ENEL RJ",1.0611,2026-03-15,2027-03-14,0
ITALVA,RJ,"ENEL RJ",1.0611,2026-03-15,2027-03-14,0
"SAO FRANCISCO DE ITABAPOANA",RJ,"ENEL RJ",1.0611,2026-03-15,2027-03-14,0
"VILA VALERIO",ES,"EDP ES",0.78931,2026-01-01,2026-08-06,1
ITATIM,BA,COELBA,0.87773,2026-04-22,2027-04-21,0
CARAA,RS,CEEE-D,0.822,2026-01-01,2026-11-21,0
"BARRA DO CHOCA",BA,COELBA,0.87773,2026-04-22,2027-04-21,0
BANZAE,BA,COELBA,0.87773,2026-04-22,2027-04-21,0
"ANGRA DOS REIS",RJ,"ENEL RJ",1.0611,2026-03-15,2027-03-14,1
MANGARATIBA,RJ,"ENEL RJ",1.0611,2026-03-15,2027-03-14,1
"ROSARIO DA LIMEIRA",MG,EMR,0.81704,2026-01-01,2026-06-21,0
BAGE,RS,CEEE-D,0.822,2026-01-01,2026-11-21,0
"SANTA BRIGIDA",BA,COELBA,0.87773,2026-04-22,2027-04-21,0
BUTIA,RS,CEEE-D,0.822,2026-01-01,2026-11-21,0
CACEQUI,RS,"RGE SUL",,,,0
MATIPO,MG,EMR,0.81704,2026-01-01,2026-06-21,0
"SANTA MARGARIDA",MG,EMR,0.81704,2026-01-01,2026-06-21,0
SERICITA,MG,EMR,0.81704,2026-01-01,2026-06-21,0
"SANTO ANTONIO DA PATRULHA",RS,CEEE-D,0.822,2026-01-01,2026-11-21,1
URUGUAIANA,RS,"RGE SUL",,,,0
"CORACAO DE MARIA",BA,COELBA,0.87773,2026-04-22,2027-04-21,0
ITACARE,BA,COELBA,0.87773,2026-04-22,2027-04-21,0
XANXERE,SC,DCELT,0.68354,2026-01-01,2026-08-28,0
JAGUARI,RS,"RGE SUL",,,,0
CANDIOTA,RS,CEEE-D,0.822,2026-01-01,2026-11-21,0
QUIJINGUE,BA,COELBA,0.87773,2026-04-22,2027-04-21,0
GONGOGI,BA,COELBA,0.87773,2026-04-22,2027-04-21,0
CANAPOLIS,BA,COELBA,0.87773,2026-04-22,2027-04-21,0
GUARANI,MG,EMR,0.81704,2026-01-01,2026-06-21,0
"MONTE SANTO",BA,COELBA,0.87773,2026-04-22,2027-04-21,0
OROS,CE,"ENEL CE",0.74977,2026-04-22,2027-04-21,0
"SANTA BARBARA",BA,COELBA,0.87773,2026-04-22,2027-04-21,0
BOQUIRA,BA,COELBA,0.87773,2026-04-22,2027-04-21,0
IBIASSUCE,BA,COELBA,0.87773,2026-04-22,2027-04-21,0
ESTEIO,RS,"RGE SUL",,,,0
CAJURI,MG,EMR,0.81704,2026-01-01,2026-06-21,0
"PEDRA DO ANTA",MG,EMR,0.81704,2026-01-01,2026-06-21,0
"SAO MIGUEL DO ANTA",MG,EMR,0.81704,2026-01-01,2026-06-21,0
VICOSA,MG,CEMIG-D,0.90329,2026-05-28,2027-05-27,1
"PORTO SEGURO",BA,COELBA,0.87773,2026-04-22,2027-04-21,0
IBICUITINGA,CE,"ENEL CE",0.74977,2026-04-22,2027-04-21,0
"MORADA NOVA",CE,"ENEL CE",0.74977,2026-04-22,2027-04-21,0
"ARROIO DO TIGRE",RS,"RGE SUL",,,,0
"SENHOR DO BONFIM",BA,COELBA,0.87773,2026-04-22,2027-04-21,0
"MUNIZ FERREIRA",BA,COELBA,0.87773,2026-04-22,2027-04-21,0
JAGUARIUNA,SP,"CPFL JAGUARI",,,,0
CANAVIEIRAS,BA,COELBA,0.87773,2026-04-22,2027-04-21,0
"CONCEICAO DO COITE",BA,COELBA,0.87773,2026-04-22,2027-04-21,0
"CERRO GRANDE DO SUL",RS,CEEE-D,0.822,2026-01-01,2026-11-21,1
MORPARA,BA,COELBA,0.87773,2026-04-22,2027-04-21,0
"CONCEICAO DO ALMEIDA",BA,COELBA,0.87773,2026-04-22,2027-04-21,0
"CACHOEIRA DO SUL",RS,"RGE SUL",,,,0
BELMONTE,BA,COELBA,0.87773,2026-04-22,2027-04-21,0
"BRAGANCA PAULISTA",SP,EEB,,,,0
MUCURI,BA,COELBA,0.87773,2026-04-22,2027-04-21,0
AMONTADA,CE,"ENEL CE",0.74977,2026-04-22,2027-04-21,0
ITAPIPOCA,CE,"ENEL CE",0.74977,2026-04-22,2027-04-21,0
MARICA,RJ,"ENEL RJ",1.0611,2026-03-15,2027-03-14,0
MIRAI,MG,EMR,0.81704,2026-01-01,2026-06-21,0
"SAO SEBASTIAO DA VARGEM ALEGRE",MG,EMR,0.81704,2026-01-01,2026-06-21,0
"DOM BASILIO",BA,COELBA,0.87773,2026-04-22,2027-04-21,0
VALENCA,BA,COELBA,0.87773,2026-04-22,2027-04-21,0
"SAO SEPE",RS,"RGE SUL",,,,0
RETIROLANDIA,BA,COELBA,0.87773,2026-04-22,2027-04-21,0
AMARGOSA,BA,COELBA,0.87773,2026-04-22,2027-04-21,0
ITANAGRA,BA,COELBA,0.87773,2026-04-22,2027-04-21,0
"GENTIO DO OURO",BA,COELBA,0.87773,2026-04-22,2027-04-21,0
ARACATI,CE,"ENEL CE",0.74977,2026-04-22,2027-04-21,0
BEBERIBE,CE,"ENEL CE",0.74977,2026-04-22,2027-04-21,0
FORTIM,CE,"ENEL CE",0.74977,2026-04-22,2027-04-21,0
ITAICABA,CE,"ENEL CE",0.74977,2026-04-22,2027-04-21,0
"EUCLIDES DA CUNHA",BA,COELBA,0.87773,2026-04-22,2027-04-21,0
TAPES,RS,CEEE-D,0.822,2026-01-01,2026-11-21,0
TANHACU,BA,COELBA,0.87773,2026-04-22,2027-04-21,0
"SAO FELIPE",BA,COELBA,0.87773,2026-04-22,2027-04-21,0
"AMERICO BRASILIENSE",SP,CPFL-PAULISTA,0.73945,2026-04-08,2027-04-07,0
ARARAQUARA,SP,CPFL-PAULISTA,0.73945,2026-04-08,2027-04-07,0
MILAGRES,BA,COELBA,0.87773,2026-04-22,2027-04-21,0
"DOM PEDRO DE ALCANTARA",RS,CEEE-D,0.822,2026-01-01,2026-11-21,0
ARACATUBA,SP,CPFL-PAULISTA,0.73945,2026-04-08,2027-04-07,0
"SANTO ANTONIO DO ARACANGUA",SP,CPFL-PAULISTA,0.73945,2026-04-08,2027-04-07,0
MURIAE,MG,EMR,0.81704,2026-01-01,2026-06-21,0
"FAXINAL DO SOTURNO",RS,UHENPAL,0.73436,2026-01-01,2026-07-21,1
QUEIMADAS,BA,COELBA,0.87773,2026-04-22,2027-04-21,0
POCOES,BA,COELBA,0.87773,2026-04-22,2027-04-21,0
"OURO PRETO DO OESTE",RO,ERO,0.84139,2026-01-01,2026-12-12,0
"GOVERNADOR JORGE TEIXEIRA",RO,ERO,0.84139,2026-01-01,2026-12-12,0
"MIRANTE DA SERRA",RO,ERO,0.84139,2026-01-01,2026-12-12,0
"NOVA UNIAO",RO,ERO,0.84139,2026-01-01,2026-12-12,0
THEOBROMA,RO,ERO,0.84139,2026-01-01,2026-12-12,0
"VALE DO ANARI",RO,ERO,0.84139,2026-01-01,2026-12-12,0
"VALE DO PARAISO",RO,ERO,0.84139,2026-01-01,2026-12-12,0
ALVORADA,RS,CEEE-D,0.822,2026-01-01,2026-11-21,0
PIRATINI,RS,CEEE-D,0.822,2026-01-01,2026-11-21,0
"VISCONDE DO RIO BRANCO",MG,EMR,0.81704,2026-01-01,2026-06-21,0
"SAO BORJA",RS,"RGE SUL",,,,0
"PILAO ARCADO",BA,COELBA,0.87773,2026-04-22,2027-04-21,0
"ALTO JEQUITIBA",MG,EMR,0.81704,2026-01-01,2026-06-21,0
MACAMBARA,RS,"RGE SUL",,,,0
TOCANTINS,MG,EMR,0.81704,2026-01-01,2026-06-21,0
"GOVERNADOR MANGABEIRA",BA,COELBA,0.87773,2026-04-22,2027-04-21,0
SOBRADINHO,BA,COELBA,0.87773,2026-04-22,2027-04-21,0
MACAPA,AP,CEA,0.82515,2026-01-01,2026-12-12,0
"ARROIO DO MEIO",RS,"RGE SUL",,,,1
"BARAO DO TRIUNFO",RS,CEEE-D,0.822,2026-01-01,2026-11-21,1
"PAULA CANDIDO",MG,EMR,0.81704,2026-01-01,2026-06-21,0
"SAO GERALDO",MG,EMR,0.81704,2026-01-01,2026-06-21,0
COLATINA,ES,ELFSM,0.74537,2026-01-01,2026-09-21,1
MIRADOURO,MG,EMR,0.81704,2026-01-01,2026-06-21,0
MACARANI,BA,COELBA,0.87773,2026-04-22,2027-04-21,0
MACAJUBA,BA,COELBA,0.87773,2026-04-22,2027-04-21,0
"PIRAI DO NORTE",BA,COELBA,0.87773,2026-04-22,2027-04-21,0
"SANTA TERESA",ES,"EDP ES",0.78931,2026-01-01,2026-08-06,1
"SAO ROQUE DO CANAA",ES,ELFSM,0.74537,2026-01-01,2026-09-21,1
"RESTINGA SECA",RS,UHENPAL,0.73436,2026-01-01,2026-07-21,1
ARACI,BA,COELBA,0.87773,2026-04-22,2027-04-21,0
JABORANDI,BA,COELBA,0.87773,2026-04-22,2027-04-21,0
CAPUTIRA,MG,EMR,0.81704,2026-01-01,2026-06-21,0
MANHUACU,MG,EMR,0.81704,2026-01-01,2026-06-21,0
"TRAJANO DE MORAES",RJ,"ENEL RJ",1.0611,2026-03-15,2027-03-14,0
"RIO POMBA",MG,EMR,0.81704,2026-01-01,2026-06-21,0
SILVERANIA,MG,EMR,0.81704,2026-01-01,2026-06-21,0
SANTIAGO,RS,"RGE SUL",,,,0
"BALNEARIO PINHAL",RS,CEEE-D,0.822,2026-01-01,2026-11-21,0
ALTOS,PI,"EQUATORIAL PI",0.94669,2026-01-01,2026-12-01,0
"SALINAS DA MARGARIDA",BA,COELBA,0.87773,2026-04-22,2027-04-21,0
"CRUZEIRO DO SUL",RS,"RGE SUL",,,,1
"ENCRUZILHADA DO SUL",RS,CEEE-D,0.822,2026-01-01,2026-11-21,0
SIMONESIA,MG,EMR,0.81704,2026-01-01,2026-06-21,0
CHARQUEADAS,RS,CEEE-D,0.822,2026-01-01,2026-11-21,0
"MARTINS SOARES",MG,EMR,0.81704,2026-01-01,2026-06-21,0
REDUTO,MG,EMR,0.81704,2026-01-01,2026-06-21,0
PIRAPETINGA,MG,EMR,0.81704,2026-01-01,2026-06-21,1
VALENTE,BA,COELBA,0.87773,2026-04-22,2027-04-21,0
"SAO SEBASTIAO DO CAI",RS,"RGE SUL",,,,0
"CACHOEIRAS DE MACACU",RJ,"ENEL RJ",1.0611,2026-03-15,2027-03-14,0
ICO,CE,"ENEL CE",0.74977,2026-04-22,2027-04-21,0
"CORONEL VIVIDA",PR,COPEL-DIS,0.64242,2026-01-01,2026-06-23,1
CANARANA,BA,COELBA,0.87773,2026-04-22,2027-04-21,0
APORA,BA,COELBA,0.87773,2026-04-22,2027-04-21,0
DURANDE,MG,EMR,0.81704,2026-01-01,2026-06-21,0
EUNAPOLIS,BA,COELBA,0.87773,2026-04-22,2027-04-21,0
"AGUIA BRANCA",ES,ELFSM,0.74537,2026-01-01,2026-09-21,1
PANCAS,ES,ELFSM,0.74537,2026-01-01,2026-09-21,1
BORBOREMA,SP,CNEE,,,,1
"SAO FRANCISCO DO CONDE",BA,COELBA,0.87773,2026-04-22,2027-04-21,0
MARAU,BA,COELBA,0.87773,2026-04-22,2027-04-21,0
TANQUINHO,BA,COELBA,0.87773,2026-04-22,2027-04-21,0
TUCANO,BA,COELBA,0.87773,2026-04-22,2027-04-21,0
GUARUJA,SP,ELEKTRO,0.79605,2026-01-01,2026-08-26,1
CACULE,BA,COELBA,0.87773,2026-04-22,2027-04-21,0
ICAPUI,CE,"ENEL CE",0.74977,2026-04-22,2027-04-21,0
ANDORINHA,BA,COELBA,0.87773,2026-04-22,2027-04-21,0
MARILANDIA,ES,ELFSM,0.74537,2026-01-01,2026-09-21,1
"DOM VICOSO",MG,CEMIG-D,0.90329,2026-05-28,2027-05-27,1
ERVALIA,MG,EMR,0.81704,2026-01-01,2026-06-21,0
LARANJAL,MG,EMR,0.81704,2026-01-01,2026-06-21,0
"CANDIDO SALES",BA,COELBA,0.87773,2026-04-22,2027-04-21,0
"SANTANA DO MANHUACU",MG,EMR,0.81704,2026-01-01,2026-06-21,0
"VARZEA NOVA",BA,COELBA,0.87773,2026-04-22,2027-04-21,0
TEOFILANDIA,BA,COELBA,0.87773,2026-04-22,2027-04-21,0
"TEIXEIRA DE FREITAS",BA,COELBA,0.87773,2026-04-22,2027-04-21,0
ENCANTADO,RS,"RGE SUL",,,,1
ITAARA,RS,"RGE SUL",,,,0
ITAQUI,RS,"RGE SUL",,,,0
"TRES FORQUILHAS",RS,CEEE-D,0.822,2026-01-01,2026-11-21,0
VIAMAO,RS,CEEE-D,0.822,2026-01-01,2026-11-21,0
UBA,MG,EMR,0.81704,2026-01-01,2026-06-21,0
TAQUARI,RS,"RGE SUL",,,,1
"BARRA DO RIBEIRO",RS,CEEE-D,0.822,2026-01-01,2026-11-21,0
GUIRICEMA,MG,EMR,0.81704,2026-01-01,2026-06-21,0
MANHUMIRIM,MG,EMR,0.81704,2026-01-01,2026-06-21,0
CHUVISCA,RS,CEEE-D,0.822,2026-01-01,2026-11-21,0
"SAO JOAO NEPOMUCENO",MG,EMR,0.81704,2026-01-01,2026-06-21,0
"NOVO HORIZONTE",SP,CNEE,,,,1
"DONA FRANCISCA",RS,UHENPAL,0.73436,2026-01-01,2026-07-21,0
IBIACA,RS,MUXENERGIA,0.7018,2026-01-01,2026-07-21,1
TAPEJARA,RS,MUXENERGIA,0.7018,2026-01-01,2026-07-21,1
CARMO,RJ,"ENEL RJ",1.0611,2026-03-15,2027-03-14,1
SUMIDOURO,RJ,"ENEL RJ",1.0611,2026-03-15,2027-03-14,1
RODEIRO,MG,EMR,0.81704,2026-01-01,2026-06-21,0
LUISBURGO,MG,EMR,0.81704,2026-01-01,2026-06-21,0
BANABUIU,CE,"ENEL CE",0.74977,2026-04-22,2027-04-21,0
"AGUAS DE SANTA BARBARA",SP,"CPFL SANTA CRUZ",0.81258,2026-04-22,2027-04-21,0
ARANDU,SP,"CPFL SANTA CRUZ",0.81258,2026-04-22,2027-04-21,1
AVARE,SP,"CPFL SANTA CRUZ",0.81258,2026-04-22,2027-04-21,1
"BARRA DO JACARE",PR,"CPFL SANTA CRUZ",0.81258,2026-04-22,2027-04-21,1
"BERNARDINO DE CAMPOS",SP,"CPFL SANTA CRUZ",0.81258,2026-04-22,2027-04-21,0
CANITAR,SP,"CPFL SANTA CRUZ",0.81258,2026-04-22,2027-04-21,0
"CERQUEIRA CESAR",SP,"CPFL SANTA CRUZ",0.81258,2026-04-22,2027-04-21,0
CHAVANTES,SP,"CPFL SANTA CRUZ",0.81258,2026-04-22,2027-04-21,0
"ESPIRITO SANTO DO TURVO",SP,"CPFL SANTA CRUZ",0.81258,2026-04-22,2027-04-21,0
IARAS,SP,"CPFL SANTA CRUZ",0.81258,2026-04-22,2027-04-21,0
IPAUSSU,SP,"CPFL SANTA CRUZ",0.81258,2026-04-22,2027-04-21,0
ITAI,SP,"CPFL SANTA CRUZ",0.81258,2026-04-22,2027-04-21,1
JACAREZINHO,PR,"CPFL SANTA CRUZ",0.81258,2026-04-22,2027-04-21,0
MANDURI,SP,"CPFL SANTA CRUZ",0.81258,2026-04-22,2027-04-21,0
OLEO,SP,"CPFL SANTA CRUZ",0.81258,2026-04-22,2027-04-21,0
OURINHOS,SP,"CPFL SANTA CRUZ",0.81258,2026-04-22,2027-04-21,0
PARANAPANEMA,SP,"CPFL SANTA CRUZ",0.81258,2026-04-22,2027-04-21,1
PIRAJU,SP,"CPFL SANTA CRUZ",0.81258,2026-04-22,2027-04-21,0
"RIBEIRAO CLARO",PR,"CPFL SANTA CRUZ",0.81258,2026-04-22,2027-04-21,0
"SANTA CRUZ DO RIO PARDO",SP,"CPFL SANTA CRUZ",0.81258,2026-04-22,2027-04-21,0
"SAO PEDRO DO TURVO",SP,"CPFL SANTA CRUZ",0.81258,2026-04-22,2027-04-21,0
SARUTAIA,SP,"CPFL SANTA CRUZ",0.81258,2026-04-22,2027-04-21,0
TAGUAI,SP,"CPFL SANTA CRUZ",0.81258,2026-04-22,2027-04-21,0
TAQUARITUBA,SP,"CPFL SANTA CRUZ",0.81258,2026-04-22,2027-04-21,1
TEJUPA,SP,"CPFL SANTA CRUZ",0.81258,2026-04-22,2027-04-21,0
TIMBURI,SP,"CPFL SANTA CRUZ",0.81258,2026-04-22,2027-04-21,0
UBIRAJARA,SP,"CPFL SANTA CRUZ",0.81258,2026-04-22,2027-04-21,0
URUSSANGA,SC,EFLUL,0.65095,2026-01-01,2026-08-28,1
GUARATUBA,PR,COPEL-DIS,0.64242,2026-01-01,2026-06-23,0
MATINHOS,PR,COPEL-DIS,0.64242,2026-01-01,2026-06-23,0
PIRAQUARA,PR,COPEL-DIS,0.64242,2026-01-01,2026-06-23,0
"CAMPINA DO SIMAO",PR,COPEL-DIS,0.64242,2026-01-01,2026-06-23,0
LARANJAL,PR,COPEL-DIS,0.64242,2026-01-01,2026-06-23,0
PALMITAL,PR,COPEL-DIS,0.64242,2026-01-01,2026-06-23,0
PITANGA,PR,COPEL-DIS,0.64242,2026-01-01,2026-06-23,0
"SANTA MARIA DO OESTE",PR,COPEL-DIS,0.64242,2026-01-01,2026-06-23,0
ITAPERUCU,PR,COPEL-DIS,0.64242,2026-01-01,2026-06-23,0
"RIO BRANCO DO SUL",PR,COPEL-DIS,0.64242,2026-01-01,2026-06-23,0
SARANDI,PR,COPEL-DIS,0.64242,2026-01-01,2026-06-23,1
"BELO HORIZONTE",MG,CEMIG-D,0.90329,2026-05-28,2027-05-27,0
"CRUZEIRO DO SUL",AC,EAC,0.87381,2026-01-01,2026-12-12,0
CONDE,BA,COELBA,0.87773,2026-04-22,2027-04-21,0
AFRANIO,PE,"NEOENERGIA PE",0.79886,2026-04-29,2027-04-28,0
DORMENTES,PE,"NEOENERGIA PE",0.79886,2026-04-29,2027-04-28,0
"LAGOA GRANDE",PE,"NEOENERGIA PE",0.79886,2026-04-29,2027-04-28,0
OROCO,PE,"NEOENERGIA PE",0.79886,2026-04-29,2027-04-28,0
"SANTA MARIA DA BOA VISTA",PE,"NEOENERGIA PE",0.79886,2026-04-29,2027-04-28,0
BODOCO,PE,"NEOENERGIA PE",0.79886,2026-04-29,2027-04-28,0
EXU,PE,"NEOENERGIA PE",0.79886,2026-04-29,2027-04-28,0
OURICURI,PE,"NEOENERGIA PE",0.79886,2026-04-29,2027-04-28,0
TRINDADE,PE,"NEOENERGIA PE",0.79886,2026-04-29,2027-04-28,0
GRANITO,PE,"NEOENERGIA PE",0.79886,2026-04-29,2027-04-28,0
PARNAMIRIM,PE,"NEOENERGIA PE",0.79886,2026-04-29,2027-04-28,0
MOREILANDIA,PE,"NEOENERGIA PE",0.79886,2026-04-29,2027-04-28,0
ARARIPINA,PE,"NEOENERGIA PE",0.79886,2026-04-29,2027-04-28,0
IPUBI,PE,"NEOENERGIA PE",0.79886,2026-04-29,2027-04-28,0
"BETANIA DO PIAUI",PI,"EQUATORIAL PI",0.94669,2026-01-01,2026-12-01,1
"SANTA CRUZ",PE,"NEOENERGIA PE",0.79886,2026-04-29,2027-04-28,0
"SANTA FILOMENA",PE,"NEOENERGIA PE",0.79886,2026-04-29,2027-04-28,0
"SERRA BRANCA",PB,EPB,0.67565,2026-01-01,2026-08-27,1
"AFOGADOS DA INGAZEIRA",PE,"NEOENERGIA PE",0.79886,2026-04-29,2027-04-28,0
CARNAIBA,PE,"NEOENERGIA PE",0.79886,2026-04-29,2027-04-28,0
IGUARACI,PE,"NEOENERGIA PE",0.79886,2026-04-29,2027-04-28,0
QUIXABA,PE,"NEOENERGIA PE",0.79886,2026-04-29,2027-04-28,0
INGAZEIRA,PE,"NEOENERGIA PE",0.79886,2026-04-29,2027-04-28,0
SOLIDAO,PE,"NEOENERGIA PE",0.79886,2026-04-29,2027-04-28,0
"BELEM DO SAO FRANCISCO",PE,"NEOENERGIA PE",0.79886,2026-04-29,2027-04-28,0
FLORESTA,PE,"NEOENERGIA PE",0.79886,2026-04-29,2027-04-28,0
CABROBO,PE,"NEOENERGIA PE",0.79886,2026-04-29,2027-04-28,0
ITACURUBA,PE,"NEOENERGIA PE",0.79886,2026-04-29,2027-04-28,0
JATOBA,PE,"NEOENERGIA PE",0.79886,2026-04-29,2027-04-28,0
PETROLANDIA,PE,"NEOENERGIA PE",0.79886,2026-04-29,2027-04-28,0
TACARATU,PE,"NEOENERGIA PE",0.79886,2026-04-29,2027-04-28,0
CEDRO,PE,"NEOENERGIA PE",0.79886,2026-04-29,2027-04-28,0
MIRANDIBA,PE,"NEOENERGIA PE",0.79886,2026-04-29,2027-04-28,0
SALGUEIRO,PE,"NEOENERGIA PE",0.79886,2026-04-29,2027-04-28,0
SERRITA,PE,"NEOENERGIA PE",0.79886,2026-04-29,2027-04-28,0
"TERRA NOVA",PE,"NEOENERGIA PE",0.79886,2026-04-29,2027-04-28,0
VERDEJANTE,PE,"NEOENERGIA PE",0.79886,2026-04-29,2027-04-28,0
BREJINHO,PE,"NEOENERGIA PE",0.79886,2026-04-29,2027-04-28,0
ITAPETIM,PE,"NEOENERGIA PE",0.79886,2026-04-29,2027-04-28,0
"SANTA TEREZINHA",PE,"NEOENERGIA PE",0.79886,2026-04-29,2027-04-28,0
IMACULADA,PB,EPB,0.67565,2026-01-01,2026-08-27,1
"SAO JOSE DO EGITO",PE,"NEOENERGIA PE",0.79886,2026-04-29,2027-04-28,0
TUPARETAMA,PE,"NEOENERGIA PE",0.79886,2026-04-29,2027-04-28,0
BETANIA,PE,"NEOENERGIA PE",0.79886,2026-04-29,2027-04-28,0
CALUMBI,PE,"NEOENERGIA PE",0.79886,2026-04-29,2027-04-28,0
CUSTODIA,PE,"NEOENERGIA PE",0.79886,2026-04-29,2027-04-28,0
"SAO JOSE DO BELMONTE",PE,"NEOENERGIA PE",0.79886,2026-04-29,2027-04-28,0
"SANTA CRUZ DA BAIXA VERDE",PE,"NEOENERGIA PE",0.79886,2026-04-29,2027-04-28,0
"SERRA TALHADA",PE,"NEOENERGIA PE",0.79886,2026-04-29,2027-04-28,0
TRIUNFO,PE,"NEOENERGIA PE",0.79886,2026-04-29,2027-04-28,0
CARUARU,PE,"NEOENERGIA PE",0.79886,2026-04-29,2027-04-28,0
"RIACHO DAS ALMAS",PE,"NEOENERGIA PE",0.79886,2026-04-29,2027-04-28,0
"SAO CAITANO",PE,"NEOENERGIA PE",0.79886,2026-04-29,2027-04-28,0
ALTINHO,PE,"NEOENERGIA PE",0.79886,2026-04-29,2027-04-28,0
AGRESTINA,PE,"NEOENERGIA PE",0.79886,2026-04-29,2027-04-28,0
BEZERROS,PE,"NEOENERGIA PE",0.79886,2026-04-29,2027-04-28,0
"CAMOCIM DE SAO FELIX",PE,"NEOENERGIA PE",0.79886,2026-04-29,2027-04-28,0
"SAO JOAQUIM DO MONTE",PE,"NEOENERGIA PE",0.79886,2026-04-29,2027-04-28,0
"BARRA DE GUABIRABA",PE,"NEOENERGIA PE",0.79886,2026-04-29,2027-04-28,0
BONITO,PE,"NEOENERGIA PE",0.79886,2026-04-29,2027-04-28,0
SAIRE,PE,"NEOENERGIA PE",0.79886,2026-04-29,2027-04-28,0
"FREI MIGUELINHO",PE,"NEOENERGIA PE",0.79886,2026-04-29,2027-04-28,0
"SANTA CRUZ DO CAPIBARIBE",PE,"NEOENERGIA PE",0.79886,2026-04-29,2027-04-28,0
"SANTA MARIA DO CAMBUCA",PE,"NEOENERGIA PE",0.79886,2026-04-29,2027-04-28,0
"TAQUARITINGA DO NORTE",PE,"NEOENERGIA PE",0.79886,2026-04-29,2027-04-28,0
TORITAMA,PE,"NEOENERGIA PE",0.79886,2026-04-29,2027-04-28,0
VERTENTES,PE,"NEOENERGIA PE",0.79886,2026-04-29,2027-04-28,0
"BREJO DA MADRE DE DEUS",PE,"NEOENERGIA PE",0.79886,2026-04-29,2027-04-28,0
JATAUBA,PE,"NEOENERGIA PE",0.79886,2026-04-29,2027-04-28,0
ALIANCA,PE,"NEOENERGIA PE",0.79886,2026-04-29,2027-04-28,0
"SAO VICENTE FERRER",PE,"NEOENERGIA PE",0.79886,2026-04-29,2027-04-28,0
FERREIROS,PE,"NEOENERGIA PE",0.79886,2026-04-29,2027-04-28,0
TIMBAUBA,PE,"NEOENERGIA PE",0.79886,2026-04-29,2027-04-28,0
CAMUTANGA,PE,"NEOENERGIA PE",0.79886,2026-04-29,2027-04-28,0
MACAPARANA,PE,"NEOENERGIA PE",0.79886,2026-04-29,2027-04-28,0
VICENCIA,PE,"NEOENERGIA PE",0.79886,2026-04-29,2027-04-28,0
JUREMA,PE,"NEOENERGIA PE",0.79886,2026-04-29,2027-04-28,0
CAETES,PE,"NEOENERGIA PE",0.79886,2026-04-29,2027-04-28,0
CAPOEIRAS,PE,"NEOENERGIA PE",0.79886,2026-04-29,2027-04-28,0
VENTUROSA,PE,"NEOENERGIA PE",0.79886,2026-04-29,2027-04-28,0
PEDRA,PE,"NEOENERGIA PE",0.79886,2026-04-29,2027-04-28,0
INAJA,PE,"NEOENERGIA PE",0.79886,2026-04-29,2027-04-28,0
IATI,PE,"NEOENERGIA PE",0.79886,2026-04-29,2027-04-28,0
"CHA GRANDE",PE,"NEOENERGIA PE",0.79886,2026-04-29,2027-04-28,0
GRAVATA,PE,"NEOENERGIA PE",0.79886,2026-04-29,2027-04-28,0
"AGUA PRETA",PE,"NEOENERGIA PE",0.79886,2026-04-29,2027-04-28,0
"BELEM DE MARIA",PE,"NEOENERGIA PE",0.79886,2026-04-29,2027-04-28,0
CATENDE,PE,"NEOENERGIA PE",0.79886,2026-04-29,2027-04-28,0
JAQUEIRA,PE,"NEOENERGIA PE",0.79886,2026-04-29,2027-04-28,0
"JOAQUIM NABUCO",PE,"NEOENERGIA PE",0.79886,2026-04-29,2027-04-28,0
"LAGOA DOS GATOS",PE,"NEOENERGIA PE",0.79886,2026-04-29,2027-04-28,0
MARAIAL,PE,"NEOENERGIA PE",0.79886,2026-04-29,2027-04-28,0
PALMARES,PE,"NEOENERGIA PE",0.79886,2026-04-29,2027-04-28,0
POMBOS,PE,"NEOENERGIA PE",0.79886,2026-04-29,2027-04-28,0
"VITORIA DE SANTO ANTAO",PE,"NEOENERGIA PE",0.79886,2026-04-29,2027-04-28,0
RIBEIRAO,PE,"NEOENERGIA PE",0.79886,2026-04-29,2027-04-28,0
GOIANA,PE,"NEOENERGIA PE",0.79886,2026-04-29,2027-04-28,0
ITAQUITINGA,PE,"NEOENERGIA PE",0.79886,2026-04-29,2027-04-28,0
ITAMBE,PE,"NEOENERGIA PE",0.79886,2026-04-29,2027-04-28,0
OLINDA,PE,"NEOENERGIA PE",0.79886,2026-04-29,2027-04-28,0
PAULISTA,PE,"NEOENERGIA PE",0.79886,2026-04-29,2027-04-28,0
CAMARAGIBE,PE,"NEOENERGIA PE",0.79886,2026-04-29,2027-04-28,0
"CHA DE ALEGRIA",PE,"NEOENERGIA PE",0.79886,2026-04-29,2027-04-28,0
"SAO LOURENCO DA MATA",PE,"NEOENERGIA PE",0.79886,2026-04-29,2027-04-28,0
RECIFE,PE,"NEOENERGIA PE",0.79886,2026-04-29,2027-04-28,0
IGARASSU,PE,"NEOENERGIA PE",0.79886,2026-04-29,2027-04-28,0
ITAPISSUMA,PE,"NEOENERGIA PE",0.79886,2026-04-29,2027-04-28,0
"ILHA DE ITAMARACA",PE,"NEOENERGIA PE",0.79886,2026-04-29,2027-04-28,0
"ABREU E LIMA",PE,"NEOENERGIA PE",0.79886,2026-04-29,2027-04-28,0
ARACOIABA,PE,"NEOENERGIA PE",0.79886,2026-04-29,2027-04-28,0
"CABO DE SANTO AGOSTINHO",PE,"NEOENERGIA PE",0.79886,2026-04-29,2027-04-28,0
ESCADA,PE,"NEOENERGIA PE",0.79886,2026-04-29,2027-04-28,0
"JABOATAO DOS GUARARAPES",PE,"NEOENERGIA PE",0.79886,2026-04-29,2027-04-28,0
MORENO,PE,"NEOENERGIA PE",0.79886,2026-04-29,2027-04-28,0
PRIMAVERA,PE,"NEOENERGIA PE",0.79886,2026-04-29,2027-04-28,0
IPOJUCA,PE,"NEOENERGIA PE",0.79886,2026-04-29,2027-04-28,0
BARREIROS,PE,"NEOENERGIA PE",0.79886,2026-04-29,2027-04-28,0
"SAO JOSE DA COROA GRANDE",PE,"NEOENERGIA PE",0.79886,2026-04-29,2027-04-28,0
TAMANDARE,PE,"NEOENERGIA PE",0.79886,2026-04-29,2027-04-28,0
SIRINHAEM,PE,"NEOENERGIA PE",0.79886,2026-04-29,2027-04-28,0
"RIO FORMOSO",PE,"NEOENERGIA PE",0.79886,2026-04-29,2027-04-28,0
COLARES,PA,"EQUATORIAL PA",0.9783,2026-01-01,2026-08-06,0
CURUCA,PA,"EQUATORIAL PA",0.9783,2026-01-01,2026-08-06,0
MARAPANIM,PA,"EQUATORIAL PA",0.9783,2026-01-01,2026-08-06,0
"SAO CAETANO DE ODIVELAS",PA,"EQUATORIAL PA",0.9783,2026-01-01,2026-08-06,0
"SAO JOAO DA PONTA",PA,"EQUATORIAL PA",0.9783,2026-01-01,2026-08-06,0
"TERRA ALTA",PA,"EQUATORIAL PA",0.9783,2026-01-01,2026-08-06,0
VIGIA,PA,"EQUATORIAL PA",0.9783,2026-01-01,2026-08-06,0
BACABAL,MA,"EQUATORIAL MA",0.84318,2026-01-01,2026-08-27,0
TIMON,MA,"EQUATORIAL MA",0.84318,2026-01-01,2026-08-27,0
BARROLANDIA,TO,ETO,0.93022,2026-01-01,2026-07-03,0
DIANOPOLIS,TO,ETO,0.93022,2026-01-01,2026-07-03,0
DUERE,TO,ETO,0.93022,2026-01-01,2026-07-03,0
FIGUEIROPOLIS,TO,ETO,0.93022,2026-01-01,2026-07-03,0
"ITAPORA DO TOCANTINS",TO,ETO,0.93022,2026-01-01,2026-07-03,0
"LAGOA DA CONFUSAO",TO,ETO,0.93022,2026-01-01,2026-07-03,0
"MIRACEMA DO TOCANTINS",TO,ETO,0.93022,2026-01-01,2026-07-03,0
MIRANORTE,TO,ETO,0.93022,2026-01-01,2026-07-03,0
"MONTE DO CARMO",TO,ETO,0.93022,2026-01-01,2026-07-03,0
"NOVA OLINDA",TO,ETO,0.93022,2026-01-01,2026-07-03,0
PALMAS,TO,ETO,0.93022,2026-01-01,2026-07-03,0
"AGUAS BELAS",PE,"NEOENERGIA PE",0.79886,2026-04-29,2027-04-28,0
ITAIBA,PE,"NEOENERGIA PE",0.79886,2026-04-29,2027-04-28,0
MANARI,PE,"NEOENERGIA PE",0.79886,2026-04-29,2027-04-28,0
"BOM CONSELHO",PE,"NEOENERGIA PE",0.79886,2026-04-29,2027-04-28,0
BUIQUE,PE,"NEOENERGIA PE",0.79886,2026-04-29,2027-04-28,0
TUPANATINGA,PE,"NEOENERGIA PE",0.79886,2026-04-29,2027-04-28,0
PARANATAMA,PE,"NEOENERGIA PE",0.79886,2026-04-29,2027-04-28,0
BREJAO,PE,"NEOENERGIA PE",0.79886,2026-04-29,2027-04-28,0
TEREZINHA,PE,"NEOENERGIA PE",0.79886,2026-04-29,2027-04-28,0
BREVES,PA,"EQUATORIAL PA",0.9783,2026-01-01,2026-08-06,0
TAILANDIA,PA,"EQUATORIAL PA",0.9783,2026-01-01,2026-08-06,0
"CARNAUBEIRA DA PENHA",PE,"NEOENERGIA PE",0.79886,2026-04-29,2027-04-28,0
"LAGOA DO OURO",PE,"NEOENERGIA PE",0.79886,2026-04-29,2027-04-28,0
IBIRAJUBA,PE,"NEOENERGIA PE",0.79886,2026-04-29,2027-04-28,0
SALOA,PE,"NEOENERGIA PE",0.79886,2026-04-29,2027-04-28,0
"BUENOS AIRES",PE,"NEOENERGIA PE",0.79886,2026-04-29,2027-04-28,0
JUCATI,PE,"NEOENERGIA PE",0.79886,2026-04-29,2027-04-28,0
CALCADO,PE,"NEOENERGIA PE",0.79886,2026-04-29,2027-04-28,0
XEXEU,PE,"NEOENERGIA PE",0.79886,2026-04-29,2027-04-28,0
"LAGOA DO CARRO",PE,"NEOENERGIA PE",0.79886,2026-04-29,2027-04-28,0
TRACUNHAEM,PE,"NEOENERGIA PE",0.79886,2026-04-29,2027-04-28,0
JUPI,PE,"NEOENERGIA PE",0.79886,2026-04-29,2027-04-28,0
ALAGOINHA,PE,"NEOENERGIA PE",0.79886,2026-04-29,2027-04-28,0
CORTES,PE,"NEOENERGIA PE",0.79886,2026-04-29,2027-04-28,0
POCAO,PE,"NEOENERGIA PE",0.79886,2026-04-29,2027-04-28,0
AMARAJI,PE,"NEOENERGIA PE",0.79886,2026-04-29,2027-04-28,0
"LAGOA DO ITAENGA",PE,"NEOENERGIA PE",0.79886,2026-04-29,2027-04-28,0
GAMELEIRA,PE,"NEOENERGIA PE",0.79886,2026-04-29,2027-04-28,0
IBIMIRIM,PE,"NEOENERGIA PE",0.79886,2026-04-29,2027-04-28,0
CACHOEIRINHA,PE,"NEOENERGIA PE",0.79886,2026-04-29,2027-04-28,0
SERTANIA,PE,"NEOENERGIA PE",0.79886,2026-04-29,2027-04-28,0
PAUDALHO,PE,"NEOENERGIA PE",0.79886,2026-04-29,2027-04-28,0
"SAO BENTO DO UNA",PE,"NEOENERGIA PE",0.79886,2026-04-29,2027-04-28,0
"NAZARE DA MATA",PE,"NEOENERGIA PE",0.79886,2026-04-29,2027-04-28,0
LAJEDO,PE,"NEOENERGIA PE",0.79886,2026-04-29,2027-04-28,0
SANTANA,AP,CEA,0.82515,2026-01-01,2026-12-12,0
ALENQUER,PA,"EQUATORIAL PA",0.9783,2026-01-01,2026-08-06,0
SANTAREM,PA,"EQUATORIAL PA",0.9783,2026-01-01,2026-08-06,0
"AUGUSTO CORREA",PA,"EQUATORIAL PA",0.9783,2026-01-01,2026-08-06,0
"AURORA DO PARA",PA,"EQUATORIAL PA",0.9783,2026-01-01,2026-08-06,0
BELTERRA,PA,"EQUATORIAL PA",0.9783,2026-01-01,2026-08-06,0
INHANGAPI,PA,"EQUATORIAL PA",0.9783,2026-01-01,2026-08-06,0
"IPIXUNA DO PARA",PA,"EQUATORIAL PA",0.9783,2026-01-01,2026-08-06,0
JURUTI,PA,"EQUATORIAL PA",0.9783,2026-01-01,2026-08-06,0
MOCAJUBA,PA,"EQUATORIAL PA",0.9783,2026-01-01,2026-08-06,0
PORTEL,PA,"EQUATORIAL PA",0.9783,2026-01-01,2026-08-06,0
QUATIPURU,PA,"EQUATORIAL PA",0.9783,2026-01-01,2026-08-06,0
"SAO FRANCISCO DO PARA",PA,"EQUATORIAL PA",0.9783,2026-01-01,2026-08-06,0
SOURE,PA,"EQUATORIAL PA",0.9783,2026-01-01,2026-08-06,0
TRACUATEUA,PA,"EQUATORIAL PA",0.9783,2026-01-01,2026-08-06,0
ARAPONGA,MG,EMR,0.81704,2026-01-01,2026-06-21,0
CANAA,MG,EMR,0.81704,2026-01-01,2026-06-21,0
ANGELIM,PE,"NEOENERGIA PE",0.79886,2026-04-29,2027-04-28,0
"BOM JARDIM",PE,"NEOENERGIA PE",0.79886,2026-04-29,2027-04-28,0
CANHOTINHO,PE,"NEOENERGIA PE",0.79886,2026-04-29,2027-04-28,0
CARPINA,PE,"NEOENERGIA PE",0.79886,2026-04-29,2027-04-28,0
CASINHAS,PE,"NEOENERGIA PE",0.79886,2026-04-29,2027-04-28,0
CORRENTES,PE,"NEOENERGIA PE",0.79886,2026-04-29,2027-04-28,0
CUMARU,PE,"NEOENERGIA PE",0.79886,2026-04-29,2027-04-28,0
"FEIRA NOVA",PE,"NEOENERGIA PE",0.79886,2026-04-29,2027-04-28,0
"GLORIA DO GOITA",PE,"NEOENERGIA PE",0.79886,2026-04-29,2027-04-28,0
"JOAO ALFREDO",PE,"NEOENERGIA PE",0.79886,2026-04-29,2027-04-28,0
LIMOEIRO,PE,"NEOENERGIA PE",0.79886,2026-04-29,2027-04-28,0
MACHADOS,PE,"NEOENERGIA PE",0.79886,2026-04-29,2027-04-28,0
PALMEIRINA,PE,"NEOENERGIA PE",0.79886,2026-04-29,2027-04-28,0
PASSIRA,PE,"NEOENERGIA PE",0.79886,2026-04-29,2027-04-28,0
PESQUEIRA,PE,"NEOENERGIA PE",0.79886,2026-04-29,2027-04-28,0
QUIPAPA,PE,"NEOENERGIA PE",0.79886,2026-04-29,2027-04-28,0
SALGADINHO,PE,"NEOENERGIA PE",0.79886,2026-04-29,2027-04-28,0
"SAO BENEDITO DO SUL",PE,"NEOENERGIA PE",0.79886,2026-04-29,2027-04-28,0
"SAO JOAO",PE,"NEOENERGIA PE",0.79886,2026-04-29,2027-04-28,0
SURUBIM,PE,"NEOENERGIA PE",0.79886,2026-04-29,2027-04-28,0
"VERTENTE DO LERIO",PE,"NEOENERGIA PE",0.79886,2026-04-29,2027-04-28,0
"BELO JARDIM",PE,"NEOENERGIA PE",0.79886,2026-04-29,2027-04-28,0
OROBO,PE,"NEOENERGIA PE",0.79886,2026-04-29,2027-04-28,0
PANELAS,PE,"NEOENERGIA PE",0.79886,2026-04-29,2027-04-28,0
SANHARO,PE,"NEOENERGIA PE",0.79886,2026-04-29,2027-04-28,0
TACAIMBO,PE,"NEOENERGIA PE",0.79886,2026-04-29,2027-04-28,0
CUPIRA,PE,"NEOENERGIA PE",0.79886,2026-04-29,2027-04-28,0
ALMEIRIM,PA,"EQUATORIAL PA",0.9783,2026-01-01,2026-08-06,0
FARO,PA,"EQUATORIAL PA",0.9783,2026-01-01,2026-08-06,0
"LIMOEIRO DO AJURU",PA,"EQUATORIAL PA",0.9783,2026-01-01,2026-08-06,0
OBIDOS,PA,"EQUATORIAL PA",0.9783,2026-01-01,2026-08-06,0
ORIXIMINA,PA,"EQUATORIAL PA",0.9783,2026-01-01,2026-08-06,0
"PONTA DE PEDRAS",PA,"EQUATORIAL PA",0.9783,2026-01-01,2026-08-06,0
"PORTO DE MOZ",PA,"EQUATORIAL PA",0.9783,2026-01-01,2026-08-06,0
PRAINHA,PA,"EQUATORIAL PA",0.9783,2026-01-01,2026-08-06,0
"SENADOR JOSE PORFIRIO",PA,"EQUATORIAL PA",0.9783,2026-01-01,2026-08-06,0
"TERRA SANTA",PA,"EQUATORIAL PA",0.9783,2026-01-01,2026-08-06,0
TRAIRAO,PA,"EQUATORIAL PA",0.9783,2026-01-01,2026-08-06,0
"CAMPINA GRANDE",PB,EBO,,,,1
QUEIMADAS,PB,EBO,,,,1
"LAGOA SECA",PB,EBO,,,,1
FAGUNDES,PB,EBO,,,,1
MASSARANDUBA,PB,EBO,,,,1
"BOA VISTA",PB,EBO,,,,1
URUARA,PA,"EQUATORIAL PA",0.9783,2026-01-01,2026-08-06,0
MEDICILANDIA,PA,"EQUATORIAL PA",0.9783,2026-01-01,2026-08-06,0
ANAPU,PA,"EQUATORIAL PA",0.9783,2026-01-01,2026-08-06,0
MUANA,PA,"EQUATORIAL PA",0.9783,2026-01-01,2026-08-06,0
GURUPA,PA,"EQUATORIAL PA",0.9783,2026-01-01,2026-08-06,0
CURRALINHO,PA,"EQUATORIAL PA",0.9783,2026-01-01,2026-08-06,0
AVEIRO,PA,"EQUATORIAL PA",0.9783,2026-01-01,2026-08-06,0
AFUA,PA,"EQUATORIAL PA",0.9783,2026-01-01,2026-08-06,0
CHAVES,PA,"EQUATORIAL PA",0.9783,2026-01-01,2026-08-06,0
VISEU,PA,"EQUATORIAL PA",0.9783,2026-01-01,2026-08-06,0
"NOVA ESPERANCA DO PIRIA",PA,"EQUATORIAL PA",0.9783,2026-01-01,2026-08-06,0
CURUA,PA,"EQUATORIAL PA",0.9783,2026-01-01,2026-08-06,0
"NOVO PROGRESSO",PA,"EQUATORIAL PA",0.9783,2026-01-01,2026-08-06,0
JACAREACANGA,PA,"EQUATORIAL PA",0.9783,2026-01-01,2026-08-06,0
PLACAS,PA,"EQUATORIAL PA",0.9783,2026-01-01,2026-08-06,0
BAGRE,PA,"EQUATORIAL PA",0.9783,2026-01-01,2026-08-06,0
"OEIRAS DO PARA",PA,"EQUATORIAL PA",0.9783,2026-01-01,2026-08-06,0
"SAO SEBASTIAO DA BOA VISTA",PA,"EQUATORIAL PA",0.9783,2026-01-01,2026-08-06,0
MELGACO,PA,"EQUATORIAL PA",0.9783,2026-01-01,2026-08-06,0
RUROPOLIS,PA,"EQUATORIAL PA",0.9783,2026-01-01,2026-08-06,0
"CACHOEIRA DO ARARI",PA,"EQUATORIAL PA",0.9783,2026-01-01,2026-08-06,0
ANAJAS,PA,"EQUATORIAL PA",0.9783,2026-01-01,2026-08-06,0
"SANTA CRUZ DO ARARI",PA,"EQUATORIAL PA",0.9783,2026-01-01,2026-08-06,0
VIEIRAS,MG,EMR,0.81704,2026-01-01,2026-06-21,0
"ROCHEDO DE MINAS",MG,EMR,0.81704,2026-01-01,2026-06-21,0
"BARAO DE MONTE ALTO",MG,EMR,0.81704,2026-01-01,2026-06-21,0
"PATROCINIO DO MURIAE",MG,EMR,0.81704,2026-01-01,2026-06-21,0
"SANTANA DE CATAGUASES",MG,EMR,0.81704,2026-01-01,2026-06-21,0
"SENADOR FIRMINO",MG,EMR,0.81704,2026-01-01,2026-06-21,0
"ANTONIO PRADO DE MINAS",MG,EMR,0.81704,2026-01-01,2026-06-21,0
DIVINESIA,MG,EMR,0.81704,2026-01-01,2026-06-21,0
EUGENOPOLIS,MG,EMR,0.81704,2026-01-01,2026-06-21,0
"PEDRA DOURADA",MG,EMR,0.81704,2026-01-01,2026-06-21,0
ALCINOPOLIS,MS,EMS,0.9866,2026-04-22,2027-04-21,0
"AGUA CLARA",MS,EMS,0.9866,2026-04-22,2027-04-21,0
AMAMBAI,MS,EMS,0.9866,2026-04-22,2027-04-21,0
ANGELICA,MS,EMS,0.9866,2026-04-22,2027-04-21,0
"ANTONIO JOAO",MS,EMS,0.9866,2026-04-22,2027-04-21,0
"APARECIDA DO TABOADO",MS,EMS,0.9866,2026-04-22,2027-04-21,0
BANDEIRANTES,MS,EMS,0.9866,2026-04-22,2027-04-21,0
BATAGUASSU,MS,EMS,0.9866,2026-04-22,2027-04-21,0
"BELA VISTA",MS,EMS,0.9866,2026-04-22,2027-04-21,0
BONITO,MS,EMS,0.9866,2026-04-22,2027-04-21,0
CAARAPO,MS,EMS,0.9866,2026-04-22,2027-04-21,0
CAMAPUA,MS,EMS,0.9866,2026-04-22,2027-04-21,0
"CAMPO GRANDE",MS,EMS,0.9866,2026-04-22,2027-04-21,0
CASSILANDIA,MS,EMS,0.9866,2026-04-22,2027-04-21,0
"CHAPADAO DO SUL",MS,EMS,0.9866,2026-04-22,2027-04-21,0
CORGUINHO,MS,EMS,0.9866,2026-04-22,2027-04-21,0
"CORONEL SAPUCAIA",MS,EMS,0.9866,2026-04-22,2027-04-21,0
CORUMBA,MS,EMS,0.9866,2026-04-22,2027-04-21,0
"COSTA RICA",MS,EMS,0.9866,2026-04-22,2027-04-21,0
COXIM,MS,EMS,0.9866,2026-04-22,2027-04-21,0
CAETE,MG,CEMIG-D,0.90329,2026-05-28,2027-05-27,0
SABARA,MG,CEMIG-D,0.90329,2026-05-28,2027-05-27,0
"SANTA LUZIA",MG,CEMIG-D,0.90329,2026-05-28,2027-05-27,0
GUARAPUAVA,PR,COPEL-DIS,0.64242,2026-01-01,2026-06-23,1
"CARMO DO RIO VERDE",GO,CHESP,0.81975,2026-01-01,2026-11-21,1
CERES,GO,CHESP,0.81975,2026-01-01,2026-11-21,1
RIALMA,GO,CHESP,0.81975,2026-01-01,2026-11-21,1
JARAGUA,GO,"EQUATORIAL GO",0.89181,2026-01-01,2026-10-21,1
"NOVA GLORIA",GO,"EQUATORIAL GO",0.89181,2026-01-01,2026-10-21,1
RIANAPOLIS,GO,CHESP,0.81975,2026-01-01,2026-11-21,1
"SAO PATRICIO",GO,"EQUATORIAL GO",0.89181,2026-01-01,2026-10-21,1
URUANA,GO,CHESP,0.81975,2026-01-01,2026-11-21,1
"DOIS IRMAOS DO BURITI",MS,EMS,0.9866,2026-04-22,2027-04-21,0
ELDORADO,MS,EMS,0.9866,2026-04-22,2027-04-21,0
"NOVA LIMA",MG,CEMIG-D,0.90329,2026-05-28,2027-05-27,0
RAPOSOS,MG,CEMIG-D,0.90329,2026-05-28,2027-05-27,0
"RIO ACIMA",MG,CEMIG-D,0.90329,2026-05-28,2027-05-27,0
BETIM,MG,CEMIG-D,0.90329,2026-05-28,2027-05-27,0
BRUMADINHO,MG,CEMIG-D,0.90329,2026-05-28,2027-05-27,0
IBIRITE,MG,CEMIG-D,0.90329,2026-05-28,2027-05-27,0
IGARAPE,MG,CEMIG-D,0.90329,2026-05-28,2027-05-27,0
JUATUBA,MG,CEMIG-D,0.90329,2026-05-28,2027-05-27,0
"MARIO CAMPOS",MG,CEMIG-D,0.90329,2026-05-28,2027-05-27,0
"MATEUS LEME",MG,CEMIG-D,0.90329,2026-05-28,2027-05-27,0
"SAO JOAQUIM DE BICAS",MG,CEMIG-D,0.90329,2026-05-28,2027-05-27,0
SARZEDO,MG,CEMIG-D,0.90329,2026-05-28,2027-05-27,0
CONTAGEM,MG,CEMIG-D,0.90329,2026-05-28,2027-05-27,0
ESMERALDAS,MG,CEMIG-D,0.90329,2026-05-28,2027-05-27,0
"RIBEIRAO DAS NEVES",MG,CEMIG-D,0.90329,2026-05-28,2027-05-27,0
DOURADOS,MS,EMS,0.9866,2026-04-22,2027-04-21,0
"FATIMA DO SUL",MS,EMS,0.9866,2026-04-22,2027-04-21,0
IGUATEMI,MS,EMS,0.9866,2026-04-22,2027-04-21,0
INOCENCIA,MS,EMS,0.9866,2026-04-22,2027-04-21,0
ITAPORA,MS,EMS,0.9866,2026-04-22,2027-04-21,0
ITAQUIRAI,MS,EMS,0.9866,2026-04-22,2027-04-21,0
IVINHEMA,MS,EMS,0.9866,2026-04-22,2027-04-21,0
JARAGUARI,MS,EMS,0.9866,2026-04-22,2027-04-21,0
MARACAJU,MS,EMS,0.9866,2026-04-22,2027-04-21,0
MIRANDA,MS,EMS,0.9866,2026-04-22,2027-04-21,0
"MUNDO NOVO",MS,EMS,0.9866,2026-04-22,2027-04-21,0
NAVIRAI,MS,EMS,0.9866,2026-04-22,2027-04-21,0
NIOAQUE,MS,EMS,0.9866,2026-04-22,2027-04-21,0
"NOVA ANDRADINA",MS,EMS,0.9866,2026-04-22,2027-04-21,0
PARANAIBA,MS,EMS,0.9866,2026-04-22,2027-04-21,0
PARANHOS,MS,EMS,0.9866,2026-04-22,2027-04-21,0
"PEDRO GOMES",MS,EMS,0.9866,2026-04-22,2027-04-21,0
"PONTA PORA",MS,EMS,0.9866,2026-04-22,2027-04-21,0
"PORTO MURTINHO",MS,EMS,0.9866,2026-04-22,2027-04-21,0
"RIBAS DO RIO PARDO",MS,EMS,0.9866,2026-04-22,2027-04-21,0
"RIO BRILHANTE",MS,EMS,0.9866,2026-04-22,2027-04-21,0
"RIO NEGRO",MS,EMS,0.9866,2026-04-22,2027-04-21,0
"RIO VERDE DE MATO GROSSO",MS,EMS,0.9866,2026-04-22,2027-04-21,0
ROCHEDO,MS,EMS,0.9866,2026-04-22,2027-04-21,0
"SAO GABRIEL DO OESTE",MS,EMS,0.9866,2026-04-22,2027-04-21,0
"SETE QUEDAS",MS,EMS,0.9866,2026-04-22,2027-04-21,0
SIDROLANDIA,MS,EMS,0.9866,2026-04-22,2027-04-21,0
SONORA,MS,EMS,0.9866,2026-04-22,2027-04-21,0
TACURU,MS,EMS,0.9866,2026-04-22,2027-04-21,0
TERENOS,MS,EMS,0.9866,2026-04-22,2027-04-21,0
ACRELANDIA,AC,EAC,0.87381,2026-01-01,2026-12-12,0
"ASSIS BRASIL",AC,EAC,0.87381,2026-01-01,2026-12-12,0
BRASILEIA,AC,EAC,0.87381,2026-01-01,2026-12-12,0
CAPIXABA,AC,EAC,0.87381,2026-01-01,2026-12-12,0
FEIJO,AC,EAC,0.87381,2026-01-01,2026-12-12,0
JORDAO,AC,EAC,0.87381,2026-01-01,2026-12-12,0
"MANCIO LIMA",AC,EAC,0.87381,2026-01-01,2026-12-12,0
"MANOEL URBANO",AC,EAC,0.87381,2026-01-01,2026-12-12,0
"MARECHAL THAUMATURGO",AC,EAC,0.87381,2026-01-01,2026-12-12,0
"PORTO ACRE",AC,EAC,0.87381,2026-01-01,2026-12-12,0
"PORTO WALTER",AC,EAC,0.87381,2026-01-01,2026-12-12,0
"RODRIGUES ALVES",AC,EAC,0.87381,2026-01-01,2026-12-12,0
"SENA MADUREIRA",AC,EAC,0.87381,2026-01-01,2026-12-12,0
"SENADOR GUIOMARD",AC,EAC,0.87381,2026-01-01,2026-12-12,0
TARAUACA,AC,EAC,0.87381,2026-01-01,2026-12-12,0
"SANTA ROSA DO PURUS",AC,EAC,0.87381,2026-01-01,2026-12-12,0
XAPURI,AC,EAC,0.87381,2026-01-01,2026-12-12,0
CARAZINHO,RS,ELETROCAR,0.68472,2026-01-01,2026-07-21,1
"SANTO ANTONIO DO PLANALTO",RS,ELETROCAR,0.68472,2026-01-01,2026-07-21,1
CHAPADA,RS,ELETROCAR,0.68472,2026-01-01,2026-07-21,1
"COQUEIROS DO SUL",RS,ELETROCAR,0.68472,2026-01-01,2026-07-21,1
COLORADO,RS,ELETROCAR,0.68472,2026-01-01,2026-07-21,1
SELBACH,RS,RGE,0.8222,2026-01-01,2026-06-18,1
ARACAJU,SE,ESE,0.75461,2026-04-22,2027-04-21,0
"NOSSA SENHORA DO SOCORRO",SE,ESE,0.75461,2026-04-22,2027-04-21,0
"BARRA DOS COQUEIROS",SE,ESE,0.75461,2026-04-22,2027-04-21,0
NOVAIS,SP,CNEE,,,,1
TABAPUA,SP,CNEE,,,,1
CATIGUA,SP,CNEE,,,,0
ELISIARIO,SP,CNEE,,,,1
MARAPOAMA,SP,CNEE,,,,1
IRAPUA,SP,CNEE,,,,1
MENDONCA,SP,CNEE,,,,1
"NOVA ALIANCA",SP,CNEE,,,,1
ADOLFO,SP,CNEE,,,,1
SALES,SP,CNEE,,,,0
"BOA VISTA",RR,"BOA VISTA",0.78947,2026-01-25,2027-01-24,0
"PEDRA BRANCA DO AMAPARI",AP,CEA,0.82515,2026-01-01,2026-12-12,0
"PORTO GRANDE",AP,CEA,0.82515,2026-01-01,2026-12-12,0
AMAPA,AP,CEA,0.82515,2026-01-01,2026-12-12,0
CALCOENE,AP,CEA,0.82515,2026-01-01,2026-12-12,0
"FERREIRA GOMES",AP,CEA,0.82515,2026-01-01,2026-12-12,0
ITAUBAL,AP,CEA,0.82515,2026-01-01,2026-12-12,0
"LARANJAL DO JARI",AP,CEA,0.82515,2026-01-01,2026-12-12,0
MAZAGAO,AP,CEA,0.82515,2026-01-01,2026-12-12,0
OIAPOQUE,AP,CEA,0.82515,2026-01-01,2026-12-12,0
"SERRA DO NAVIO",AP,CEA,0.82515,2026-01-01,2026-12-12,0
TARTARUGALZINHO,AP,CEA,0.82515,2026-01-01,2026-12-12,0
"VITORIA DO JARI",AP,CEA,0.82515,2026-01-01,2026-12-12,0
CAMPINORTE,GO,"EQUATORIAL GO",0.89181,2026-01-01,2026-10-21,0
URUACU,GO,"EQUATORIAL GO",0.89181,2026-01-01,2026-10-21,0
ITAJA,GO,"EQUATORIAL GO",0.89181,2026-01-01,2026-10-21,0
ACUCENA,MG,CEMIG-D,0.90329,2026-05-28,2027-05-27,0
"ANTONIO DIAS",MG,CEMIG-D,0.90329,2026-05-28,2027-05-27,0
"BELO ORIENTE",MG,CEMIG-D,0.90329,2026-05-28,2027-05-27,0
BRAUNAS,MG,CEMIG-D,0.90329,2026-05-28,2027-05-27,0
"CORONEL FABRICIANO",MG,CEMIG-D,0.90329,2026-05-28,2027-05-27,0
IPABA,MG,CEMIG-D,0.90329,2026-05-28,2027-05-27,0
IPATINGA,MG,CEMIG-D,0.90329,2026-05-28,2027-05-27,0
JAGUARACU,MG,CEMIG-D,0.90329,2026-05-28,2027-05-27,0
JOANESIA,MG,CEMIG-D,0.90329,2026-05-28,2027-05-27,0
MARLIERIA,MG,CEMIG-D,0.90329,2026-05-28,2027-05-27,0
MESQUITA,MG,CEMIG-D,0.90329,2026-05-28,2027-05-27,0
NAQUE,MG,CEMIG-D,0.90329,2026-05-28,2027-05-27,0
PERIQUITO,MG,CEMIG-D,0.90329,2026-05-28,2027-05-27,0
"SANTANA DO PARAISO",MG,CEMIG-D,0.90329,2026-05-28,2027-05-27,0
TIMOTEO,MG,CEMIG-D,0.90329,2026-05-28,2027-05-27,0
"BARAO DE COCAIS",MG,CEMIG-D,0.90329,2026-05-28,2027-05-27,0
"BELA VISTA DE MINAS",MG,CEMIG-D,0.90329,2026-05-28,2027-05-27,0
"BOM JESUS DO AMPARO",MG,CEMIG-D,0.90329,2026-05-28,2027-05-27,0
"CATAS ALTAS",MG,CEMIG-D,0.90329,2026-05-28,2027-05-27,0
DIONISIO,MG,CEMIG-D,0.90329,2026-05-28,2027-05-27,0
"JOAO MONLEVADE",MG,CEMIG-D,0.90329,2026-05-28,2027-05-27,0
"NOVA UNIAO",MG,CEMIG-D,0.90329,2026-05-28,2027-05-27,0
"NOVA ERA",MG,CEMIG-D,0.90329,2026-05-28,2027-05-27,0
"RIO PIRACICABA",MG,CEMIG-D,0.90329,2026-05-28,2027-05-27,0
"SANTA BARBARA",MG,CEMIG-D,0.90329,2026-05-28,2027-05-27,0
"SAO DOMINGOS DO PRATA",MG,CEMIG-D,0.90329,2026-05-28,2027-05-27,0
"SAO GONCALO DO RIO ABAIXO",MG,CEMIG-D,0.90329,2026-05-28,2027-05-27,0
"SAO JOSE DO GOIABAL",MG,CEMIG-D,0.90329,2026-05-28,2027-05-27,0
ITABIRITO,MG,CEMIG-D,0.90329,2026-05-28,2027-05-27,0
MARIANA,MG,CEMIG-D,0.90329,2026-05-28,2027-05-27,0
"OURO PRETO",MG,CEMIG-D,0.90329,2026-05-28,2027-05-27,0
ARAGUARI,MG,CEMIG-D,0.90329,2026-05-28,2027-05-27,0
"CASCALHO RICO",MG,CEMIG-D,0.90329,2026-05-28,2027-05-27,0
INDIANOPOLIS,MG,CEMIG-D,0.90329,2026-05-28,2027-05-27,0
TUPACIGUARA,MG,CEMIG-D,0.90329,2026-05-28,2027-05-27,0
"ALFREDO VASCONCELOS",MG,CEMIG-D,0.90329,2026-05-28,2027-05-27,0
"ALTO RIO DOCE",MG,CEMIG-D,0.90329,2026-05-28,2027-05-27,0
"ANTONIO CARLOS",MG,CEMIG-D,0.90329,2026-05-28,2027-05-27,0
ARACITABA,MG,CEMIG-D,0.90329,2026-05-28,2027-05-27,0
BARBACENA,MG,CEMIG-D,0.90329,2026-05-28,2027-05-27,0
"BRAS PIRES",MG,CEMIG-D,0.90329,2026-05-28,2027-05-27,0
"CAPELA NOVA",MG,CEMIG-D,0.90329,2026-05-28,2027-05-27,0
CARANDAI,MG,CEMIG-D,0.90329,2026-05-28,2027-05-27,0
CIPOTANEA,MG,CEMIG-D,0.90329,2026-05-28,2027-05-27,0
"DESTERRO DO MELO",MG,CEMIG-D,0.90329,2026-05-28,2027-05-27,0
"DORES DO TURVO",MG,CEMIG-D,0.90329,2026-05-28,2027-05-27,0
IBERTIOGA,MG,CEMIG-D,0.90329,2026-05-28,2027-05-27,0
"OLIVEIRA FORTES",MG,CEMIG-D,0.90329,2026-05-28,2027-05-27,0
PAIVA,MG,CEMIG-D,0.90329,2026-05-28,2027-05-27,0
RESSAQUINHA,MG,CEMIG-D,0.90329,2026-05-28,2027-05-27,0
"SANTA BARBARA DO TUGURIO",MG,CEMIG-D,0.90329,2026-05-28,2027-05-27,0
"SANTA RITA DO IBITIPOCA",MG,CEMIG-D,0.90329,2026-05-28,2027-05-27,0
"SENHORA DOS REMEDIOS",MG,CEMIG-D,0.90329,2026-05-28,2027-05-27,0
BARROSO,MG,CEMIG-D,0.90329,2026-05-28,2027-05-27,0
CARRANCAS,MG,CEMIG-D,0.90329,2026-05-28,2027-05-27,0
"CONCEICAO DA BARRA DE MINAS",MG,CEMIG-D,0.90329,2026-05-28,2027-05-27,0
"CORONEL XAVIER CHAVES",MG,CEMIG-D,0.90329,2026-05-28,2027-05-27,0
"DORES DE CAMPOS",MG,CEMIG-D,0.90329,2026-05-28,2027-05-27,0
ITUTINGA,MG,CEMIG-D,0.90329,2026-05-28,2027-05-27,0
"LAGOA DOURADA",MG,CEMIG-D,0.90329,2026-05-28,2027-05-27,0
"MADRE DE DEUS DE MINAS",MG,CEMIG-D,0.90329,2026-05-28,2027-05-27,0
NAZARENO,MG,CEMIG-D,0.90329,2026-05-28,2027-05-27,0
"PIEDADE DO RIO GRANDE",MG,CEMIG-D,0.90329,2026-05-28,2027-05-27,0
PRADOS,MG,CEMIG-D,0.90329,2026-05-28,2027-05-27,0
"RESENDE COSTA",MG,CEMIG-D,0.90329,2026-05-28,2027-05-27,0
RITAPOLIS,MG,CEMIG-D,0.90329,2026-05-28,2027-05-27,0
"SANTA CRUZ DE MINAS",MG,CEMIG-D,0.90329,2026-05-28,2027-05-27,0
"SANTANA DO GARAMBEU",MG,CEMIG-D,0.90329,2026-05-28,2027-05-27,0
"SAO JOAO DEL REI",MG,CEMIG-D,0.90329,2026-05-28,2027-05-27,0
"SAO TIAGO",MG,CEMIG-D,0.90329,2026-05-28,2027-05-27,0
TIRADENTES,MG,CEMIG-D,0.90329,2026-05-28,2027-05-27,0
URANDI,BA,COELBA,0.87773,2026-04-22,2027-04-21,1
CATUTI,MG,CEMIG-D,0.90329,2026-05-28,2027-05-27,0
ESPINOSA,MG,CEMIG-D,0.90329,2026-05-28,2027-05-27,0
GAMELEIRAS,MG,CEMIG-D,0.90329,2026-05-28,2027-05-27,0
JAIBA,MG,CEMIG-D,0.90329,2026-05-28,2027-05-27,0
JANAUBA,MG,CEMIG-D,0.90329,2026-05-28,2027-05-27,0
MAMONAS,MG,CEMIG-D,0.90329,2026-05-28,2027-05-27,0
"MATO VERDE",MG,CEMIG-D,0.90329,2026-05-28,2027-05-27,0
"MONTE AZUL",MG,CEMIG-D,0.90329,2026-05-28,2027-05-27,0
"NOVA PORTEIRINHA",MG,CEMIG-D,0.90329,2026-05-28,2027-05-27,0
"PAI PEDRO",MG,CEMIG-D,0.90329,2026-05-28,2027-05-27,0
PORTEIRINHA,MG,CEMIG-D,0.90329,2026-05-28,2027-05-27,0
"RIACHO DOS MACHADOS",MG,CEMIG-D,0.90329,2026-05-28,2027-05-27,0
"SERRANOPOLIS DE MINAS",MG,CEMIG-D,0.90329,2026-05-28,2027-05-27,0
VERDELANDIA,MG,CEMIG-D,0.90329,2026-05-28,2027-05-27,0
BOCAIUVA,MG,CEMIG-D,0.90329,2026-05-28,2027-05-27,0
BOTUMIRIM,MG,CEMIG-D,0.90329,2026-05-28,2027-05-27,0
"CAPITAO ENEAS",MG,CEMIG-D,0.90329,2026-05-28,2027-05-27,0
"CLARO DOS POCOES",MG,CEMIG-D,0.90329,2026-05-28,2027-05-27,0
"CORACAO DE JESUS",MG,CEMIG-D,0.90329,2026-05-28,2027-05-27,0
CRISTALIA,MG,CEMIG-D,0.90329,2026-05-28,2027-05-27,0
"ENGENHEIRO NAVARRO",MG,CEMIG-D,0.90329,2026-05-28,2027-05-27,0
"FRANCISCO DUMONT",MG,CEMIG-D,0.90329,2026-05-28,2027-05-27,0
"FRANCISCO SA",MG,CEMIG-D,0.90329,2026-05-28,2027-05-27,0
GLAUCILANDIA,MG,CEMIG-D,0.90329,2026-05-28,2027-05-27,0
"GRAO MOGOL",MG,CEMIG-D,0.90329,2026-05-28,2027-05-27,0
GUARACIAMA,MG,CEMIG-D,0.90329,2026-05-28,2027-05-27,0
ITACAMBIRA,MG,CEMIG-D,0.90329,2026-05-28,2027-05-27,0
JURAMENTO,MG,CEMIG-D,0.90329,2026-05-28,2027-05-27,0
"MONTES CLAROS",MG,CEMIG-D,0.90329,2026-05-28,2027-05-27,0
"OLHOS D'AGUA",MG,CEMIG-D,0.90329,2026-05-28,2027-05-27,0
"SAO JOAO DA LAGOA",MG,CEMIG-D,0.90329,2026-05-28,2027-05-27,0
"SAO JOAO DO PACUI",MG,CEMIG-D,0.90329,2026-05-28,2027-05-27,0
ARINOS,MG,CEMIG-D,0.90329,2026-05-28,2027-05-27,0
"BONFINOPOLIS DE MINAS",MG,CEMIG-D,0.90329,2026-05-28,2027-05-27,0
"BRASILANDIA DE MINAS",MG,CEMIG-D,0.90329,2026-05-28,2027-05-27,0
BURITIS,MG,CEMIG-D,0.90329,2026-05-28,2027-05-27,0
"CABECEIRA GRANDE",MG,CEMIG-D,0.90329,2026-05-28,2027-05-27,0
"DOM BOSCO",MG,CEMIG-D,0.90329,2026-05-28,2027-05-27,0
FORMOSO,MG,CEMIG-D,0.90329,2026-05-28,2027-05-27,0
"JOAO PINHEIRO",MG,CEMIG-D,0.90329,2026-05-28,2027-05-27,0
NATALANDIA,MG,CEMIG-D,0.90329,2026-05-28,2027-05-27,0
PARACATU,MG,CEMIG-D,0.90329,2026-05-28,2027-05-27,0
RIACHINHO,MG,CEMIG-D,0.90329,2026-05-28,2027-05-27,0
"SANTA FE DE MINAS",MG,CEMIG-D,0.90329,2026-05-28,2027-05-27,0
UNAI,MG,CEMIG-D,0.90329,2026-05-28,2027-05-27,0
"URUANA DE MINAS",MG,CEMIG-D,0.90329,2026-05-28,2027-05-27,0
URUCUIA,MG,CEMIG-D,0.90329,2026-05-28,2027-05-27,0
BURITIZEIRO,MG,CEMIG-D,0.90329,2026-05-28,2027-05-27,0
IBIAI,MG,CEMIG-D,0.90329,2026-05-28,2027-05-27,0
JEQUITAI,MG,CEMIG-D,0.90329,2026-05-28,2027-05-27,0
"LAGOA DOS PATOS",MG,CEMIG-D,0.90329,2026-05-28,2027-05-27,0
LASSANCE,MG,CEMIG-D,0.90329,2026-05-28,2027-05-27,0
PIRAPORA,MG,CEMIG-D,0.90329,2026-05-28,2027-05-27,0
"TRES MARIAS",MG,CEMIG-D,0.90329,2026-05-28,2027-05-27,0
"VARZEA DA PALMA",MG,CEMIG-D,0.90329,2026-05-28,2027-05-27,0
BERIZAL,MG,CEMIG-D,0.90329,2026-05-28,2027-05-27,0
"CURRAL DE DENTRO",MG,CEMIG-D,0.90329,2026-05-28,2027-05-27,0
"FRUTA DE LEITE",MG,CEMIG-D,0.90329,2026-05-28,2027-05-27,0
INDAIABIRA,MG,CEMIG-D,0.90329,2026-05-28,2027-05-27,0
JOSENOPOLIS,MG,CEMIG-D,0.90329,2026-05-28,2027-05-27,0
MONTEZUMA,MG,CEMIG-D,0.90329,2026-05-28,2027-05-27,0
NINHEIRA,MG,CEMIG-D,0.90329,2026-05-28,2027-05-27,0
NOVORIZONTE,MG,CEMIG-D,0.90329,2026-05-28,2027-05-27,0
"PADRE CARVALHO",MG,CEMIG-D,0.90329,2026-05-28,2027-05-27,0
"RIO PARDO DE MINAS",MG,CEMIG-D,0.90329,2026-05-28,2027-05-27,0
RUBELITA,MG,CEMIG-D,0.90329,2026-05-28,2027-05-27,0
SALINAS,MG,CEMIG-D,0.90329,2026-05-28,2027-05-27,0
"SANTA CRUZ DE SALINAS",MG,CEMIG-D,0.90329,2026-05-28,2027-05-27,0
"SANTO ANTONIO DO RETIRO",MG,CEMIG-D,0.90329,2026-05-28,2027-05-27,0
"SAO JOAO DO PARAISO",MG,CEMIG-D,0.90329,2026-05-28,2027-05-27,0
TAIOBEIRAS,MG,CEMIG-D,0.90329,2026-05-28,2027-05-27,0
"VARGEM GRANDE DO RIO PARDO",MG,CEMIG-D,0.90329,2026-05-28,2027-05-27,0
ABAETE,MG,CEMIG-D,0.90329,2026-05-28,2027-05-27,0
ARAUJOS,MG,CEMIG-D,0.90329,2026-05-28,2027-05-27,0
BIQUINHAS,MG,CEMIG-D,0.90329,2026-05-28,2027-05-27,0
"BOM DESPACHO",MG,CEMIG-D,0.90329,2026-05-28,2027-05-27,0
"CEDRO DO ABAETE",MG,CEMIG-D,0.90329,2026-05-28,2027-05-27,0
"CORREGO DANTA",MG,CEMIG-D,0.90329,2026-05-28,2027-05-27,0
"DORES DO INDAIA",MG,CEMIG-D,0.90329,2026-05-28,2027-05-27,0
"ESTRELA DO INDAIA",MG,CEMIG-D,0.90329,2026-05-28,2027-05-27,0
JAPARAIBA,MG,CEMIG-D,0.90329,2026-05-28,2027-05-27,0
"LAGOA DA PRATA",MG,CEMIG-D,0.90329,2026-05-28,2027-05-27,0
LUZ,MG,CEMIG-D,0.90329,2026-05-28,2027-05-27,0
"MARTINHO CAMPOS",MG,CEMIG-D,0.90329,2026-05-28,2027-05-27,0
MOEMA,MG,CEMIG-D,0.90329,2026-05-28,2027-05-27,0
"MORADA NOVA DE MINAS",MG,CEMIG-D,0.90329,2026-05-28,2027-05-27,0
"NOVA SERRANA",MG,CEMIG-D,0.90329,2026-05-28,2027-05-27,0
PAINEIRAS,MG,CEMIG-D,0.90329,2026-05-28,2027-05-27,0
PERDIGAO,MG,CEMIG-D,0.90329,2026-05-28,2027-05-27,0
"QUARTEL GERAL",MG,CEMIG-D,0.90329,2026-05-28,2027-05-27,0
"SERRA DA SAUDADE",MG,CEMIG-D,0.90329,2026-05-28,2027-05-27,0
ARCOS,MG,CEMIG-D,0.90329,2026-05-28,2027-05-27,0
BAMBUI,MG,CEMIG-D,0.90329,2026-05-28,2027-05-27,0
CAPITOLIO,MG,CEMIG-D,0.90329,2026-05-28,2027-05-27,0
"CORREGO FUNDO",MG,CEMIG-D,0.90329,2026-05-28,2027-05-27,0
DORESOPOLIS,MG,CEMIG-D,0.90329,2026-05-28,2027-05-27,0
FORMIGA,MG,CEMIG-D,0.90329,2026-05-28,2027-05-27,0
IGUATAMA,MG,CEMIG-D,0.90329,2026-05-28,2027-05-27,0
MEDEIROS,MG,CEMIG-D,0.90329,2026-05-28,2027-05-27,0
PAINS,MG,CEMIG-D,0.90329,2026-05-28,2027-05-27,0
PIMENTA,MG,CEMIG-D,0.90329,2026-05-28,2027-05-27,0
PIUMHI,MG,CEMIG-D,0.90329,2026-05-28,2027-05-27,0
"SAO ROQUE DE MINAS",MG,CEMIG-D,0.90329,2026-05-28,2027-05-27,0
TAPIRAI,MG,CEMIG-D,0.90329,2026-05-28,2027-05-27,0
"VARGEM BONITA",MG,CEMIG-D,0.90329,2026-05-28,2027-05-27,0
"CONCEICAO DO PARA",MG,CEMIG-D,0.90329,2026-05-28,2027-05-27,0
FLORESTAL,MG,CEMIG-D,0.90329,2026-05-28,2027-05-27,0
IGARATINGA,MG,CEMIG-D,0.90329,2026-05-28,2027-05-27,0
"LEANDRO FERREIRA",MG,CEMIG-D,0.90329,2026-05-28,2027-05-27,0
MARAVILHAS,MG,CEMIG-D,0.90329,2026-05-28,2027-05-27,0
"ONCA DE PITANGUI",MG,CEMIG-D,0.90329,2026-05-28,2027-05-27,0
PAPAGAIOS,MG,CEMIG-D,0.90329,2026-05-28,2027-05-27,0
"PARA DE MINAS",MG,CEMIG-D,0.90329,2026-05-28,2027-05-27,0
PEQUI,MG,CEMIG-D,0.90329,2026-05-28,2027-05-27,0
PITANGUI,MG,CEMIG-D,0.90329,2026-05-28,2027-05-27,0
POMPEU,MG,CEMIG-D,0.90329,2026-05-28,2027-05-27,0
"SAO JOSE DA VARGINHA",MG,CEMIG-D,0.90329,2026-05-28,2027-05-27,0
ALPINOPOLIS,MG,CEMIG-D,0.90329,2026-05-28,2027-05-27,0
CAPETINGA,MG,CEMIG-D,0.90329,2026-05-28,2027-05-27,0
"CARMO DO RIO CLARO",MG,CEMIG-D,0.90329,2026-05-28,2027-05-27,0
CASSIA,MG,CEMIG-D,0.90329,2026-05-28,2027-05-27,0
CLARAVAL,MG,CEMIG-D,0.90329,2026-05-28,2027-05-27,0
"CONCEICAO DA APARECIDA",MG,CEMIG-D,0.90329,2026-05-28,2027-05-27,0
DELFINOPOLIS,MG,CEMIG-D,0.90329,2026-05-28,2027-05-27,0
"FORTALEZA DE MINAS",MG,CEMIG-D,0.90329,2026-05-28,2027-05-27,0
IBIRACI,MG,CEMIG-D,0.90329,2026-05-28,2027-05-27,0
"ITAU DE MINAS",MG,CEMIG-D,0.90329,2026-05-28,2027-05-27,0
JACUI,MG,CEMIG-D,0.90329,2026-05-28,2027-05-27,0
PASSOS,MG,CEMIG-D,0.90329,2026-05-28,2027-05-27,0
PRATAPOLIS,MG,CEMIG-D,0.90329,2026-05-28,2027-05-27,0
"SAO JOAO BATISTA DO GLORIA",MG,CEMIG-D,0.90329,2026-05-28,2027-05-27,0
"SAO JOSE DA BARRA",MG,CEMIG-D,0.90329,2026-05-28,2027-05-27,0
"SAO SEBASTIAO DO PARAISO",MG,CEMIG-D,0.90329,2026-05-28,2027-05-27,0
"SAO TOMAS DE AQUINO",MG,CEMIG-D,0.90329,2026-05-28,2027-05-27,0
AGUANIL,MG,CEMIG-D,0.90329,2026-05-28,2027-05-27,0
"BOM SUCESSO",MG,CEMIG-D,0.90329,2026-05-28,2027-05-27,0
"CAMPO BELO",MG,CEMIG-D,0.90329,2026-05-28,2027-05-27,0
"CANA VERDE",MG,CEMIG-D,0.90329,2026-05-28,2027-05-27,0
CANDEIAS,MG,CEMIG-D,0.90329,2026-05-28,2027-05-27,0
CRISTAIS,MG,CEMIG-D,0.90329,2026-05-28,2027-05-27,0
IBITURUNA,MG,CEMIG-D,0.90329,2026-05-28,2027-05-27,0
IJACI,MG,CEMIG-D,0.90329,2026-05-28,2027-05-27,0
INGAI,MG,CEMIG-D,0.90329,2026-05-28,2027-05-27,0
ITUMIRIM,MG,CEMIG-D,0.90329,2026-05-28,2027-05-27,0
LAVRAS,MG,CEMIG-D,0.90329,2026-05-28,2027-05-27,0
NEPOMUCENO,MG,CEMIG-D,0.90329,2026-05-28,2027-05-27,0
PERDOES,MG,CEMIG-D,0.90329,2026-05-28,2027-05-27,0
"RIBEIRAO VERMELHO",MG,CEMIG-D,0.90329,2026-05-28,2027-05-27,0
"SANTANA DO JACARE",MG,CEMIG-D,0.90329,2026-05-28,2027-05-27,0
"SANTO ANTONIO DO AMPARO",MG,CEMIG-D,0.90329,2026-05-28,2027-05-27,0
"BOA ESPERANCA",MG,CEMIG-D,0.90329,2026-05-28,2027-05-27,0
"CAMPO DO MEIO",MG,CEMIG-D,0.90329,2026-05-28,2027-05-27,0
"CAMPOS GERAIS",MG,CEMIG-D,0.90329,2026-05-28,2027-05-27,0
CAREACU,MG,CEMIG-D,0.90329,2026-05-28,2027-05-27,0
"CARMO DA CACHOEIRA",MG,CEMIG-D,0.90329,2026-05-28,2027-05-27,0
COQUEIRAL,MG,CEMIG-D,0.90329,2026-05-28,2027-05-27,0
CORDISLANDIA,MG,CEMIG-D,0.90329,2026-05-28,2027-05-27,0
"ELOI MENDES",MG,CEMIG-D,0.90329,2026-05-28,2027-05-27,0
GUAPE,MG,CEMIG-D,0.90329,2026-05-28,2027-05-27,0
ILICINEA,MG,CEMIG-D,0.90329,2026-05-28,2027-05-27,0
"MONSENHOR PAULO",MG,CEMIG-D,0.90329,2026-05-28,2027-05-27,0
"SANTANA DA VARGEM",MG,CEMIG-D,0.90329,2026-05-28,2027-05-27,0
"SAO GONCALO DO SAPUCAI",MG,CEMIG-D,0.90329,2026-05-28,2027-05-27,0
"TRES PONTAS",MG,CEMIG-D,0.90329,2026-05-28,2027-05-27,0
TURVOLANDIA,MG,CEMIG-D,0.90329,2026-05-28,2027-05-27,0
VARGINHA,MG,CEMIG-D,0.90329,2026-05-28,2027-05-27,0
ARAXA,MG,CEMIG-D,0.90329,2026-05-28,2027-05-27,0
"CAMPOS ALTOS",MG,CEMIG-D,0.90329,2026-05-28,2027-05-27,0
IBIA,MG,CEMIG-D,0.90329,2026-05-28,2027-05-27,0
"NOVA PONTE",MG,CEMIG-D,0.90329,2026-05-28,2027-05-27,0
PEDRINOPOLIS,MG,CEMIG-D,0.90329,2026-05-28,2027-05-27,0
PERDIZES,MG,CEMIG-D,0.90329,2026-05-28,2027-05-27,0
PRATINHA,MG,CEMIG-D,0.90329,2026-05-28,2027-05-27,0
"SANTA JULIANA",MG,CEMIG-D,0.90329,2026-05-28,2027-05-27,0
"SANTA ROSA DA SERRA",MG,CEMIG-D,0.90329,2026-05-28,2027-05-27,0
TAPIRA,MG,CEMIG-D,0.90329,2026-05-28,2027-05-27,0
CARNEIRINHO,MG,CEMIG-D,0.90329,2026-05-28,2027-05-27,0
"COMENDADOR GOMES",MG,CEMIG-D,0.90329,2026-05-28,2027-05-27,0
FRONTEIRA,MG,CEMIG-D,0.90329,2026-05-28,2027-05-27,0
FRUTAL,MG,CEMIG-D,0.90329,2026-05-28,2027-05-27,0
ITAPAGIPE,MG,CEMIG-D,0.90329,2026-05-28,2027-05-27,0
ITURAMA,MG,CEMIG-D,0.90329,2026-05-28,2027-05-27,0
"LIMEIRA DO OESTE",MG,CEMIG-D,0.90329,2026-05-28,2027-05-27,0
PIRAJUBA,MG,CEMIG-D,0.90329,2026-05-28,2027-05-27,0
PLANURA,MG,CEMIG-D,0.90329,2026-05-28,2027-05-27,0
"SAO FRANCISCO DE SALES",MG,CEMIG-D,0.90329,2026-05-28,2027-05-27,0
"UNIAO DE MINAS",MG,CEMIG-D,0.90329,2026-05-28,2027-05-27,0
ARAPUA,MG,CEMIG-D,0.90329,2026-05-28,2027-05-27,0
"CARMO DO PARANAIBA",MG,CEMIG-D,0.90329,2026-05-28,2027-05-27,0
GUARDA-MOR,MG,CEMIG-D,0.90329,2026-05-28,2027-05-27,0
LAGAMAR,MG,CEMIG-D,0.90329,2026-05-28,2027-05-27,0
"LAGOA FORMOSA",MG,CEMIG-D,0.90329,2026-05-28,2027-05-27,0
"LAGOA GRANDE",MG,CEMIG-D,0.90329,2026-05-28,2027-05-27,0
MATUTINA,MG,CEMIG-D,0.90329,2026-05-28,2027-05-27,0
"PATOS DE MINAS",MG,CEMIG-D,0.90329,2026-05-28,2027-05-27,0
"PRESIDENTE OLEGARIO",MG,CEMIG-D,0.90329,2026-05-28,2027-05-27,0
"RIO PARANAIBA",MG,CEMIG-D,0.90329,2026-05-28,2027-05-27,0
"SAO GONCALO DO ABAETE",MG,CEMIG-D,0.90329,2026-05-28,2027-05-27,0
"SAO GOTARDO",MG,CEMIG-D,0.90329,2026-05-28,2027-05-27,0
TIROS,MG,CEMIG-D,0.90329,2026-05-28,2027-05-27,0
"VARJAO DE MINAS",MG,CEMIG-D,0.90329,2026-05-28,2027-05-27,0
VAZANTE,MG,CEMIG-D,0.90329,2026-05-28,2027-05-27,0
"ABADIA DOS DOURADOS",MG,CEMIG-D,0.90329,2026-05-28,2027-05-27,0
COROMANDEL,MG,CEMIG-D,0.90329,2026-05-28,2027-05-27,0
"CRUZEIRO DA FORTALEZA",MG,CEMIG-D,0.90329,2026-05-28,2027-05-27,0
DOURADOQUARA,MG,CEMIG-D,0.90329,2026-05-28,2027-05-27,0
"ESTRELA DO SUL",MG,CEMIG-D,0.90329,2026-05-28,2027-05-27,0
GRUPIARA,MG,CEMIG-D,0.90329,2026-05-28,2027-05-27,0
GUIMARANIA,MG,CEMIG-D,0.90329,2026-05-28,2027-05-27,0
"IRAI DE MINAS",MG,CEMIG-D,0.90329,2026-05-28,2027-05-27,0
"MONTE CARMELO",MG,CEMIG-D,0.90329,2026-05-28,2027-05-27,0
PATROCINIO,MG,CEMIG-D,0.90329,2026-05-28,2027-05-27,0
ROMARIA,MG,CEMIG-D,0.90329,2026-05-28,2027-05-27,0
"SERRA DO SALITRE",MG,CEMIG-D,0.90329,2026-05-28,2027-05-27,0
ARAPORA,MG,CEMIG-D,0.90329,2026-05-28,2027-05-27,0
"CACHOEIRA DOURADA",MG,CEMIG-D,0.90329,2026-05-28,2027-05-27,0
"CAMPINA VERDE",MG,CEMIG-D,0.90329,2026-05-28,2027-05-27,0
CANAPOLIS,MG,CEMIG-D,0.90329,2026-05-28,2027-05-27,0
CAPINOPOLIS,MG,CEMIG-D,0.90329,2026-05-28,2027-05-27,0
CENTRALINA,MG,CEMIG-D,0.90329,2026-05-28,2027-05-27,0
GURINHATA,MG,CEMIG-D,0.90329,2026-05-28,2027-05-27,0
IPIACU,MG,CEMIG-D,0.90329,2026-05-28,2027-05-27,0
ITUIUTABA,MG,CEMIG-D,0.90329,2026-05-28,2027-05-27,0
"MONTE ALEGRE DE MINAS",MG,CEMIG-D,0.90329,2026-05-28,2027-05-27,0
PRATA,MG,CEMIG-D,0.90329,2026-05-28,2027-05-27,0
"SANTA VITORIA",MG,CEMIG-D,0.90329,2026-05-28,2027-05-27,0
"SAO SIMAO",GO,"EQUATORIAL GO",0.89181,2026-01-01,2026-10-21,1
UBERLANDIA,MG,CEMIG-D,0.90329,2026-05-28,2027-05-27,0
"AGUA COMPRIDA",MG,CEMIG-D,0.90329,2026-05-28,2027-05-27,0
"CAMPO FLORIDO",MG,CEMIG-D,0.90329,2026-05-28,2027-05-27,0
"CONCEICAO DAS ALAGOAS",MG,CEMIG-D,0.90329,2026-05-28,2027-05-27,0
CONQUISTA,MG,CEMIG-D,0.90329,2026-05-28,2027-05-27,0
DELTA,MG,CEMIG-D,0.90329,2026-05-28,2027-05-27,0
SACRAMENTO,MG,CEMIG-D,0.90329,2026-05-28,2027-05-27,0
UBERABA,MG,CEMIG-D,0.90329,2026-05-28,2027-05-27,0
VERISSIMO,MG,CEMIG-D,0.90329,2026-05-28,2027-05-27,0
ACARI,RN,COSERN,0.7758,2026-04-22,2027-04-21,0
ITABERAI,GO,"EQUATORIAL GO",0.89181,2026-01-01,2026-10-21,0
PLANALTINA,GO,"EQUATORIAL GO",0.89181,2026-01-01,2026-10-21,0
PONTALINA,GO,"EQUATORIAL GO",0.89181,2026-01-01,2026-10-21,0
ALOANDIA,GO,"EQUATORIAL GO",0.89181,2026-01-01,2026-10-21,0
ARUANA,GO,"EQUATORIAL GO",0.89181,2026-01-01,2026-10-21,0
BELEM,PA,"EQUATORIAL PA",0.9783,2026-01-01,2026-08-06,0
ANANINDEUA,PA,"EQUATORIAL PA",0.9783,2026-01-01,2026-08-06,0
MARITUBA,PA,"EQUATORIAL PA",0.9783,2026-01-01,2026-08-06,0
BAIAO,PA,"EQUATORIAL PA",0.9783,2026-01-01,2026-08-06,0
CAMETA,PA,"EQUATORIAL PA",0.9783,2026-01-01,2026-08-06,0
MOJU,PA,"EQUATORIAL PA",0.9783,2026-01-01,2026-08-06,0
SALVATERRA,PA,"EQUATORIAL PA",0.9783,2026-01-01,2026-08-06,0
BARCARENA,PA,"EQUATORIAL PA",0.9783,2026-01-01,2026-08-06,0
ABAETETUBA,PA,"EQUATORIAL PA",0.9783,2026-01-01,2026-08-06,0
"PONTAL DO PARANA",PR,COPEL-DIS,0.64242,2026-01-01,2026-06-23,0
"CAMPINA GRANDE DO SUL",PR,COPEL-DIS,0.64242,2026-01-01,2026-06-23,0
"QUATRO BARRAS",PR,COPEL-DIS,0.64242,2026-01-01,2026-06-23,0
ARCOVERDE,PE,"NEOENERGIA PE",0.79886,2026-04-29,2027-04-28,0
CONDADO,PE,"NEOENERGIA PE",0.79886,2026-04-29,2027-04-28,0
"FERNANDO DE NORONHA",PE,"NEOENERGIA PE",0.79886,2026-04-29,2027-04-28,0
FLORES,PE,"NEOENERGIA PE",0.79886,2026-04-29,2027-04-28,0
GARANHUNS,PE,"NEOENERGIA PE",0.79886,2026-04-29,2027-04-28,0
PETROLINA,PE,"NEOENERGIA PE",0.79886,2026-04-29,2027-04-28,0
TABIRA,PE,"NEOENERGIA PE",0.79886,2026-04-29,2027-04-28,0
PINHAIS,PR,COPEL-DIS,0.64242,2026-01-01,2026-06-23,0
LONDRINA,PR,COPEL-DIS,0.64242,2026-01-01,2026-06-23,0
"PARAIBA DO SUL",RJ,"ENEL RJ",1.0611,2026-03-15,2027-03-14,1
"TRES RIOS",RJ,"LIGHT SESA",0.88056,2026-03-15,2027-03-14,1
"SANTANA DO DESERTO",MG,"LIGHT SESA",0.88056,2026-03-15,2027-03-14,1
"SIMAO PEREIRA",MG,"LIGHT SESA",0.88056,2026-03-15,2027-03-14,1
"COMENDADOR LEVY GASPARIAN",RJ,"LIGHT SESA",0.88056,2026-03-15,2027-03-14,0
CHIADOR,MG,"LIGHT SESA",0.88056,2026-03-15,2027-03-14,1
SAPUCAIA,RJ,"LIGHT SESA",0.88056,2026-03-15,2027-03-14,0
"BELFORD ROXO",RJ,"LIGHT SESA",0.88056,2026-03-15,2027-03-14,0
MESQUITA,RJ,"LIGHT SESA",0.88056,2026-03-15,2027-03-14,0
"NOVA IGUACU",RJ,"LIGHT SESA",0.88056,2026-03-15,2027-03-14,0
"DUQUE DE CAXIAS",RJ,"LIGHT SESA",0.88056,2026-03-15,2027-03-14,1
NILOPOLIS,RJ,"LIGHT SESA",0.88056,2026-03-15,2027-03-14,0
"RIO DE JANEIRO",RJ,"LIGHT SESA",0.88056,2026-03-15,2027-03-14,0
"SAO JOAO DE MERITI",RJ,"LIGHT SESA",0.88056,2026-03-15,2027-03-14,0
"BOM JESUS",GO,"EQUATORIAL GO",0.89181,2026-01-01,2026-10-21,0
INACIOLANDIA,GO,"EQUATORIAL GO",0.89181,2026-01-01,2026-10-21,0
PORANGATU,GO,"EQUATORIAL GO",0.89181,2026-01-01,2026-10-21,0
MOZARLANDIA,GO,"EQUATORIAL GO",0.89181,2026-01-01,2026-10-21,0
PIRACANJUBA,GO,"EQUATORIAL GO",0.89181,2026-01-01,2026-10-21,0
LUZIANIA,GO,"EQUATORIAL GO",0.89181,2026-01-01,2026-10-21,0
ORIZONA,GO,"EQUATORIAL GO",0.89181,2026-01-01,2026-10-21,0
ITAPURANGA,GO,"EQUATORIAL GO",0.89181,2026-01-01,2026-10-21,0
GUARAITA,GO,"EQUATORIAL GO",0.89181,2026-01-01,2026-10-21,0
"ESTRELA DO NORTE",GO,"EQUATORIAL GO",0.89181,2026-01-01,2026-10-21,0
MORRINHOS,GO,"EQUATORIAL GO",0.89181,2026-01-01,2026-10-21,0
IPAMERI,GO,"EQUATORIAL GO",0.89181,2026-01-01,2026-10-21,0
CRISTALINA,GO,"EQUATORIAL GO",0.89181,2026-01-01,2026-10-21,0
"MONTES CLAROS DE GOIAS",GO,"EQUATORIAL GO",0.89181,2026-01-01,2026-10-21,0
DIORAMA,GO,"EQUATORIAL GO",0.89181,2026-01-01,2026-10-21,0
"SANTA TEREZINHA DE GOIAS",GO,"EQUATORIAL GO",0.89181,2026-01-01,2026-10-21,0
"MIMOSO DE GOIAS",GO,"EQUATORIAL GO",0.89181,2026-01-01,2026-10-21,0
"PADRE BERNARDO",GO,"EQUATORIAL GO",0.89181,2026-01-01,2026-10-21,0
CACU,GO,"EQUATORIAL GO",0.89181,2026-01-01,2026-10-21,0
IACIARA,GO,"EQUATORIAL GO",0.89181,2026-01-01,2026-10-21,0
"MONTE ALEGRE",PA,"EQUATORIAL PA",0.9783,2026-01-01,2026-08-06,0
ITAITUBA,PA,"EQUATORIAL PA",0.9783,2026-01-01,2026-08-06,0
ASSIS,SP,EDEVP,,,,0
"AFONSO CUNHA",MA,"EQUATORIAL MA",0.84318,2026-01-01,2026-08-27,0
"AGUA DOCE DO MARANHAO",MA,"EQUATORIAL MA",0.84318,2026-01-01,2026-08-27,0
ALCANTARA,MA,"EQUATORIAL MA",0.84318,2026-01-01,2026-08-27,0
"ALDEIAS ALTAS",MA,"EQUATORIAL MA",0.84318,2026-01-01,2026-08-27,0
"ALTAMIRA DO MARANHAO",MA,"EQUATORIAL MA",0.84318,2026-01-01,2026-08-27,0
"ALTO ALEGRE DO PINDARE",MA,"EQUATORIAL MA",0.84318,2026-01-01,2026-08-27,0
"ALTO ALEGRE DO MARANHAO",MA,"EQUATORIAL MA",0.84318,2026-01-01,2026-08-27,0
"ALTO PARNAIBA",MA,"EQUATORIAL MA",0.84318,2026-01-01,2026-08-27,0
"AMAPA DO MARANHAO",MA,"EQUATORIAL MA",0.84318,2026-01-01,2026-08-27,0
"AMARANTE DO MARANHAO",MA,"EQUATORIAL MA",0.84318,2026-01-01,2026-08-27,0
ANAJATUBA,MA,"EQUATORIAL MA",0.84318,2026-01-01,2026-08-27,0
ANAPURUS,MA,"EQUATORIAL MA",0.84318,2026-01-01,2026-08-27,0
APICUM-ACU,MA,"EQUATORIAL MA",0.84318,2026-01-01,2026-08-27,0
ARAGUANA,MA,"EQUATORIAL MA",0.84318,2026-01-01,2026-08-27,0
ARAIOSES,MA,"EQUATORIAL MA",0.84318,2026-01-01,2026-08-27,0
ARAME,MA,"EQUATORIAL MA",0.84318,2026-01-01,2026-08-27,0
ARARI,MA,"EQUATORIAL MA",0.84318,2026-01-01,2026-08-27,0
AXIXA,MA,"EQUATORIAL MA",0.84318,2026-01-01,2026-08-27,0
BACABEIRA,MA,"EQUATORIAL MA",0.84318,2026-01-01,2026-08-27,0
BACURI,MA,"EQUATORIAL MA",0.84318,2026-01-01,2026-08-27,0
BACURITUBA,MA,"EQUATORIAL MA",0.84318,2026-01-01,2026-08-27,0
BALSAS,MA,"EQUATORIAL MA",0.84318,2026-01-01,2026-08-27,0
"BARAO DE GRAJAU",MA,"EQUATORIAL MA",0.84318,2026-01-01,2026-08-27,0
"BARRA DO CORDA",MA,"EQUATORIAL MA",0.84318,2026-01-01,2026-08-27,0
BARREIRINHAS,MA,"EQUATORIAL MA",0.84318,2026-01-01,2026-08-27,0
"BELA VISTA DO MARANHAO",MA,"EQUATORIAL MA",0.84318,2026-01-01,2026-08-27,0
BELAGUA,MA,"EQUATORIAL MA",0.84318,2026-01-01,2026-08-27,0
"BENEDITO LEITE",MA,"EQUATORIAL MA",0.84318,2026-01-01,2026-08-27,0
BEQUIMAO,MA,"EQUATORIAL MA",0.84318,2026-01-01,2026-08-27,0
"BERNARDO DO MEARIM",MA,"EQUATORIAL MA",0.84318,2026-01-01,2026-08-27,0
"BOM JARDIM",MA,"EQUATORIAL MA",0.84318,2026-01-01,2026-08-27,0
"BOM JESUS DAS SELVAS",MA,"EQUATORIAL MA",0.84318,2026-01-01,2026-08-27,0
"BOM LUGAR",MA,"EQUATORIAL MA",0.84318,2026-01-01,2026-08-27,0
BREJO,MA,"EQUATORIAL MA",0.84318,2026-01-01,2026-08-27,0
"BREJO DE AREIA",MA,"EQUATORIAL MA",0.84318,2026-01-01,2026-08-27,0
BURITI,MA,"EQUATORIAL MA",0.84318,2026-01-01,2026-08-27,0
"BURITI BRAVO",MA,"EQUATORIAL MA",0.84318,2026-01-01,2026-08-27,0
BURITICUPU,MA,"EQUATORIAL MA",0.84318,2026-01-01,2026-08-27,0
BURITIRANA,MA,"EQUATORIAL MA",0.84318,2026-01-01,2026-08-27,0
"CACHOEIRA GRANDE",MA,"EQUATORIAL MA",0.84318,2026-01-01,2026-08-27,0
CAJAPIO,MA,"EQUATORIAL MA",0.84318,2026-01-01,2026-08-27,0
CAJARI,MA,"EQUATORIAL MA",0.84318,2026-01-01,2026-08-27,0
"CAMPESTRE DO MARANHAO",MA,"EQUATORIAL MA",0.84318,2026-01-01,2026-08-27,0
"CANDIDO MENDES",MA,"EQUATORIAL MA",0.84318,2026-01-01,2026-08-27,0
CANTANHEDE,MA,"EQUATORIAL MA",0.84318,2026-01-01,2026-08-27,0
"CAPINZAL DO NORTE",MA,"EQUATORIAL MA",0.84318,2026-01-01,2026-08-27,0
CAROLINA,MA,"EQUATORIAL MA",0.84318,2026-01-01,2026-08-27,0
CARUTAPERA,MA,"EQUATORIAL MA",0.84318,2026-01-01,2026-08-27,0
CAXIAS,MA,"EQUATORIAL MA",0.84318,2026-01-01,2026-08-27,0
CEDRAL,MA,"EQUATORIAL MA",0.84318,2026-01-01,2026-08-27,0
"CENTRAL DO MARANHAO",MA,"EQUATORIAL MA",0.84318,2026-01-01,2026-08-27,0
"CENTRO DO GUILHERME",MA,"EQUATORIAL MA",0.84318,2026-01-01,2026-08-27,0
"CENTRO NOVO DO MARANHAO",MA,"EQUATORIAL MA",0.84318,2026-01-01,2026-08-27,0
CHAPADINHA,MA,"EQUATORIAL MA",0.84318,2026-01-01,2026-08-27,0
CIDELANDIA,MA,"EQUATORIAL MA",0.84318,2026-01-01,2026-08-27,0
CODO,MA,"EQUATORIAL MA",0.84318,2026-01-01,2026-08-27,0
"COELHO NETO",MA,"EQUATORIAL MA",0.84318,2026-01-01,2026-08-27,0
COLINAS,MA,"EQUATORIAL MA",0.84318,2026-01-01,2026-08-27,0
COROATA,MA,"EQUATORIAL MA",0.84318,2026-01-01,2026-08-27,0
CURURUPU,MA,"EQUATORIAL MA",0.84318,2026-01-01,2026-08-27,0
DAVINOPOLIS,MA,"EQUATORIAL MA",0.84318,2026-01-01,2026-08-27,0
"DOM PEDRO",MA,"EQUATORIAL MA",0.84318,2026-01-01,2026-08-27,0
"DUQUE BACELAR",MA,"EQUATORIAL MA",0.84318,2026-01-01,2026-08-27,0
ESPERANTINOPOLIS,MA,"EQUATORIAL MA",0.84318,2026-01-01,2026-08-27,0
ESTREITO,MA,"EQUATORIAL MA",0.84318,2026-01-01,2026-08-27,0
"FEIRA NOVA DO MARANHAO",MA,"EQUATORIAL MA",0.84318,2026-01-01,2026-08-27,0
"FORMOSA DA SERRA NEGRA",MA,"EQUATORIAL MA",0.84318,2026-01-01,2026-08-27,0
"FORTALEZA DOS NOGUEIRAS",MA,"EQUATORIAL MA",0.84318,2026-01-01,2026-08-27,0
FORTUNA,MA,"EQUATORIAL MA",0.84318,2026-01-01,2026-08-27,0
"GODOFREDO VIANA",MA,"EQUATORIAL MA",0.84318,2026-01-01,2026-08-27,0
"GONCALVES DIAS",MA,"EQUATORIAL MA",0.84318,2026-01-01,2026-08-27,0
"GOVERNADOR ARCHER",MA,"EQUATORIAL MA",0.84318,2026-01-01,2026-08-27,0
"GOVERNADOR EDISON LOBAO",MA,"EQUATORIAL MA",0.84318,2026-01-01,2026-08-27,0
"GOVERNADOR EUGENIO BARROS",MA,"EQUATORIAL MA",0.84318,2026-01-01,2026-08-27,0
"GOVERNADOR LUIZ ROCHA",MA,"EQUATORIAL MA",0.84318,2026-01-01,2026-08-27,0
"GOVERNADOR NEWTON BELLO",MA,"EQUATORIAL MA",0.84318,2026-01-01,2026-08-27,0
"GOVERNADOR NUNES FREIRE",MA,"EQUATORIAL MA",0.84318,2026-01-01,2026-08-27,0
"GRACA ARANHA",MA,"EQUATORIAL MA",0.84318,2026-01-01,2026-08-27,0
GRAJAU,MA,"EQUATORIAL MA",0.84318,2026-01-01,2026-08-27,0
GUIMARAES,MA,"EQUATORIAL MA",0.84318,2026-01-01,2026-08-27,0
"BOA VISTA DO GURUPI",MA,"EQUATORIAL MA",0.84318,2026-01-01,2026-08-27,0
"HUMBERTO DE CAMPOS",MA,"EQUATORIAL MA",0.84318,2026-01-01,2026-08-27,0
ICATU,MA,"EQUATORIAL MA",0.84318,2026-01-01,2026-08-27,0
"IGARAPE DO MEIO",MA,"EQUATORIAL MA",0.84318,2026-01-01,2026-08-27,0
"IGARAPE GRANDE",MA,"EQUATORIAL MA",0.84318,2026-01-01,2026-08-27,0
IMPERATRIZ,MA,"EQUATORIAL MA",0.84318,2026-01-01,2026-08-27,0
"ITAPECURU MIRIM",MA,"EQUATORIAL MA",0.84318,2026-01-01,2026-08-27,0
"ITINGA DO MARANHAO",MA,"EQUATORIAL MA",0.84318,2026-01-01,2026-08-27,0
JATOBA,MA,"EQUATORIAL MA",0.84318,2026-01-01,2026-08-27,0
"SAO JOSE DOS BASILIOS",MA,"EQUATORIAL MA",0.84318,2026-01-01,2026-08-27,0
"JOAO LISBOA",MA,"EQUATORIAL MA",0.84318,2026-01-01,2026-08-27,0
JOSELANDIA,MA,"EQUATORIAL MA",0.84318,2026-01-01,2026-08-27,0
"JUNCO DO MARANHAO",MA,"EQUATORIAL MA",0.84318,2026-01-01,2026-08-27,0
"CONCEICAO DO LAGO-ACU",MA,"EQUATORIAL MA",0.84318,2026-01-01,2026-08-27,0
"LAGO DA PEDRA",MA,"EQUATORIAL MA",0.84318,2026-01-01,2026-08-27,0
"LAGO DO JUNCO",MA,"EQUATORIAL MA",0.84318,2026-01-01,2026-08-27,0
"LAGO DOS RODRIGUES",MA,"EQUATORIAL MA",0.84318,2026-01-01,2026-08-27,0
"LAGO VERDE",MA,"EQUATORIAL MA",0.84318,2026-01-01,2026-08-27,0
"LAGOA DO MATO",MA,"EQUATORIAL MA",0.84318,2026-01-01,2026-08-27,0
"LAGOA GRANDE DO MARANHAO",MA,"EQUATORIAL MA",0.84318,2026-01-01,2026-08-27,0
"LAJEADO NOVO",MA,"EQUATORIAL MA",0.84318,2026-01-01,2026-08-27,0
"LIMA CAMPOS",MA,"EQUATORIAL MA",0.84318,2026-01-01,2026-08-27,0
LORETO,MA,"EQUATORIAL MA",0.84318,2026-01-01,2026-08-27,0
"LUIS DOMINGUES",MA,"EQUATORIAL MA",0.84318,2026-01-01,2026-08-27,0
"MAGALHAES DE ALMEIDA",MA,"EQUATORIAL MA",0.84318,2026-01-01,2026-08-27,0
MARACACUME,MA,"EQUATORIAL MA",0.84318,2026-01-01,2026-08-27,0
MARANHAOZINHO,MA,"EQUATORIAL MA",0.84318,2026-01-01,2026-08-27,0
"MATA ROMA",MA,"EQUATORIAL MA",0.84318,2026-01-01,2026-08-27,0
MATINHA,MA,"EQUATORIAL MA",0.84318,2026-01-01,2026-08-27,0
MATOES,MA,"EQUATORIAL MA",0.84318,2026-01-01,2026-08-27,0
"MATOES DO NORTE",MA,"EQUATORIAL MA",0.84318,2026-01-01,2026-08-27,0
"MILAGRES DO MARANHAO",MA,"EQUATORIAL MA",0.84318,2026-01-01,2026-08-27,0
MIRADOR,MA,"EQUATORIAL MA",0.84318,2026-01-01,2026-08-27,0
"MIRANDA DO NORTE",MA,"EQUATORIAL MA",0.84318,2026-01-01,2026-08-27,0
MIRINZAL,MA,"EQUATORIAL MA",0.84318,2026-01-01,2026-08-27,0
MONCAO,MA,"EQUATORIAL MA",0.84318,2026-01-01,2026-08-27,0
"MONTES ALTOS",MA,"EQUATORIAL MA",0.84318,2026-01-01,2026-08-27,0
MORROS,MA,"EQUATORIAL MA",0.84318,2026-01-01,2026-08-27,0
"NINA RODRIGUES",MA,"EQUATORIAL MA",0.84318,2026-01-01,2026-08-27,0
"NOVA COLINAS",MA,"EQUATORIAL MA",0.84318,2026-01-01,2026-08-27,0
"NOVA IORQUE",MA,"EQUATORIAL MA",0.84318,2026-01-01,2026-08-27,0
"NOVA OLINDA DO MARANHAO",MA,"EQUATORIAL MA",0.84318,2026-01-01,2026-08-27,0
"OLHO D'AGUA DAS CUNHAS",MA,"EQUATORIAL MA",0.84318,2026-01-01,2026-08-27,0
"OLINDA NOVA DO MARANHAO",MA,"EQUATORIAL MA",0.84318,2026-01-01,2026-08-27,0
PALMEIRANDIA,MA,"EQUATORIAL MA",0.84318,2026-01-01,2026-08-27,0
PARAIBANO,MA,"EQUATORIAL MA",0.84318,2026-01-01,2026-08-27,0
PARNARAMA,MA,"EQUATORIAL MA",0.84318,2026-01-01,2026-08-27,0
"PASSAGEM FRANCA",MA,"EQUATORIAL MA",0.84318,2026-01-01,2026-08-27,0
"PASTOS BONS",MA,"EQUATORIAL MA",0.84318,2026-01-01,2026-08-27,0
"PAULINO NEVES",MA,"EQUATORIAL MA",0.84318,2026-01-01,2026-08-27,0
"PAULO RAMOS",MA,"EQUATORIAL MA",0.84318,2026-01-01,2026-08-27,0
PEDREIRAS,MA,"EQUATORIAL MA",0.84318,2026-01-01,2026-08-27,0
"PEDRO DO ROSARIO",MA,"EQUATORIAL MA",0.84318,2026-01-01,2026-08-27,0
PENALVA,MA,"EQUATORIAL MA",0.84318,2026-01-01,2026-08-27,0
"PERI MIRIM",MA,"EQUATORIAL MA",0.84318,2026-01-01,2026-08-27,0
PERITORO,MA,"EQUATORIAL MA",0.84318,2026-01-01,2026-08-27,0
"PINDARE MIRIM",MA,"EQUATORIAL MA",0.84318,2026-01-01,2026-08-27,0
PINHEIRO,MA,"EQUATORIAL MA",0.84318,2026-01-01,2026-08-27,0
"PIO XII",MA,"EQUATORIAL MA",0.84318,2026-01-01,2026-08-27,0
PIRAPEMAS,MA,"EQUATORIAL MA",0.84318,2026-01-01,2026-08-27,0
"POCAO DE PEDRAS",MA,"EQUATORIAL MA",0.84318,2026-01-01,2026-08-27,0
"PORTO FRANCO",MA,"EQUATORIAL MA",0.84318,2026-01-01,2026-08-27,0
"PORTO RICO DO MARANHAO",MA,"EQUATORIAL MA",0.84318,2026-01-01,2026-08-27,0
"PRESIDENTE JUSCELINO",MA,"EQUATORIAL MA",0.84318,2026-01-01,2026-08-27,0
"PRESIDENTE MEDICI",MA,"EQUATORIAL MA",0.84318,2026-01-01,2026-08-27,0
"PRESIDENTE SARNEY",MA,"EQUATORIAL MA",0.84318,2026-01-01,2026-08-27,0
"PRESIDENTE VARGAS",MA,"EQUATORIAL MA",0.84318,2026-01-01,2026-08-27,0
"PRESIDENTE DUTRA",MA,"EQUATORIAL MA",0.84318,2026-01-01,2026-08-27,0
"PRIMEIRA CRUZ",MA,"EQUATORIAL MA",0.84318,2026-01-01,2026-08-27,0
RIACHAO,MA,"EQUATORIAL MA",0.84318,2026-01-01,2026-08-27,0
"RIBAMAR FIQUENE",MA,"EQUATORIAL MA",0.84318,2026-01-01,2026-08-27,0
ROSARIO,MA,"EQUATORIAL MA",0.84318,2026-01-01,2026-08-27,0
SAMBAIBA,MA,"EQUATORIAL MA",0.84318,2026-01-01,2026-08-27,0
"SANTA FILOMENA DO MARANHAO",MA,"EQUATORIAL MA",0.84318,2026-01-01,2026-08-27,0
"SANTA HELENA",MA,"EQUATORIAL MA",0.84318,2026-01-01,2026-08-27,0
"SANTA INES",MA,"EQUATORIAL MA",0.84318,2026-01-01,2026-08-27,0
"SANTA LUZIA",MA,"EQUATORIAL MA",0.84318,2026-01-01,2026-08-27,0
"SANTA LUZIA DO PARUA",MA,"EQUATORIAL MA",0.84318,2026-01-01,2026-08-27,0
"SANTA QUITERIA DO MARANHAO",MA,"EQUATORIAL MA",0.84318,2026-01-01,2026-08-27,0
"SANTA RITA",MA,"EQUATORIAL MA",0.84318,2026-01-01,2026-08-27,0
"SANTANA DO MARANHAO",MA,"EQUATORIAL MA",0.84318,2026-01-01,2026-08-27,0
"SANTO AMARO DO MARANHAO",MA,"EQUATORIAL MA",0.84318,2026-01-01,2026-08-27,0
"SAO BENEDITO DO RIO PRETO",MA,"EQUATORIAL MA",0.84318,2026-01-01,2026-08-27,0
"SAO BENTO",MA,"EQUATORIAL MA",0.84318,2026-01-01,2026-08-27,0
"SAO BERNARDO",MA,"EQUATORIAL MA",0.84318,2026-01-01,2026-08-27,0
"SAO DOMINGOS DO AZEITAO",MA,"EQUATORIAL MA",0.84318,2026-01-01,2026-08-27,0
"SAO DOMINGOS DO MARANHAO",MA,"EQUATORIAL MA",0.84318,2026-01-01,2026-08-27,0
"SAO FELIX DE BALSAS",MA,"EQUATORIAL MA",0.84318,2026-01-01,2026-08-27,0
"SAO FRANCISCO DO MARANHAO",MA,"EQUATORIAL MA",0.84318,2026-01-01,2026-08-27,0
"SAO FRANCISCO DO BREJAO",MA,"EQUATORIAL MA",0.84318,2026-01-01,2026-08-27,0
"SAO JOAO BATISTA",MA,"EQUATORIAL MA",0.84318,2026-01-01,2026-08-27,0
"SAO JOAO DO CARU",MA,"EQUATORIAL MA",0.84318,2026-01-01,2026-08-27,0
"SAO JOAO DO PARAISO",MA,"EQUATORIAL MA",0.84318,2026-01-01,2026-08-27,0
"SAO JOAO DO SOTER",MA,"EQUATORIAL MA",0.84318,2026-01-01,2026-08-27,0
"SAO JOAO DOS PATOS",MA,"EQUATORIAL MA",0.84318,2026-01-01,2026-08-27,0
"SAO LUIS GONZAGA DO MARANHAO",MA,"EQUATORIAL MA",0.84318,2026-01-01,2026-08-27,0
"SAO MATEUS DO MARANHAO",MA,"EQUATORIAL MA",0.84318,2026-01-01,2026-08-27,0
"SAO PEDRO DA AGUA BRANCA",MA,"EQUATORIAL MA",0.84318,2026-01-01,2026-08-27,0
"SAO PEDRO DOS CRENTES",MA,"EQUATORIAL MA",0.84318,2026-01-01,2026-08-27,0
"SAO RAIMUNDO DAS MANGABEIRAS",MA,"EQUATORIAL MA",0.84318,2026-01-01,2026-08-27,0
"SAO RAIMUNDO DO DOCA BEZERRA",MA,"EQUATORIAL MA",0.84318,2026-01-01,2026-08-27,0
"SAO ROBERTO",MA,"EQUATORIAL MA",0.84318,2026-01-01,2026-08-27,0
"SAO VICENTE FERRER",MA,"EQUATORIAL MA",0.84318,2026-01-01,2026-08-27,0
SATUBINHA,MA,"EQUATORIAL MA",0.84318,2026-01-01,2026-08-27,0
"SENADOR ALEXANDRE COSTA",MA,"EQUATORIAL MA",0.84318,2026-01-01,2026-08-27,0
"SENADOR LA ROCQUE",MA,"EQUATORIAL MA",0.84318,2026-01-01,2026-08-27,0
"SERRANO DO MARANHAO",MA,"EQUATORIAL MA",0.84318,2026-01-01,2026-08-27,0
"SITIO NOVO",MA,"EQUATORIAL MA",0.84318,2026-01-01,2026-08-27,0
"SANTO ANTONIO DOS LOPES",MA,"EQUATORIAL MA",0.84318,2026-01-01,2026-08-27,0
"SUCUPIRA DO NORTE",MA,"EQUATORIAL MA",0.84318,2026-01-01,2026-08-27,0
"SUCUPIRA DO RIACHAO",MA,"EQUATORIAL MA",0.84318,2026-01-01,2026-08-27,0
"TASSO FRAGOSO",MA,"EQUATORIAL MA",0.84318,2026-01-01,2026-08-27,0
TIMBIRAS,MA,"EQUATORIAL MA",0.84318,2026-01-01,2026-08-27,0
"TRIZIDELA DO VALE",MA,"EQUATORIAL MA",0.84318,2026-01-01,2026-08-27,0
TUFILANDIA,MA,"EQUATORIAL MA",0.84318,2026-01-01,2026-08-27,0
TUNTUM,MA,"EQUATORIAL MA",0.84318,2026-01-01,2026-08-27,0
TURIACU,MA,"EQUATORIAL MA",0.84318,2026-01-01,2026-08-27,0
TURILANDIA,MA,"EQUATORIAL MA",0.84318,2026-01-01,2026-08-27,0
TUTOIA,MA,"EQUATORIAL MA",0.84318,2026-01-01,2026-08-27,0
"URBANO SANTOS",MA,"EQUATORIAL MA",0.84318,2026-01-01,2026-08-27,0
"VARGEM GRANDE",MA,"EQUATORIAL MA",0.84318,2026-01-01,2026-08-27,0
VIANA,MA,"EQUATORIAL MA",0.84318,2026-01-01,2026-08-27,0
"VILA NOVA DOS MARTIRIOS",MA,"EQUATORIAL MA",0.84318,2026-01-01,2026-08-27,0
"VITORIA DO MEARIM",MA,"EQUATORIAL MA",0.84318,2026-01-01,2026-08-27,0
"VITORINO FREIRE",MA,"EQUATORIAL MA",0.84318,2026-01-01,2026-08-27,0
"ZE DOCA",MA,"EQUATORIAL MA",0.84318,2026-01-01,2026-08-27,0
"ALMIRANTE TAMANDARE",PR,COPEL-DIS,0.64242,2026-01-01,2026-06-23,0
ITARUMA,GO,"EQUATORIAL GO",0.89181,2026-01-01,2026-10-21,0
MUNHOZ,MG,EEB,,,,0
TOLEDO,MG,EEB,,,,0
"PRESIDENTE PRUDENTE",SP,ESS,0.74576,2026-01-01,2026-07-11,0
CANOAS,RS,"RGE SUL",,,,0
"NOVO HAMBURGO",RS,"RGE SUL",,,,0
"SANTA MARIA",RS,"RGE SUL",,,,1
ITAPEVA,MG,EEB,,,,0
CAMBUI,MG,EEB,,,,0
"CORREGO DO BOM JESUS",MG,EEB,,,,0
ESTIVA,MG,EEB,,,,1
"SENADOR AMARAL",MG,EEB,,,,0
PINHALZINHO,SP,EEB,,,,0
"PEDRA BELA",SP,EEB,,,,0
TUIUTI,SP,EEB,,,,0
EXTREMA,MG,EEB,,,,0
VARGEM,SP,EEB,,,,0
TURVANIA,GO,"EQUATORIAL GO",0.89181,2026-01-01,2026-10-21,0
GOUVELANDIA,GO,"EQUATORIAL GO",0.89181,2026-01-01,2026-10-21,0
"SAO LUIS DE MONTES BELOS",GO,"EQUATORIAL GO",0.89181,2026-01-01,2026-10-21,0
JOVIANIA,GO,"EQUATORIAL GO",0.89181,2026-01-01,2026-10-21,0
"SANTA HELENA DE GOIAS",GO,"EQUATORIAL GO",0.89181,2026-01-01,2026-10-21,0
"FLORES DE GOIAS",GO,"EQUATORIAL GO",0.89181,2026-01-01,2026-10-21,0
SILVANIA,GO,"EQUATORIAL GO",0.89181,2026-01-01,2026-10-21,0
MONTIVIDIU,GO,"EQUATORIAL GO",0.89181,2026-01-01,2026-10-21,0
CEZARINA,GO,"EQUATORIAL GO",0.89181,2026-01-01,2026-10-21,0
"BOM JARDIM DE GOIAS",GO,"EQUATORIAL GO",0.89181,2026-01-01,2026-10-21,0
PIRANHAS,GO,"EQUATORIAL GO",0.89181,2026-01-01,2026-10-21,0
RUBIATABA,GO,"EQUATORIAL GO",0.89181,2026-01-01,2026-10-21,0
PARAUNA,GO,"EQUATORIAL GO",0.89181,2026-01-01,2026-10-21,0
GOIANESIA,GO,"EQUATORIAL GO",0.89181,2026-01-01,2026-10-21,0
QUIRINOPOLIS,GO,"EQUATORIAL GO",0.89181,2026-01-01,2026-10-21,0
FORMOSA,GO,"EQUATORIAL GO",0.89181,2026-01-01,2026-10-21,0
CRIXAS,GO,"EQUATORIAL GO",0.89181,2026-01-01,2026-10-21,0
"SANTA TEREZA DE GOIAS",GO,"EQUATORIAL GO",0.89181,2026-01-01,2026-10-21,0
FORMOSO,GO,"EQUATORIAL GO",0.89181,2026-01-01,2026-10-21,0
"FAZENDA NOVA",GO,"EQUATORIAL GO",0.89181,2026-01-01,2026-10-21,0
"PIRES DO RIO",GO,"EQUATORIAL GO",0.89181,2026-01-01,2026-10-21,0
GOIAS,GO,"EQUATORIAL GO",0.89181,2026-01-01,2026-10-21,0
ITAPACI,GO,"EQUATORIAL GO",0.89181,2026-01-01,2026-10-21,0
ITAGUARU,GO,"EQUATORIAL GO",0.89181,2026-01-01,2026-10-21,0
"ALTO PARAISO DE GOIAS",GO,"EQUATORIAL GO",0.89181,2026-01-01,2026-10-21,0
"SAO MIGUEL DO ARAGUAIA",GO,"EQUATORIAL GO",0.89181,2026-01-01,2026-10-21,0
JANDAIA,GO,"EQUATORIAL GO",0.89181,2026-01-01,2026-10-21,0
"PALMEIRAS DE GOIAS",GO,"EQUATORIAL GO",0.89181,2026-01-01,2026-10-21,0
"VILA BOA",GO,"EQUATORIAL GO",0.89181,2026-01-01,2026-10-21,0
"CAMPOS BELOS",GO,"EQUATORIAL GO",0.89181,2026-01-01,2026-10-21,0
MAURILANDIA,GO,"EQUATORIAL GO",0.89181,2026-01-01,2026-10-21,0
CAIAPONIA,GO,"EQUATORIAL GO",0.89181,2026-01-01,2026-10-21,0
"CACHOEIRA DOURADA",GO,"EQUATORIAL GO",0.89181,2026-01-01,2026-10-21,0
"SANTO ANTONIO DO DESCOBERTO",GO,"EQUATORIAL GO",0.89181,2026-01-01,2026-10-21,0
HIDROLANDIA,GO,"EQUATORIAL GO",0.89181,2026-01-01,2026-10-21,0
"BARRO ALTO",GO,"EQUATORIAL GO",0.89181,2026-01-01,2026-10-21,0
PIRENOPOLIS,GO,"EQUATORIAL GO",0.89181,2026-01-01,2026-10-21,0
INDIARA,GO,"EQUATORIAL GO",0.89181,2026-01-01,2026-10-21,0
TRINDADE,GO,"EQUATORIAL GO",0.89181,2026-01-01,2026-10-21,0
"AMERICANO DO BRASIL",GO,"EQUATORIAL GO",0.89181,2026-01-01,2026-10-21,0
ITAUCU,GO,"EQUATORIAL GO",0.89181,2026-01-01,2026-10-21,0
FIRMINOPOLIS,GO,"EQUATORIAL GO",0.89181,2026-01-01,2026-10-21,0
EDEIA,GO,"EQUATORIAL GO",0.89181,2026-01-01,2026-10-21,0
MINEIROS,GO,"EQUATORIAL GO",0.89181,2026-01-01,2026-10-21,0
"ALVORADA DO NORTE",GO,"EQUATORIAL GO",0.89181,2026-01-01,2026-10-21,0
ALEXANIA,GO,"EQUATORIAL GO",0.89181,2026-01-01,2026-10-21,0
ARAGARCAS,GO,"EQUATORIAL GO",0.89181,2026-01-01,2026-10-21,0
"MARA ROSA",GO,"EQUATORIAL GO",0.89181,2026-01-01,2026-10-21,0
PARANAIGUARA,GO,"EQUATORIAL GO",0.89181,2026-01-01,2026-10-21,0
"RIO VERDE",GO,"EQUATORIAL GO",0.89181,2026-01-01,2026-10-21,0
"BELA VISTA DE GOIAS",GO,"EQUATORIAL GO",0.89181,2026-01-01,2026-10-21,0
CATALAO,GO,"EQUATORIAL GO",0.89181,2026-01-01,2026-10-21,0
ANICUNS,GO,"EQUATORIAL GO",0.89181,2026-01-01,2026-10-21,0
ADELANDIA,GO,"EQUATORIAL GO",0.89181,2026-01-01,2026-10-21,0
"BURITI ALEGRE",GO,"EQUATORIAL GO",0.89181,2026-01-01,2026-10-21,0
ITAPIRAPUA,GO,"EQUATORIAL GO",0.89181,2026-01-01,2026-10-21,0
POSSE,GO,"EQUATORIAL GO",0.89181,2026-01-01,2026-10-21,0
JATAI,GO,"EQUATORIAL GO",0.89181,2026-01-01,2026-10-21,0
"APARECIDA DO RIO DOCE",GO,"EQUATORIAL GO",0.89181,2026-01-01,2026-10-21,0
SERRANOPOLIS,GO,"EQUATORIAL GO",0.89181,2026-01-01,2026-10-21,0
JUSSARA,GO,"EQUATORIAL GO",0.89181,2026-01-01,2026-10-21,0
NEROPOLIS,GO,"EQUATORIAL GO",0.89181,2026-01-01,2026-10-21,0
ARAGUAPAZ,GO,"EQUATORIAL GO",0.89181,2026-01-01,2026-10-21,0
IPORA,GO,"EQUATORIAL GO",0.89181,2026-01-01,2026-10-21,0
INHUMAS,GO,"EQUATORIAL GO",0.89181,2026-01-01,2026-10-21,0
GOIANIRA,GO,"EQUATORIAL GO",0.89181,2026-01-01,2026-10-21,0
SANCLERLANDIA,GO,"EQUATORIAL GO",0.89181,2026-01-01,2026-10-21,0
CABECEIRAS,GO,"EQUATORIAL GO",0.89181,2026-01-01,2026-10-21,0
"CACHOEIRA ALTA",GO,"EQUATORIAL GO",0.89181,2026-01-01,2026-10-21,0
ITAGUARI,GO,"EQUATORIAL GO",0.89181,2026-01-01,2026-10-21,0
GUAPO,GO,"EQUATORIAL GO",0.89181,2026-01-01,2026-10-21,0
ACREUNA,GO,"EQUATORIAL GO",0.89181,2026-01-01,2026-10-21,0
NIQUELANDIA,GO,"EQUATORIAL GO",0.89181,2026-01-01,2026-10-21,0
"COLINAS DO SUL",GO,"EQUATORIAL GO",0.89181,2026-01-01,2026-10-21,0
NAZARIO,GO,"EQUATORIAL GO",0.89181,2026-01-01,2026-10-21,0
"CALDAS NOVAS",GO,"EQUATORIAL GO",0.89181,2026-01-01,2026-10-21,0
"SENADOR CANEDO",GO,"EQUATORIAL GO",0.89181,2026-01-01,2026-10-21,0
GOIANDIRA,GO,"EQUATORIAL GO",0.89181,2026-01-01,2026-10-21,0
ABADIANIA,GO,"EQUATORIAL GO",0.89181,2026-01-01,2026-10-21,0
GOIANAPOLIS,GO,"EQUATORIAL GO",0.89181,2026-01-01,2026-10-21,0
GOIATUBA,GO,"EQUATORIAL GO",0.89181,2026-01-01,2026-10-21,0
"NOVA CRIXAS",GO,"EQUATORIAL GO",0.89181,2026-01-01,2026-10-21,0
"AGUAS LINDAS DE GOIAS",GO,"EQUATORIAL GO",0.89181,2026-01-01,2026-10-21,0
"SANTA BARBARA DE GOIAS",GO,"EQUATORIAL GO",0.89181,2026-01-01,2026-10-21,0
ITUMBIARA,GO,"EQUATORIAL GO",0.89181,2026-01-01,2026-10-21,0
ANAPOLIS,GO,"EQUATORIAL GO",0.89181,2026-01-01,2026-10-21,0
GOIANIA,GO,"EQUATORIAL GO",0.89181,2026-01-01,2026-10-21,0
"APARECIDA DE GOIANIA",GO,"EQUATORIAL GO",0.89181,2026-01-01,2026-10-21,0
ARAGOIANIA,GO,"EQUATORIAL GO",0.89181,2026-01-01,2026-10-21,0
"CAMPESTRE DE GOIAS",GO,"EQUATORIAL GO",0.89181,2026-01-01,2026-10-21,0
"COCALZINHO DE GOIAS",GO,"EQUATORIAL GO",0.89181,2026-01-01,2026-10-21,0
MINACU,GO,"EQUATORIAL GO",0.89181,2026-01-01,2026-10-21,0
PARANAGUA,PR,COPEL-DIS,0.64242,2026-01-01,2026-06-23,0
"SAO JOAO DO POLESINE",RS,UHENPAL,0.73436,2026-01-01,2026-07-21,1
"NOVA PALMA",RS,UHENPAL,0.73436,2026-01-01,2026-07-21,1
"SILVEIRA MARTINS",RS,UHENPAL,0.73436,2026-01-01,2026-07-21,0
IVORA,RS,"RGE SUL",,,,1
"JULIO DE CASTILHOS",RS,RGE,0.8222,2026-01-01,2026-06-18,1
ITAJOBI,SP,CNEE,,,,1
PINDORAMA,SP,CNEE,,,,1
"BARRA DO PIRAI",RJ,"LIGHT SESA",0.88056,2026-03-15,2027-03-14,0
VALENCA,RJ,"LIGHT SESA",0.88056,2026-03-15,2027-03-14,0
PINHEIRAL,RJ,"LIGHT SESA",0.88056,2026-03-15,2027-03-14,0
PIRAI,RJ,"LIGHT SESA",0.88056,2026-03-15,2027-03-14,0
"RIO CLARO",RJ,"LIGHT SESA",0.88056,2026-03-15,2027-03-14,0
"MIGUEL PEREIRA",RJ,"LIGHT SESA",0.88056,2026-03-15,2027-03-14,0
"PATY DO ALFERES",RJ,"LIGHT SESA",0.88056,2026-03-15,2027-03-14,0
"RIO DAS FLORES",RJ,"LIGHT SESA",0.88056,2026-03-15,2027-03-14,0
VASSOURAS,RJ,"LIGHT SESA",0.88056,2026-03-15,2027-03-14,0
"BARRA MANSA",RJ,"LIGHT SESA",0.88056,2026-03-15,2027-03-14,0
"VOLTA REDONDA",RJ,"LIGHT SESA",0.88056,2026-03-15,2027-03-14,0
QUATIS,RJ,"LIGHT SESA",0.88056,2026-03-15,2027-03-14,0
"BELMIRO BRAGA",MG,CEMIG-D,0.90329,2026-05-28,2027-05-27,1
"RIO PRETO",MG,CEMIG-D,0.90329,2026-05-28,2027-05-27,1
"ENGENHEIRO PAULO DE FRONTIN",RJ,"LIGHT SESA",0.88056,2026-03-15,2027-03-14,0
MENDES,RJ,"LIGHT SESA",0.88056,2026-03-15,2027-03-14,0
PARACAMBI,RJ,"LIGHT SESA",0.88056,2026-03-15,2027-03-14,0
ITAGUAI,RJ,"LIGHT SESA",0.88056,2026-03-15,2027-03-14,0
SEROPEDICA,RJ,"LIGHT SESA",0.88056,2026-03-15,2027-03-14,0
JAPERI,RJ,"LIGHT SESA",0.88056,2026-03-15,2027-03-14,0
QUEIMADOS,RJ,"LIGHT SESA",0.88056,2026-03-15,2027-03-14,0
"SANTANA DO SAO FRANCISCO",SE,ESE,0.75461,2026-04-22,2027-04-21,0
"BREJO GRANDE",SE,ESE,0.75461,2026-04-22,2027-04-21,0
"ILHA DAS FLORES",SE,ESE,0.75461,2026-04-22,2027-04-21,0
NEOPOLIS,SE,ESE,0.75461,2026-04-22,2027-04-21,0
PACATUBA,SE,ESE,0.75461,2026-04-22,2027-04-21,0
JAPOATA,SE,ESE,0.75461,2026-04-22,2027-04-21,0
"CANINDE DE SAO FRANCISCO",SE,ESE,0.75461,2026-04-22,2027-04-21,0
"POCO REDONDO",SE,ESE,0.75461,2026-04-22,2027-04-21,0
"SIMAO DIAS",SE,ESE,0.75461,2026-04-22,2027-04-21,0
"SAO CRISTOVAO",SE,ESE,0.75461,2026-04-22,2027-04-21,0
SALGADO,SE,ESE,0.75461,2026-04-22,2027-04-21,0
RIACHUELO,SE,ESE,0.75461,2026-04-22,2027-04-21,0
LARANJEIRAS,SE,ESE,0.75461,2026-04-22,2027-04-21,0
"SANTA ROSA DE LIMA",SE,ESE,0.75461,2026-04-22,2027-04-21,0
"DIVINA PASTORA",SE,ESE,0.75461,2026-04-22,2027-04-21,0
SIRIRI,SE,ESE,0.75461,2026-04-22,2027-04-21,0
"AREIA BRANCA",SE,ESE,0.75461,2026-04-22,2027-04-21,0
MALHADOR,SE,ESE,0.75461,2026-04-22,2027-04-21,0
PROPRIA,SE,ESE,0.75461,2026-04-22,2027-04-21,0
MURIBECA,SE,ESE,0.75461,2026-04-22,2027-04-21,0
"SAO FRANCISCO",SE,ESE,0.75461,2026-04-22,2027-04-21,0
"MALHADA DOS BOIS",SE,ESE,0.75461,2026-04-22,2027-04-21,0
"CEDRO DE SAO JOAO",SE,ESE,0.75461,2026-04-22,2027-04-21,0
"AMPARO DE SAO FRANCISCO",SE,ESE,0.75461,2026-04-22,2027-04-21,0
TELHA,SE,ESE,0.75461,2026-04-22,2027-04-21,0
CANHOBA,SE,ESE,0.75461,2026-04-22,2027-04-21,0
AQUIDABA,SE,ESE,0.75461,2026-04-22,2027-04-21,0
"PORTO DA FOLHA",SE,ESE,0.75461,2026-04-22,2027-04-21,0
GARARU,SE,ESE,0.75461,2026-04-22,2027-04-21,0
"MONTE ALEGRE DE SERGIPE",SE,ESE,0.75461,2026-04-22,2027-04-21,0
"POCO VERDE",SE,ESE,0.75461,2026-04-22,2027-04-21,0
"NOSSA SENHORA DAS DORES",SE,ESE,0.75461,2026-04-22,2027-04-21,0
CAPELA,SE,ESE,0.75461,2026-04-22,2027-04-21,0
MARUIM,SE,ESE,0.75461,2026-04-22,2027-04-21,0
CARMOPOLIS,SE,ESE,0.75461,2026-04-22,2027-04-21,0
PIRAMBU,SE,ESE,0.75461,2026-04-22,2027-04-21,0
JAPARATUBA,SE,ESE,0.75461,2026-04-22,2027-04-21,0
"GENERAL MAYNARD",SE,ESE,0.75461,2026-04-22,2027-04-21,0
"ROSARIO DO CATETE",SE,ESE,0.75461,2026-04-22,2027-04-21,0
"SANTO AMARO DAS BROTAS",SE,ESE,0.75461,2026-04-22,2027-04-21,0
LAGARTO,SE,ESE,0.75461,2026-04-22,2027-04-21,1
"ITAPORANGA D'AJUDA",SE,ESE,0.75461,2026-04-22,2027-04-21,0
"CAMPO DO BRITO",SE,ESE,0.75461,2026-04-22,2027-04-21,0
"SAO DOMINGOS",SE,ESE,0.75461,2026-04-22,2027-04-21,0
ITABAIANA,SE,ESE,0.75461,2026-04-22,2027-04-21,0
"MOITA BONITA",SE,ESE,0.75461,2026-04-22,2027-04-21,0
MACAMBIRA,SE,ESE,0.75461,2026-04-22,2027-04-21,0
"GRACCHO CARDOSO",SE,ESE,0.75461,2026-04-22,2027-04-21,0
ITABI,SE,ESE,0.75461,2026-04-22,2027-04-21,0
"NOSSA SENHORA DE LOURDES",SE,ESE,0.75461,2026-04-22,2027-04-21,0
"NOSSA SENHORA DA GLORIA",SE,ESE,0.75461,2026-04-22,2027-04-21,0
"FEIRA NOVA",SE,ESE,0.75461,2026-04-22,2027-04-21,0
CUMBE,SE,ESE,0.75461,2026-04-22,2027-04-21,0
"SAO MIGUEL DO ALEIXO",SE,ESE,0.75461,2026-04-22,2027-04-21,0
"FREI PAULO",SE,ESE,0.75461,2026-04-22,2027-04-21,0
"PEDRA MOLE",SE,ESE,0.75461,2026-04-22,2027-04-21,0
RIBEIROPOLIS,SE,ESE,0.75461,2026-04-22,2027-04-21,0
PINHAO,SE,ESE,0.75461,2026-04-22,2027-04-21,0
CARIRA,SE,ESE,0.75461,2026-04-22,2027-04-21,0
"NOSSA SENHORA APARECIDA",SE,ESE,0.75461,2026-04-22,2027-04-21,0
"ESPIRITO SANTO DO PINHAL",SP,CPFL-PAULISTA,0.73945,2026-04-08,2027-04-07,0
ITAPIRA,SP,CPFL-PAULISTA,0.73945,2026-04-08,2027-04-07,0
"SANTO ANTONIO DO JARDIM",SP,CPFL-PAULISTA,0.73945,2026-04-08,2027-04-07,0
"AGUAS DE LINDOIA",SP,CPFL-PAULISTA,0.73945,2026-04-08,2027-04-07,0
AMPARO,SP,CPFL-PAULISTA,0.73945,2026-04-08,2027-04-07,0
LINDOIA,SP,CPFL-PAULISTA,0.73945,2026-04-08,2027-04-07,0
"MONTE ALEGRE DO SUL",SP,CPFL-PAULISTA,0.73945,2026-04-08,2027-04-07,0
"SERRA NEGRA",SP,CPFL-PAULISTA,0.73945,2026-04-08,2027-04-07,0
SOCORRO,SP,CPFL-PAULISTA,0.73945,2026-04-08,2027-04-07,0
CAMPINAS,SP,CPFL-PAULISTA,0.73945,2026-04-08,2027-04-07,0
ITATIBA,SP,CPFL-PAULISTA,0.73945,2026-04-08,2027-04-07,0
MORUNGABA,SP,CPFL-PAULISTA,0.73945,2026-04-08,2027-04-07,0
VALINHOS,SP,CPFL-PAULISTA,0.73945,2026-04-08,2027-04-07,0
"ELIAS FAUSTO",SP,CPFL-PAULISTA,0.73945,2026-04-08,2027-04-07,0
HORTOLANDIA,SP,CPFL-PAULISTA,0.73945,2026-04-08,2027-04-07,0
"MONTE MOR",SP,CPFL-PAULISTA,0.73945,2026-04-08,2027-04-07,0
SUMARE,SP,CPFL-PAULISTA,0.73945,2026-04-08,2027-04-07,0
CAPIVARI,SP,CPFL-PAULISTA,0.73945,2026-04-08,2027-04-07,0
MOMBUCA,SP,CPFL-PAULISTA,0.73945,2026-04-08,2027-04-07,0
RAFARD,SP,CPFL-PAULISTA,0.73945,2026-04-08,2027-04-07,0
"RIO DAS PEDRAS",SP,CPFL-PAULISTA,0.73945,2026-04-08,2027-04-07,0
"SANTA BARBARA D'OESTE",SP,CPFL-PAULISTA,0.73945,2026-04-08,2027-04-07,0
COSMOPOLIS,SP,CPFL-PAULISTA,0.73945,2026-04-08,2027-04-07,0
PAULINIA,SP,CPFL-PAULISTA,0.73945,2026-04-08,2027-04-07,0
AMERICANA,SP,CPFL-PAULISTA,0.73945,2026-04-08,2027-04-07,0
"NOVA ODESSA",SP,CPFL-PAULISTA,0.73945,2026-04-08,2027-04-07,0
CEDRAL,SP,CPFL-PAULISTA,0.73945,2026-04-08,2027-04-07,1
IBIRA,SP,CPFL-PAULISTA,0.73945,2026-04-08,2027-04-07,0
POTIRENDABA,SP,CPFL-PAULISTA,0.73945,2026-04-08,2027-04-07,1
"SAO JOSE DO RIO PRETO",SP,CPFL-PAULISTA,0.73945,2026-04-08,2027-04-07,1
UCHOA,SP,CPFL-PAULISTA,0.73945,2026-04-08,2027-04-07,0
ALTAIR,SP,CPFL-PAULISTA,0.73945,2026-04-08,2027-04-07,0
GUARACI,SP,CPFL-PAULISTA,0.73945,2026-04-08,2027-04-07,0
ICEM,SP,CPFL-PAULISTA,0.73945,2026-04-08,2027-04-07,0
"NOVA GRANADA",SP,CPFL-PAULISTA,0.73945,2026-04-08,2027-04-07,0
OLIMPIA,SP,CPFL-PAULISTA,0.73945,2026-04-08,2027-04-07,0
"ONDA VERDE",SP,CPFL-PAULISTA,0.73945,2026-04-08,2027-04-07,1
PALESTINA,SP,CPFL-PAULISTA,0.73945,2026-04-08,2027-04-07,0
"ALVARO DE CARVALHO",SP,CPFL-PAULISTA,0.73945,2026-04-08,2027-04-07,0
GALIA,SP,CPFL-PAULISTA,0.73945,2026-04-08,2027-04-07,0
GARCA,SP,CPFL-PAULISTA,0.73945,2026-04-08,2027-04-07,0
"VERA CRUZ",SP,CPFL-PAULISTA,0.73945,2026-04-08,2027-04-07,0
GUAICARA,SP,CPFL-PAULISTA,0.73945,2026-04-08,2027-04-07,1
LINS,SP,CPFL-PAULISTA,0.73945,2026-04-08,2027-04-07,0
PROMISSAO,SP,CPFL-PAULISTA,0.73945,2026-04-08,2027-04-07,1
AREALVA,SP,CPFL-PAULISTA,0.73945,2026-04-08,2027-04-07,0
BALBINOS,SP,CPFL-PAULISTA,0.73945,2026-04-08,2027-04-07,0
CAFELANDIA,SP,CPFL-PAULISTA,0.73945,2026-04-08,2027-04-07,0
GETULINA,SP,CPFL-PAULISTA,0.73945,2026-04-08,2027-04-07,0
GUAIMBE,SP,CPFL-PAULISTA,0.73945,2026-04-08,2027-04-07,0
GUARANTA,SP,CPFL-PAULISTA,0.73945,2026-04-08,2027-04-07,0
IACANGA,SP,CPFL-PAULISTA,0.73945,2026-04-08,2027-04-07,0
"JULIO MESQUITA",SP,CPFL-PAULISTA,0.73945,2026-04-08,2027-04-07,0
PIRAJUI,SP,CPFL-PAULISTA,0.73945,2026-04-08,2027-04-07,0
PONGAI,SP,CPFL-PAULISTA,0.73945,2026-04-08,2027-04-07,0
REGINOPOLIS,SP,CPFL-PAULISTA,0.73945,2026-04-08,2027-04-07,0
SABINO,SP,CPFL-PAULISTA,0.73945,2026-04-08,2027-04-07,0
URU,SP,CPFL-PAULISTA,0.73945,2026-04-08,2027-04-07,0
BARIRI,SP,CPFL-PAULISTA,0.73945,2026-04-08,2027-04-07,0
BOCAINA,SP,CPFL-PAULISTA,0.73945,2026-04-08,2027-04-07,0
BORACEIA,SP,CPFL-PAULISTA,0.73945,2026-04-08,2027-04-07,0
ITAJU,SP,CPFL-PAULISTA,0.73945,2026-04-08,2027-04-07,0
ITAPUI,SP,CPFL-PAULISTA,0.73945,2026-04-08,2027-04-07,0
JAU,SP,CPFL-PAULISTA,0.73945,2026-04-08,2027-04-07,0
"BARRA BONITA",SP,CPFL-PAULISTA,0.73945,2026-04-08,2027-04-07,0
"DOIS CORREGOS",SP,CPFL-PAULISTA,0.73945,2026-04-08,2027-04-07,0
"IGARACU DO TIETE",SP,CPFL-PAULISTA,0.73945,2026-04-08,2027-04-07,0
"MINEIROS DO TIETE",SP,CPFL-PAULISTA,0.73945,2026-04-08,2027-04-07,0
AGUDOS,SP,CPFL-PAULISTA,0.73945,2026-04-08,2027-04-07,0
AREIOPOLIS,SP,CPFL-PAULISTA,0.73945,2026-04-08,2027-04-07,0
BOREBI,SP,CPFL-PAULISTA,0.73945,2026-04-08,2027-04-07,0
"LENCOIS PAULISTA",SP,CPFL-PAULISTA,0.73945,2026-04-08,2027-04-07,0
MACATUBA,SP,CPFL-PAULISTA,0.73945,2026-04-08,2027-04-07,0
PRATANIA,SP,CPFL-PAULISTA,0.73945,2026-04-08,2027-04-07,0
"SAO MANUEL",SP,CPFL-PAULISTA,0.73945,2026-04-08,2027-04-07,0
AVAI,SP,CPFL-PAULISTA,0.73945,2026-04-08,2027-04-07,0
"CABRALIA PAULISTA",SP,CPFL-PAULISTA,0.73945,2026-04-08,2027-04-07,0
DUARTINA,SP,CPFL-PAULISTA,0.73945,2026-04-08,2027-04-07,0
FERNAO,SP,CPFL-PAULISTA,0.73945,2026-04-08,2027-04-07,0
LUCIANOPOLIS,SP,CPFL-PAULISTA,0.73945,2026-04-08,2027-04-07,0
PAULISTANIA,SP,CPFL-PAULISTA,0.73945,2026-04-08,2027-04-07,0
"PRESIDENTE ALVES",SP,CPFL-PAULISTA,0.73945,2026-04-08,2027-04-07,0
BRAUNA,SP,CPFL-PAULISTA,0.73945,2026-04-08,2027-04-07,1
"BREJO ALEGRE",SP,CPFL-PAULISTA,0.73945,2026-04-08,2027-04-07,0
CLEMENTINA,SP,CPFL-PAULISTA,0.73945,2026-04-08,2027-04-07,1
COROADOS,SP,CPFL-PAULISTA,0.73945,2026-04-08,2027-04-07,1
"GABRIEL MONTEIRO",SP,CPFL-PAULISTA,0.73945,2026-04-08,2027-04-07,0
GLICERIO,SP,CPFL-PAULISTA,0.73945,2026-04-08,2027-04-07,1
LUIZIANIA,SP,CPFL-PAULISTA,0.73945,2026-04-08,2027-04-07,1
PIACATU,SP,CPFL-PAULISTA,0.73945,2026-04-08,2027-04-07,0
"SANTOPOLIS DO AGUAPEI",SP,CPFL-PAULISTA,0.73945,2026-04-08,2027-04-07,0
"BENTO DE ABREU",SP,CPFL-PAULISTA,0.73945,2026-04-08,2027-04-07,0
GUARARAPES,SP,CPFL-PAULISTA,0.73945,2026-04-08,2027-04-07,0
RUBIACEA,SP,CPFL-PAULISTA,0.73945,2026-04-08,2027-04-07,0
VALPARAISO,SP,CPFL-PAULISTA,0.73945,2026-04-08,2027-04-07,0
"AGUAS DE SAO PEDRO",SP,CPFL-PAULISTA,0.73945,2026-04-08,2027-04-07,0
"BOA ESPERANCA DO SUL",SP,CPFL-PAULISTA,0.73945,2026-04-08,2027-04-07,0
BROTAS,SP,CPFL-PAULISTA,0.73945,2026-04-08,2027-04-07,0
CHARQUEADA,SP,CPFL-PAULISTA,0.73945,2026-04-08,2027-04-07,0
DOURADO,SP,CPFL-PAULISTA,0.73945,2026-04-08,2027-04-07,0
"RIBEIRAO BONITO",SP,CPFL-PAULISTA,0.73945,2026-04-08,2027-04-07,0
"SANTA MARIA DA SERRA",SP,CPFL-PAULISTA,0.73945,2026-04-08,2027-04-07,0
"SAO PEDRO",SP,CPFL-PAULISTA,0.73945,2026-04-08,2027-04-07,0
TORRINHA,SP,CPFL-PAULISTA,0.73945,2026-04-08,2027-04-07,0
TRABIJU,SP,CPFL-PAULISTA,0.73945,2026-04-08,2027-04-07,0
IPUA,SP,CPFL-PAULISTA,0.73945,2026-04-08,2027-04-07,0
"MORRO AGUDO",SP,CPFL-PAULISTA,0.73945,2026-04-08,2027-04-07,0
NUPORANGA,SP,CPFL-PAULISTA,0.73945,2026-04-08,2027-04-07,0
ORLANDIA,SP,CPFL-PAULISTA,0.73945,2026-04-08,2027-04-07,0
"SALES OLIVEIRA",SP,CPFL-PAULISTA,0.73945,2026-04-08,2027-04-07,0
"SAO JOAQUIM DA BARRA",SP,CPFL-PAULISTA,0.73945,2026-04-08,2027-04-07,0
ARAMINA,SP,CPFL-PAULISTA,0.73945,2026-04-08,2027-04-07,0
BURITIZAL,SP,CPFL-PAULISTA,0.73945,2026-04-08,2027-04-07,0
GUARA,SP,CPFL-PAULISTA,0.73945,2026-04-08,2027-04-07,0
IGARAPAVA,SP,CPFL-PAULISTA,0.73945,2026-04-08,2027-04-07,0
ITUVERAVA,SP,CPFL-PAULISTA,0.73945,2026-04-08,2027-04-07,0
JERIQUARA,SP,CPFL-PAULISTA,0.73945,2026-04-08,2027-04-07,0
MIGUELOPOLIS,SP,CPFL-PAULISTA,0.73945,2026-04-08,2027-04-07,0
PEDREGULHO,SP,CPFL-PAULISTA,0.73945,2026-04-08,2027-04-07,0
RIFAINA,SP,CPFL-PAULISTA,0.73945,2026-04-08,2027-04-07,0
ANALANDIA,SP,CPFL-PAULISTA,0.73945,2026-04-08,2027-04-07,0
DESCALVADO,SP,CPFL-PAULISTA,0.73945,2026-04-08,2027-04-07,0
IBATE,SP,CPFL-PAULISTA,0.73945,2026-04-08,2027-04-07,0
"SAO CARLOS",SP,CPFL-PAULISTA,0.73945,2026-04-08,2027-04-07,1
"RIBEIRAO PRETO",SP,CPFL-PAULISTA,0.73945,2026-04-08,2027-04-07,0
BARRINHA,SP,CPFL-PAULISTA,0.73945,2026-04-08,2027-04-07,0
DUMONT,SP,CPFL-PAULISTA,0.73945,2026-04-08,2027-04-07,0
GUATAPARA,SP,CPFL-PAULISTA,0.73945,2026-04-08,2027-04-07,0
PONTAL,SP,CPFL-PAULISTA,0.73945,2026-04-08,2027-04-07,0
PRADOPOLIS,SP,CPFL-PAULISTA,0.73945,2026-04-08,2027-04-07,0
SERTAOZINHO,SP,CPFL-PAULISTA,0.73945,2026-04-08,2027-04-07,0
CRAVINHOS,SP,CPFL-PAULISTA,0.73945,2026-04-08,2027-04-07,0
"SERRA AZUL",SP,CPFL-PAULISTA,0.73945,2026-04-08,2027-04-07,0
SERRANA,SP,CPFL-PAULISTA,0.73945,2026-04-08,2027-04-07,0
CAJURU,SP,CPFL-PAULISTA,0.73945,2026-04-08,2027-04-07,0
"CASSIA DOS COQUEIROS",SP,CPFL-PAULISTA,0.73945,2026-04-08,2027-04-07,0
"LUIS ANTONIO",SP,CPFL-PAULISTA,0.73945,2026-04-08,2027-04-07,0
"SANTA CRUZ DA ESPERANCA",SP,CPFL-PAULISTA,0.73945,2026-04-08,2027-04-07,0
"SANTA ROSA DE VITERBO",SP,CPFL-PAULISTA,0.73945,2026-04-08,2027-04-07,0
"SAO SIMAO",SP,CPFL-PAULISTA,0.73945,2026-04-08,2027-04-07,0
"MONTE ALTO",SP,CPFL-PAULISTA,0.73945,2026-04-08,2027-04-07,0
"PALMARES PAULISTA",SP,CPFL-PAULISTA,0.73945,2026-04-08,2027-04-07,0
PARAISO,SP,CPFL-PAULISTA,0.73945,2026-04-08,2027-04-07,0
PIRANGI,SP,CPFL-PAULISTA,0.73945,2026-04-08,2027-04-07,0
TAIACU,SP,CPFL-PAULISTA,0.73945,2026-04-08,2027-04-07,0
TAIUVA,SP,CPFL-PAULISTA,0.73945,2026-04-08,2027-04-07,0
TAQUARAL,SP,CPFL-PAULISTA,0.73945,2026-04-08,2027-04-07,0
"VISTA ALEGRE DO ALTO",SP,CPFL-PAULISTA,0.73945,2026-04-08,2027-04-07,0
"CANDIDO RODRIGUES",SP,CPFL-PAULISTA,0.73945,2026-04-08,2027-04-07,0
GUARIBA,SP,CPFL-PAULISTA,0.73945,2026-04-08,2027-04-07,0
JABOTICABAL,SP,CPFL-PAULISTA,0.73945,2026-04-08,2027-04-07,0
TAQUARITINGA,SP,CPFL-PAULISTA,0.73945,2026-04-08,2027-04-07,0
ARIRANHA,SP,CPFL-PAULISTA,0.73945,2026-04-08,2027-04-07,0
"FERNANDO PRESTES",SP,CPFL-PAULISTA,0.73945,2026-04-08,2027-04-07,0
ITAPOLIS,SP,CPFL-PAULISTA,0.73945,2026-04-08,2027-04-07,0
"SANTA ADELIA",SP,CPFL-PAULISTA,0.73945,2026-04-08,2027-04-07,0
"CRISTAIS PAULISTA",SP,CPFL-PAULISTA,0.73945,2026-04-08,2027-04-07,0
FRANCA,SP,CPFL-PAULISTA,0.73945,2026-04-08,2027-04-07,0
ITIRAPUA,SP,CPFL-PAULISTA,0.73945,2026-04-08,2027-04-07,0
"PATROCINIO PAULISTA",SP,CPFL-PAULISTA,0.73945,2026-04-08,2027-04-07,0
RESTINGA,SP,CPFL-PAULISTA,0.73945,2026-04-08,2027-04-07,0
"RIBEIRAO CORRENTE",SP,CPFL-PAULISTA,0.73945,2026-04-08,2027-04-07,0
"SAO JOSE DA BELA VISTA",SP,CPFL-PAULISTA,0.73945,2026-04-08,2027-04-07,0
ALTINOPOLIS,SP,CPFL-PAULISTA,0.73945,2026-04-08,2027-04-07,0
BATATAIS,SP,CPFL-PAULISTA,0.73945,2026-04-08,2027-04-07,0
BRODOWSKI,SP,CPFL-PAULISTA,0.73945,2026-04-08,2027-04-07,0
JARDINOPOLIS,SP,CPFL-PAULISTA,0.73945,2026-04-08,2027-04-07,0
"SANTO ANTONIO DA ALEGRIA",SP,CPFL-PAULISTA,0.73945,2026-04-08,2027-04-07,0
BARRETOS,SP,CPFL-PAULISTA,0.73945,2026-04-08,2027-04-07,0
COLINA,SP,CPFL-PAULISTA,0.73945,2026-04-08,2027-04-07,0
COLOMBIA,SP,CPFL-PAULISTA,0.73945,2026-04-08,2027-04-07,0
GUAIRA,SP,CPFL-PAULISTA,0.73945,2026-04-08,2027-04-07,0
JABORANDI,SP,CPFL-PAULISTA,0.73945,2026-04-08,2027-04-07,0
DOBRADA,SP,CPFL-PAULISTA,0.73945,2026-04-08,2027-04-07,0
"GAVIAO PEIXOTO",SP,CPFL-PAULISTA,0.73945,2026-04-08,2027-04-07,0
IBITINGA,SP,CPFL-PAULISTA,0.73945,2026-04-08,2027-04-07,0
MATAO,SP,CPFL-PAULISTA,0.73945,2026-04-08,2027-04-07,0
MOTUCA,SP,CPFL-PAULISTA,0.73945,2026-04-08,2027-04-07,0
"NOVA EUROPA",SP,CPFL-PAULISTA,0.73945,2026-04-08,2027-04-07,0
RINCAO,SP,CPFL-PAULISTA,0.73945,2026-04-08,2027-04-07,0
"SANTA ERNESTINA",SP,CPFL-PAULISTA,0.73945,2026-04-08,2027-04-07,0
"SANTA LUCIA",SP,CPFL-PAULISTA,0.73945,2026-04-08,2027-04-07,0
TABATINGA,SP,CPFL-PAULISTA,0.73945,2026-04-08,2027-04-07,0
"VILA FLOR",RN,COSERN,0.7758,2026-04-22,2027-04-21,0
UPANEMA,RN,COSERN,0.7758,2026-04-22,2027-04-21,0
UMARIZAL,RN,COSERN,0.7758,2026-04-22,2027-04-21,0
"TRIUNFO POTIGUAR",RN,COSERN,0.7758,2026-04-22,2027-04-21,0
"TIMBAUBA DOS BATISTAS",RN,COSERN,0.7758,2026-04-22,2027-04-21,0
"TIBAU DO SUL",RN,COSERN,0.7758,2026-04-22,2027-04-21,0
TIBAU,RN,COSERN,0.7758,2026-04-22,2027-04-21,0
"TABOLEIRO GRANDE",RN,COSERN,0.7758,2026-04-22,2027-04-21,0
"SITIO NOVO",RN,COSERN,0.7758,2026-04-22,2027-04-21,0
TANGARA,RN,COSERN,0.7758,2026-04-22,2027-04-21,0
"SANTO ANTONIO",RN,COSERN,0.7758,2026-04-22,2027-04-21,0
SERRINHA,RN,COSERN,0.7758,2026-04-22,2027-04-21,0
"SANTA MARIA",RN,COSERN,0.7758,2026-04-22,2027-04-21,0
"SAO PEDRO",RN,COSERN,0.7758,2026-04-22,2027-04-21,0
"SANTA CRUZ",RN,COSERN,0.7758,2026-04-22,2027-04-21,0
"SAO MIGUEL DO GOSTOSO",RN,COSERN,0.7758,2026-04-22,2027-04-21,0
"SENADOR ELOI DE SOUZA",RN,COSERN,0.7758,2026-04-22,2027-04-21,0
"SERRA CAIADA",RN,COSERN,0.7758,2026-04-22,2027-04-21,0
"SAO JOSE DO SERIDO",RN,COSERN,0.7758,2026-04-22,2027-04-21,0
"SAO JOAO DO SABUGI",RN,COSERN,0.7758,2026-04-22,2027-04-21,0
"SAO FRANCISCO DO OESTE",RN,COSERN,0.7758,2026-04-22,2027-04-21,0
"SAO BENTO DO TRAIRI",RN,COSERN,0.7758,2026-04-22,2027-04-21,0
"SAO BENTO DO NORTE",RN,COSERN,0.7758,2026-04-22,2027-04-21,0
"RIO DO FOGO",RN,COSERN,0.7758,2026-04-22,2027-04-21,0
RIACHUELO,RN,COSERN,0.7758,2026-04-22,2027-04-21,0
"RIACHO DE SANTANA",RN,COSERN,0.7758,2026-04-22,2027-04-21,0
"SAO MIGUEL",RN,COSERN,0.7758,2026-04-22,2027-04-21,0
VENHA-VER,RN,COSERN,0.7758,2026-04-22,2027-04-21,0
"RAFAEL GODEIRO",RN,COSERN,0.7758,2026-04-22,2027-04-21,0
"RIACHO DA CRUZ",RN,COSERN,0.7758,2026-04-22,2027-04-21,0
"RODOLFO FERNANDES",RN,COSERN,0.7758,2026-04-22,2027-04-21,0
"SANTANA DO MATOS",RN,COSERN,0.7758,2026-04-22,2027-04-21,0
"SAO JOSE DO CAMPESTRE",RN,COSERN,0.7758,2026-04-22,2027-04-21,0
"SAO JOSE DE MIPIBU",RN,COSERN,0.7758,2026-04-22,2027-04-21,0
"SAO PAULO DO POTENGI",RN,COSERN,0.7758,2026-04-22,2027-04-21,0
"SAO VICENTE",RN,COSERN,0.7758,2026-04-22,2027-04-21,0
"SERRA NEGRA DO NORTE",RN,COSERN,0.7758,2026-04-22,2027-04-21,0
"SEVERIANO MELO",RN,COSERN,0.7758,2026-04-22,2027-04-21,0
TOUROS,RN,COSERN,0.7758,2026-04-22,2027-04-21,0
"VERA CRUZ",RN,COSERN,0.7758,2026-04-22,2027-04-21,0
"RAFAEL FERNANDES",RN,COSERN,0.7758,2026-04-22,2027-04-21,0
PUREZA,RN,COSERN,0.7758,2026-04-22,2027-04-21,0
"PORTO DO MANGUE",RN,COSERN,0.7758,2026-04-22,2027-04-21,0
"POCO BRANCO",RN,COSERN,0.7758,2026-04-22,2027-04-21,0
TAIPU,RN,COSERN,0.7758,2026-04-22,2027-04-21,0
PILOES,RN,COSERN,0.7758,2026-04-22,2027-04-21,0
"PEDRO AVELINO",RN,COSERN,0.7758,2026-04-22,2027-04-21,0
"PEDRA PRETA",RN,COSERN,0.7758,2026-04-22,2027-04-21,0
PASSAGEM,RN,COSERN,0.7758,2026-04-22,2027-04-21,0
VARZEA,RN,COSERN,0.7758,2026-04-22,2027-04-21,0
PARELHAS,RN,COSERN,0.7758,2026-04-22,2027-04-21,0
"SANTANA DO SERIDO",RN,COSERN,0.7758,2026-04-22,2027-04-21,0
PARAZINHO,RN,COSERN,0.7758,2026-04-22,2027-04-21,0
"PEDRA GRANDE",RN,COSERN,0.7758,2026-04-22,2027-04-21,0
PARANA,RN,COSERN,0.7758,2026-04-22,2027-04-21,0
"OURO BRANCO",RN,COSERN,0.7758,2026-04-22,2027-04-21,0
"OLHO-D'AGUA DO BORGES",RN,COSERN,0.7758,2026-04-22,2027-04-21,0
"NISIA FLORESTA",RN,COSERN,0.7758,2026-04-22,2027-04-21,0
NATAL,RN,COSERN,0.7758,2026-04-22,2027-04-21,0
MOSSORO,RN,COSERN,0.7758,2026-04-22,2027-04-21,0
"MESSIAS TARGINO",RN,COSERN,0.7758,2026-04-22,2027-04-21,0
MONTANHAS,RN,COSERN,0.7758,2026-04-22,2027-04-21,0
"PEDRO VELHO",RN,COSERN,0.7758,2026-04-22,2027-04-21,0
PATU,RN,COSERN,0.7758,2026-04-22,2027-04-21,0
MARTINS,RN,COSERN,0.7758,2026-04-22,2027-04-21,0
"MONTE DAS GAMELEIRAS",RN,COSERN,0.7758,2026-04-22,2027-04-21,0
"PASSA E FICA",RN,COSERN,0.7758,2026-04-22,2027-04-21,0
"SERRA DE SAO BENTO",RN,COSERN,0.7758,2026-04-22,2027-04-21,0
"LUIS GOMES",RN,COSERN,0.7758,2026-04-22,2027-04-21,0
"MAJOR SALES",RN,COSERN,0.7758,2026-04-22,2027-04-21,0
LUCRECIA,RN,COSERN,0.7758,2026-04-22,2027-04-21,0
PORTALEGRE,RN,COSERN,0.7758,2026-04-22,2027-04-21,0
"SERRINHA DOS PINTOS",RN,COSERN,0.7758,2026-04-22,2027-04-21,0
VICOSA,RN,COSERN,0.7758,2026-04-22,2027-04-21,0
"LAGOA SALGADA",RN,COSERN,0.7758,2026-04-22,2027-04-21,0
MAXARANGUAPE,RN,COSERN,0.7758,2026-04-22,2027-04-21,0
"MONTE ALEGRE",RN,COSERN,0.7758,2026-04-22,2027-04-21,0
"NOVA CRUZ",RN,COSERN,0.7758,2026-04-22,2027-04-21,0
PARNAMIRIM,RN,COSERN,0.7758,2026-04-22,2027-04-21,0
"PAU DOS FERROS",RN,COSERN,0.7758,2026-04-22,2027-04-21,0
PENDENCIAS,RN,COSERN,0.7758,2026-04-22,2027-04-21,0
"LAGOA NOVA",RN,COSERN,0.7758,2026-04-22,2027-04-21,0
"TENENTE LAURENTINO CRUZ",RN,COSERN,0.7758,2026-04-22,2027-04-21,0
"LAGOA DE VELHOS",RN,COSERN,0.7758,2026-04-22,2027-04-21,0
"RUY BARBOSA",RN,COSERN,0.7758,2026-04-22,2027-04-21,0
"SAO TOME",RN,COSERN,0.7758,2026-04-22,2027-04-21,0
"LAGOA DE PEDRAS",RN,COSERN,0.7758,2026-04-22,2027-04-21,0
"LAGOA D'ANTA",RN,COSERN,0.7758,2026-04-22,2027-04-21,0
"LAJES PINTADAS",RN,COSERN,0.7758,2026-04-22,2027-04-21,0
LAJES,RN,COSERN,0.7758,2026-04-22,2027-04-21,0
JUCURUTU,RN,COSERN,0.7758,2026-04-22,2027-04-21,0
"JOSE DA PENHA",RN,COSERN,0.7758,2026-04-22,2027-04-21,0
"JOAO DIAS",RN,COSERN,0.7758,2026-04-22,2027-04-21,0
"JARDIM DO SERIDO",RN,COSERN,0.7758,2026-04-22,2027-04-21,0
"JARDIM DE ANGICOS",RN,COSERN,0.7758,2026-04-22,2027-04-21,0
JAPI,RN,COSERN,0.7758,2026-04-22,2027-04-21,0
JANDUIS,RN,COSERN,0.7758,2026-04-22,2027-04-21,0
JANDAIRA,RN,COSERN,0.7758,2026-04-22,2027-04-21,0
"JOAO CAMARA",RN,COSERN,0.7758,2026-04-22,2027-04-21,0
ITAU,RN,COSERN,0.7758,2026-04-22,2027-04-21,0
ITAJA,RN,COSERN,0.7758,2026-04-22,2027-04-21,0
IPUEIRA,RN,COSERN,0.7758,2026-04-22,2027-04-21,0
IPANGUACU,RN,COSERN,0.7758,2026-04-22,2027-04-21,0
JACANA,RN,COSERN,0.7758,2026-04-22,2027-04-21,0
"JARDIM DE PIRANHAS",RN,COSERN,0.7758,2026-04-22,2027-04-21,0
MACAIBA,RN,COSERN,0.7758,2026-04-22,2027-04-21,0
MACAU,RN,COSERN,0.7758,2026-04-22,2027-04-21,0
"MARCELINO VIEIRA",RN,COSERN,0.7758,2026-04-22,2027-04-21,0
"IELMO MARINHO",RN,COSERN,0.7758,2026-04-22,2027-04-21,0
GOIANINHA,RN,COSERN,0.7758,2026-04-22,2027-04-21,0
"GOVERNADOR DIX-SEPT ROSADO",RN,COSERN,0.7758,2026-04-22,2027-04-21,0
GROSSOS,RN,COSERN,0.7758,2026-04-22,2027-04-21,0
GUAMARE,RN,COSERN,0.7758,2026-04-22,2027-04-21,0
"SENADOR GEORGINO AVELINO",RN,COSERN,0.7758,2026-04-22,2027-04-21,0
GALINHOS,RN,COSERN,0.7758,2026-04-22,2027-04-21,0
"FRUTUOSO GOMES",RN,COSERN,0.7758,2026-04-22,2027-04-21,0
FLORANIA,RN,COSERN,0.7758,2026-04-22,2027-04-21,0
"FERNANDO PEDROZA",RN,COSERN,0.7758,2026-04-22,2027-04-21,0
"FELIPE GUERRA",RN,COSERN,0.7758,2026-04-22,2027-04-21,0
"FRANCISCO DANTAS",RN,COSERN,0.7758,2026-04-22,2027-04-21,0
"ESPIRITO SANTO",RN,COSERN,0.7758,2026-04-22,2027-04-21,0
PARAU,RN,COSERN,0.7758,2026-04-22,2027-04-21,0
ENCANTO,RN,COSERN,0.7758,2026-04-22,2027-04-21,0
"DOUTOR SEVERIANO",RN,COSERN,0.7758,2026-04-22,2027-04-21,0
"CURRAIS NOVOS",RN,COSERN,0.7758,2026-04-22,2027-04-21,0
EQUADOR,RN,COSERN,0.7758,2026-04-22,2027-04-21,0
EXTREMOZ,RN,COSERN,0.7758,2026-04-22,2027-04-21,0
CRUZETA,RN,COSERN,0.7758,2026-04-22,2027-04-21,0
"CERRO CORA",RN,COSERN,0.7758,2026-04-22,2027-04-21,0
"CORONEL JOAO PESSOA",RN,COSERN,0.7758,2026-04-22,2027-04-21,0
"CORONEL EZEQUIEL",RN,COSERN,0.7758,2026-04-22,2027-04-21,0
CEARA-MIRIM,RN,COSERN,0.7758,2026-04-22,2027-04-21,0
CARNAUBAIS,RN,COSERN,0.7758,2026-04-22,2027-04-21,0
"CARNAUBA DOS DANTAS",RN,COSERN,0.7758,2026-04-22,2027-04-21,0
CARAUBAS,RN,COSERN,0.7758,2026-04-22,2027-04-21,0
CANGUARETAMA,RN,COSERN,0.7758,2026-04-22,2027-04-21,0
"CAMPO REDONDO",RN,COSERN,0.7758,2026-04-22,2027-04-21,0
"CAMPO GRANDE",RN,COSERN,0.7758,2026-04-22,2027-04-21,0
CAICO,RN,COSERN,0.7758,2026-04-22,2027-04-21,0
"CAICARA DO NORTE",RN,COSERN,0.7758,2026-04-22,2027-04-21,0
"CAICARA DO RIO DO VENTO",RN,COSERN,0.7758,2026-04-22,2027-04-21,0
BREJINHO,RN,COSERN,0.7758,2026-04-22,2027-04-21,0
"BOM JESUS",RN,COSERN,0.7758,2026-04-22,2027-04-21,0
BODO,RN,COSERN,0.7758,2026-04-22,2027-04-21,0
"BENTO FERNANDES",RN,COSERN,0.7758,2026-04-22,2027-04-21,0
BARCELONA,RN,COSERN,0.7758,2026-04-22,2027-04-21,0
BARAUNA,RN,COSERN,0.7758,2026-04-22,2027-04-21,0
"BAIA FORMOSA",RN,COSERN,0.7758,2026-04-22,2027-04-21,0
ACU,RN,COSERN,0.7758,2026-04-22,2027-04-21,0
AREZ,RN,COSERN,0.7758,2026-04-22,2027-04-21,0
"AREIA BRANCA",RN,COSERN,0.7758,2026-04-22,2027-04-21,0
APODI,RN,COSERN,0.7758,2026-04-22,2027-04-21,0
"ANTONIO MARTINS",RN,COSERN,0.7758,2026-04-22,2027-04-21,0
ANGICOS,RN,COSERN,0.7758,2026-04-22,2027-04-21,0
"ALTO DO RODRIGUES",RN,COSERN,0.7758,2026-04-22,2027-04-21,0
"ALMINO AFONSO",RN,COSERN,0.7758,2026-04-22,2027-04-21,0
ALEXANDRIA,RN,COSERN,0.7758,2026-04-22,2027-04-21,0
"AGUA NOVA",RN,COSERN,0.7758,2026-04-22,2027-04-21,0
"AFONSO BEZERRA",RN,COSERN,0.7758,2026-04-22,2027-04-21,0
"ANTONIO OLINTO",PR,COPEL-DIS,0.64242,2026-01-01,2026-06-23,0
"SAO JOAO DO TRIUNFO",PR,COPEL-DIS,0.64242,2026-01-01,2026-06-23,0
"SAO MATEUS DO SUL",PR,COPEL-DIS,0.64242,2026-01-01,2026-06-23,0
MASSAPE,CE,"ENEL CE",0.74977,2026-04-22,2027-04-21,0
"SANTANA DO ACARAU",CE,"ENEL CE",0.74977,2026-04-22,2027-04-21,0
"SENADOR SA",CE,"ENEL CE",0.74977,2026-04-22,2027-04-21,0
URUOCA,CE,"ENEL CE",0.74977,2026-04-22,2027-04-21,0
ALTANEIRA,CE,"ENEL CE",0.74977,2026-04-22,2027-04-21,0
"NOVA OLINDA",CE,"ENEL CE",0.74977,2026-04-22,2027-04-21,0
"SANTANA DO CARIRI",CE,"ENEL CE",0.74977,2026-04-22,2027-04-21,0
AIUABA,CE,"ENEL CE",0.74977,2026-04-22,2027-04-21,0
"ANTONINA DO NORTE",CE,"ENEL CE",0.74977,2026-04-22,2027-04-21,0
ASSARE,CE,"ENEL CE",0.74977,2026-04-22,2027-04-21,0
SABOEIRO,CE,"ENEL CE",0.74977,2026-04-22,2027-04-21,0
TARRAFAS,CE,"ENEL CE",0.74977,2026-04-22,2027-04-21,0
QUITERIANOPOLIS,CE,"ENEL CE",0.74977,2026-04-22,2027-04-21,0
TAUA,CE,"ENEL CE",0.74977,2026-04-22,2027-04-21,0
ARNEIROZ,CE,"ENEL CE",0.74977,2026-04-22,2027-04-21,0
PARAMBU,CE,"ENEL CE",0.74977,2026-04-22,2027-04-21,0
AURORA,CE,"ENEL CE",0.74977,2026-04-22,2027-04-21,0
"LAVRAS DA MANGABEIRA",CE,"ENEL CE",0.74977,2026-04-22,2027-04-21,0
FORTALEZA,CE,"ENEL CE",0.74977,2026-04-22,2027-04-21,0
"ALTO SANTO",CE,"ENEL CE",0.74977,2026-04-22,2027-04-21,0
ACOPIARA,CE,"ENEL CE",0.74977,2026-04-22,2027-04-21,0
ARATUBA,CE,"ENEL CE",0.74977,2026-04-22,2027-04-21,0
BATURITE,CE,"ENEL CE",0.74977,2026-04-22,2027-04-21,0
CAPISTRANO,CE,"ENEL CE",0.74977,2026-04-22,2027-04-21,0
GUARAMIRANGA,CE,"ENEL CE",0.74977,2026-04-22,2027-04-21,0
ITAPIUNA,CE,"ENEL CE",0.74977,2026-04-22,2027-04-21,0
MULUNGU,CE,"ENEL CE",0.74977,2026-04-22,2027-04-21,0
PACOTI,CE,"ENEL CE",0.74977,2026-04-22,2027-04-21,0
CEDRO,CE,"ENEL CE",0.74977,2026-04-22,2027-04-21,0
MADALENA,CE,"ENEL CE",0.74977,2026-04-22,2027-04-21,0
QUIXERAMOBIM,CE,"ENEL CE",0.74977,2026-04-22,2027-04-21,0
PARACURU,CE,"ENEL CE",0.74977,2026-04-22,2027-04-21,0
PARAIPABA,CE,"ENEL CE",0.74977,2026-04-22,2027-04-21,0
TRAIRI,CE,"ENEL CE",0.74977,2026-04-22,2027-04-21,0
CANINDE,CE,"ENEL CE",0.74977,2026-04-22,2027-04-21,0
CARIDADE,CE,"ENEL CE",0.74977,2026-04-22,2027-04-21,0
PARAMOTI,CE,"ENEL CE",0.74977,2026-04-22,2027-04-21,0
HIDROLANDIA,CE,"ENEL CE",0.74977,2026-04-22,2027-04-21,0
"SANTA QUITERIA",CE,"ENEL CE",0.74977,2026-04-22,2027-04-21,0
VARJOTA,CE,"ENEL CE",0.74977,2026-04-22,2027-04-21,0
RERIUTABA,CE,"ENEL CE",0.74977,2026-04-22,2027-04-21,0
IPU,CE,"ENEL CE",0.74977,2026-04-22,2027-04-21,0
"PIRES FERREIRA",CE,"ENEL CE",0.74977,2026-04-22,2027-04-21,0
JARDIM,CE,"ENEL CE",0.74977,2026-04-22,2027-04-21,0
TIANGUA,CE,"ENEL CE",0.74977,2026-04-22,2027-04-21,0
IPUEIRAS,CE,"ENEL CE",0.74977,2026-04-22,2027-04-21,0
CATUNDA,CE,"ENEL CE",0.74977,2026-04-22,2027-04-21,0
"MONSENHOR TABOSA",CE,"ENEL CE",0.74977,2026-04-22,2027-04-21,0
"NOVA RUSSAS",CE,"ENEL CE",0.74977,2026-04-22,2027-04-21,0
TAMBORIL,CE,"ENEL CE",0.74977,2026-04-22,2027-04-21,0
ARARIPE,CE,"ENEL CE",0.74977,2026-04-22,2027-04-21,0
"CAMPOS SALES",CE,"ENEL CE",0.74977,2026-04-22,2027-04-21,0
SALITRE,CE,"ENEL CE",0.74977,2026-04-22,2027-04-21,0
"PIQUET CARNEIRO",CE,"ENEL CE",0.74977,2026-04-22,2027-04-21,0
"SENADOR POMPEU",CE,"ENEL CE",0.74977,2026-04-22,2027-04-21,0
"PIMENTA BUENO",RO,ERO,0.84139,2026-01-01,2026-12-12,0
CACOAL,RO,ERO,0.84139,2026-01-01,2026-12-12,0
ARIQUEMES,RO,ERO,0.84139,2026-01-01,2026-12-12,0
VILHENA,RO,ERO,0.84139,2026-01-01,2026-12-12,0
JI-PARANA,RO,ERO,0.84139,2026-01-01,2026-12-12,0
"ROLIM DE MOURA",RO,ERO,0.84139,2026-01-01,2026-12-12,0
GUAJARA-MIRIM,RO,ERO,0.84139,2026-01-01,2026-12-12,0
"PORTO VELHO",RO,ERO,0.84139,2026-01-01,2026-12-12,0
"CANDEIAS DO JAMARI",RO,ERO,0.84139,2026-01-01,2026-12-12,0
"ITAPUA DO OESTE",RO,ERO,0.84139,2026-01-01,2026-12-12,0
"NOVA MAMORE",RO,ERO,0.84139,2026-01-01,2026-12-12,0
"PRESIDENTE MEDICI",RO,ERO,0.84139,2026-01-01,2026-12-12,0
TEIXEIROPOLIS,RO,ERO,0.84139,2026-01-01,2026-12-12,0
URUPA,RO,ERO,0.84139,2026-01-01,2026-12-12,0
JARU,RO,ERO,0.84139,2026-01-01,2026-12-12,0
"RIO CRESPO",RO,ERO,0.84139,2026-01-01,2026-12-12,0
"ALTO PARAISO",RO,ERO,0.84139,2026-01-01,2026-12-12,0
CACAULANDIA,RO,ERO,0.84139,2026-01-01,2026-12-12,0
"MONTE NEGRO",RO,ERO,0.84139,2026-01-01,2026-12-12,0
BURITIS,RO,ERO,0.84139,2026-01-01,2026-12-12,0
"CAMPO NOVO DE RONDONIA",RO,ERO,0.84139,2026-01-01,2026-12-12,0
"MACHADINHO D'OESTE",RO,ERO,0.84139,2026-01-01,2026-12-12,0
CUJUBIM,RO,ERO,0.84139,2026-01-01,2026-12-12,0
"MINISTRO ANDREAZZA",RO,ERO,0.84139,2026-01-01,2026-12-12,0
"PRIMAVERA DE RONDONIA",RO,ERO,0.84139,2026-01-01,2026-12-12,0
"ESPIGAO D'OESTE",RO,ERO,0.84139,2026-01-01,2026-12-12,0
"ALVORADA D'OESTE",RO,ERO,0.84139,2026-01-01,2026-12-12,0
"NOVO HORIZONTE DO OESTE",RO,ERO,0.84139,2026-01-01,2026-12-12,0
"ALTA FLORESTA D'OESTE",RO,ERO,0.84139,2026-01-01,2026-12-12,0
"ALTO ALEGRE DOS PARECIS",RO,ERO,0.84139,2026-01-01,2026-12-12,0
"SANTA LUZIA D'OESTE",RO,ERO,0.84139,2026-01-01,2026-12-12,0
"SAO FELIPE D'OESTE",RO,ERO,0.84139,2026-01-01,2026-12-12,0
"NOVA BRASILANDIA D'OESTE",RO,ERO,0.84139,2026-01-01,2026-12-12,0
"SAO MIGUEL DO GUAPORE",RO,ERO,0.84139,2026-01-01,2026-12-12,0
SERINGUEIRAS,RO,ERO,0.84139,2026-01-01,2026-12-12,0
"COSTA MARQUES",RO,ERO,0.84139,2026-01-01,2026-12-12,0
"SAO FRANCISCO DO GUAPORE",RO,ERO,0.84139,2026-01-01,2026-12-12,0
CHUPINGUAIA,RO,ERO,0.84139,2026-01-01,2026-12-12,0
"COLORADO DO OESTE",RO,ERO,0.84139,2026-01-01,2026-12-12,0
CEREJEIRAS,RO,ERO,0.84139,2026-01-01,2026-12-12,0
"PIMENTEIRAS DO OESTE",RO,ERO,0.84139,2026-01-01,2026-12-12,0
CABIXI,RO,ERO,0.84139,2026-01-01,2026-12-12,0
CORUMBIARA,RO,ERO,0.84139,2026-01-01,2026-12-12,0
ITATIAIA,RJ,"ENEL RJ",1.0611,2026-03-15,2027-03-14,1
RESENDE,RJ,"ENEL RJ",1.0611,2026-03-15,2027-03-14,1
"PORTO REAL",RJ,"ENEL RJ",1.0611,2026-03-15,2027-03-14,1
TERESOPOLIS,RJ,"ENEL RJ",1.0611,2026-03-15,2027-03-14,1
GUAPIMIRIM,RJ,"ENEL RJ",1.0611,2026-03-15,2027-03-14,0
"SAO JOSE DO VALE DO RIO PRETO",RJ,"ENEL RJ",1.0611,2026-03-15,2027-03-14,0
PETROPOLIS,RJ,"ENEL RJ",1.0611,2026-03-15,2027-03-14,1
AREAL,RJ,"ENEL RJ",1.0611,2026-03-15,2027-03-14,0
ARARUAMA,RJ,"ENEL RJ",1.0611,2026-03-15,2027-03-14,0
"IGUABA GRANDE",RJ,"ENEL RJ",1.0611,2026-03-15,2027-03-14,0
"ARRAIAL DO CABO",RJ,"ENEL RJ",1.0611,2026-03-15,2027-03-14,0
"ARMACAO DOS BUZIOS",RJ,"ENEL RJ",1.0611,2026-03-15,2027-03-14,0
"CABO FRIO",RJ,"ENEL RJ",1.0611,2026-03-15,2027-03-14,0
"SAO PEDRO DA ALDEIA",RJ,"ENEL RJ",1.0611,2026-03-15,2027-03-14,0
NITEROI,RJ,"ENEL RJ",1.0611,2026-03-15,2027-03-14,0
PARATY,RJ,"ENEL RJ",1.0611,2026-03-15,2027-03-14,0
CANTAGALO,RJ,"ENEL RJ",1.0611,2026-03-15,2027-03-14,0
"SAO SEBASTIAO DO ALTO",RJ,"ENEL RJ",1.0611,2026-03-15,2027-03-14,0
CORDEIRO,RJ,"ENEL RJ",1.0611,2026-03-15,2027-03-14,0
"DUAS BARRAS",RJ,"ENEL RJ",1.0611,2026-03-15,2027-03-14,1
MACUCO,RJ,"ENEL RJ",1.0611,2026-03-15,2027-03-14,0
"BOM JARDIM",RJ,"ENEL RJ",1.0611,2026-03-15,2027-03-14,0
"SANTO ANTONIO DE PADUA",RJ,"ENEL RJ",1.0611,2026-03-15,2027-03-14,0
APERIBE,RJ,"ENEL RJ",1.0611,2026-03-15,2027-03-14,0
MIRACEMA,RJ,"ENEL RJ",1.0611,2026-03-15,2027-03-14,0
ITAPERUNA,RJ,"ENEL RJ",1.0611,2026-03-15,2027-03-14,0
"SAO JOSE DE UBA",RJ,"ENEL RJ",1.0611,2026-03-15,2027-03-14,0
"LAJE DO MURIAE",RJ,"ENEL RJ",1.0611,2026-03-15,2027-03-14,0
NATIVIDADE,RJ,"ENEL RJ",1.0611,2026-03-15,2027-03-14,0
VARRE-SAI,RJ,"ENEL RJ",1.0611,2026-03-15,2027-03-14,0
PORCIUNCULA,RJ,"ENEL RJ",1.0611,2026-03-15,2027-03-14,0
"CASIMIRO DE ABREU",RJ,"ENEL RJ",1.0611,2026-03-15,2027-03-14,0
"RIO DAS OSTRAS",RJ,"ENEL RJ",1.0611,2026-03-15,2027-03-14,0
"SAO JOAO DA BARRA",RJ,"ENEL RJ",1.0611,2026-03-15,2027-03-14,0
"SAO GONCALO",RJ,"ENEL RJ",1.0611,2026-03-15,2027-03-14,0
ITABORAI,RJ,"ENEL RJ",1.0611,2026-03-15,2027-03-14,0
TANGUA,RJ,"ENEL RJ",1.0611,2026-03-15,2027-03-14,0
"RIO BONITO",RJ,"ENEL RJ",1.0611,2026-03-15,2027-03-14,0
"SILVA JARDIM",RJ,"ENEL RJ",1.0611,2026-03-15,2027-03-14,0
MAGE,RJ,"ENEL RJ",1.0611,2026-03-15,2027-03-14,0
"BOCAINA DE MINAS",MG,"ENEL RJ",1.0611,2026-03-15,2027-03-14,1
APIACAS,MT,EMT,0.89942,2026-04-08,2027-04-07,0
SORRISO,MT,EMT,0.89942,2026-04-08,2027-04-07,0
"CANABRAVA DO NORTE",MT,EMT,0.89942,2026-04-08,2027-04-07,0
CLAUDIA,MT,EMT,0.89942,2026-04-08,2027-04-07,0
ARIPUANA,MT,EMT,0.89942,2026-04-08,2027-04-07,0
CONFRESA,MT,EMT,0.89942,2026-04-08,2027-04-07,0
"FELIZ NATAL",MT,EMT,0.89942,2026-04-08,2027-04-07,0
LUCIARA,MT,EMT,0.89942,2026-04-08,2027-04-07,0
"NOVA BANDEIRANTES",MT,EMT,0.89942,2026-04-08,2027-04-07,0
"NOVA MARINGA",MT,EMT,0.89942,2026-04-08,2027-04-07,0
"PORTO ALEGRE DO NORTE",MT,EMT,0.89942,2026-04-08,2027-04-07,0
"PORTO DOS GAUCHOS",MT,EMT,0.89942,2026-04-08,2027-04-07,0
CACERES,MT,EMT,0.89942,2026-04-08,2027-04-07,0
"SANTA TEREZINHA",MT,EMT,0.89942,2026-04-08,2027-04-07,0
"SAO FELIX DO ARAGUAIA",MT,EMT,0.89942,2026-04-08,2027-04-07,0
"SAO JOSE DO XINGU",MT,EMT,0.89942,2026-04-08,2027-04-07,0
SAPEZAL,MT,EMT,0.89942,2026-04-08,2027-04-07,0
TABAPORA,MT,EMT,0.89942,2026-04-08,2027-04-07,0
VERA,MT,EMT,0.89942,2026-04-08,2027-04-07,0
"ALTO BOA VISTA",MT,EMT,0.89942,2026-04-08,2027-04-07,0
"AGUA BOA",MT,EMT,0.89942,2026-04-08,2027-04-07,0
"LUCAS DO RIO VERDE",MT,EMT,0.89942,2026-04-08,2027-04-07,0
"SAO JOSE DOS QUATRO MARCOS",MT,EMT,0.89942,2026-04-08,2027-04-07,0
"PRIMAVERA DO LESTE",MT,EMT,0.89942,2026-04-08,2027-04-07,0
"PEDRA PRETA",MT,EMT,0.89942,2026-04-08,2027-04-07,0
CARLINDA,MT,EMT,0.89942,2026-04-08,2027-04-07,0
"VARZEA GRANDE",MT,EMT,0.89942,2026-04-08,2027-04-07,0
"TANGARA DA SERRA",MT,EMT,0.89942,2026-04-08,2027-04-07,0
ARAPUTANGA,MT,EMT,0.89942,2026-04-08,2027-04-07,0
NOBRES,MT,EMT,0.89942,2026-04-08,2027-04-07,0
"NOVA OLIMPIA",MT,EMT,0.89942,2026-04-08,2027-04-07,0
JACIARA,MT,EMT,0.89942,2026-04-08,2027-04-07,0
POCONE,MT,EMT,0.89942,2026-04-08,2027-04-07,0
"BARRA DO GARCAS",MT,EMT,0.89942,2026-04-08,2027-04-07,0
"CAMPO VERDE",MT,EMT,0.89942,2026-04-08,2027-04-07,0
SINOP,MT,EMT,0.89942,2026-04-08,2027-04-07,0
"GUARANTA DO NORTE",MT,EMT,0.89942,2026-04-08,2027-04-07,0
"NOVA MUTUM",MT,EMT,0.89942,2026-04-08,2027-04-07,0
"NOVA XAVANTINA",MT,EMT,0.89942,2026-04-08,2027-04-07,0
"ALTA FLORESTA",MT,EMT,0.89942,2026-04-08,2027-04-07,0
COLIDER,MT,EMT,0.89942,2026-04-08,2027-04-07,0
DENISE,MT,EMT,0.89942,2026-04-08,2027-04-07,0
"CHAPADA DOS GUIMARAES",MT,EMT,0.89942,2026-04-08,2027-04-07,0
DIAMANTINO,MT,EMT,0.89942,2026-04-08,2027-04-07,0
"PEIXOTO DE AZEVEDO",MT,EMT,0.89942,2026-04-08,2027-04-07,0
CUIABA,MT,EMT,0.89942,2026-04-08,2027-04-07,0
"CAMPO NOVO DO PARECIS",MT,EMT,0.89942,2026-04-08,2027-04-07,0
RONDONOPOLIS,MT,EMT,0.89942,2026-04-08,2027-04-07,0
"ROSARIO OESTE",MT,EMT,0.89942,2026-04-08,2027-04-07,0
"PONTES E LACERDA",MT,EMT,0.89942,2026-04-08,2027-04-07,0
ULIANOPOLIS,PA,"EQUATORIAL PA",0.9783,2026-01-01,2026-08-06,0
TOME-ACU,PA,"EQUATORIAL PA",0.9783,2026-01-01,2026-08-06,0
"SANTO ANTONIO DO TAUA",PA,"EQUATORIAL PA",0.9783,2026-01-01,2026-08-06,0
"SANTA MARIA DO PARA",PA,"EQUATORIAL PA",0.9783,2026-01-01,2026-08-06,0
"SANTA LUZIA DO PARA",PA,"EQUATORIAL PA",0.9783,2026-01-01,2026-08-06,0
PRIMAVERA,PA,"EQUATORIAL PA",0.9783,2026-01-01,2026-08-06,0
PARAGOMINAS,PA,"EQUATORIAL PA",0.9783,2026-01-01,2026-08-06,0
OUREM,PA,"EQUATORIAL PA",0.9783,2026-01-01,2026-08-06,0
"MAE DO RIO",PA,"EQUATORIAL PA",0.9783,2026-01-01,2026-08-06,0
IRITUIA,PA,"EQUATORIAL PA",0.9783,2026-01-01,2026-08-06,0
IGARAPE-ACU,PA,"EQUATORIAL PA",0.9783,2026-01-01,2026-08-06,0
"GARRAFAO DO NORTE",PA,"EQUATORIAL PA",0.9783,2026-01-01,2026-08-06,0
CASTANHAL,PA,"EQUATORIAL PA",0.9783,2026-01-01,2026-08-06,0
"CAPITAO POCO",PA,"EQUATORIAL PA",0.9783,2026-01-01,2026-08-06,0
CAPANEMA,PA,"EQUATORIAL PA",0.9783,2026-01-01,2026-08-06,0
BRAGANCA,PA,"EQUATORIAL PA",0.9783,2026-01-01,2026-08-06,0
"DOM ELISEU",PA,"EQUATORIAL PA",0.9783,2026-01-01,2026-08-06,0
BANNACH,PA,"EQUATORIAL PA",0.9783,2026-01-01,2026-08-06,0
"SANTANA DO ARAGUAIA",PA,"EQUATORIAL PA",0.9783,2026-01-01,2026-08-06,0
"SANTA MARIA DAS BARREIRAS",PA,"EQUATORIAL PA",0.9783,2026-01-01,2026-08-06,0
"SAO FELIX DO XINGU",PA,"EQUATORIAL PA",0.9783,2026-01-01,2026-08-06,0
CURIONOPOLIS,PA,"EQUATORIAL PA",0.9783,2026-01-01,2026-08-06,0
"ELDORADO DOS CARAJAS",PA,"EQUATORIAL PA",0.9783,2026-01-01,2026-08-06,0
XINGUARA,PA,"EQUATORIAL PA",0.9783,2026-01-01,2026-08-06,0
"AGUA AZUL DO NORTE",PA,"EQUATORIAL PA",0.9783,2026-01-01,2026-08-06,0
"FLORESTA DO ARAGUAIA",PA,"EQUATORIAL PA",0.9783,2026-01-01,2026-08-06,0
"RIO MARIA",PA,"EQUATORIAL PA",0.9783,2026-01-01,2026-08-06,0
REDENCAO,PA,"EQUATORIAL PA",0.9783,2026-01-01,2026-08-06,0
"PAU D'ARCO",PA,"EQUATORIAL PA",0.9783,2026-01-01,2026-08-06,0
"CUMARU DO NORTE",PA,"EQUATORIAL PA",0.9783,2026-01-01,2026-08-06,0
MARABA,PA,"EQUATORIAL PA",0.9783,2026-01-01,2026-08-06,0
ITUPIRANGA,PA,"EQUATORIAL PA",0.9783,2026-01-01,2026-08-06,0
"CONCEICAO DO ARAGUAIA",PA,"EQUATORIAL PA",0.9783,2026-01-01,2026-08-06,0
"BOM JESUS DO TOCANTINS",PA,"EQUATORIAL PA",0.9783,2026-01-01,2026-08-06,0
"ABEL FIGUEIREDO",PA,"EQUATORIAL PA",0.9783,2026-01-01,2026-08-06,0
"SAO DOMINGOS DO ARAGUAIA",PA,"EQUATORIAL PA",0.9783,2026-01-01,2026-08-06,0
"SAO JOAO DO ARAGUAIA",PA,"EQUATORIAL PA",0.9783,2026-01-01,2026-08-06,0
"SAO GERALDO DO ARAGUAIA",PA,"EQUATORIAL PA",0.9783,2026-01-01,2026-08-06,0
PICARRA,PA,"EQUATORIAL PA",0.9783,2026-01-01,2026-08-06,0
PARAUAPEBAS,PA,"EQUATORIAL PA",0.9783,2026-01-01,2026-08-06,0
"CANAA DOS CARAJAS",PA,"EQUATORIAL PA",0.9783,2026-01-01,2026-08-06,0
"BREJO GRANDE DO ARAGUAIA",PA,"EQUATORIAL PA",0.9783,2026-01-01,2026-08-06,0
"PALESTINA DO PARA",PA,"EQUATORIAL PA",0.9783,2026-01-01,2026-08-06,0
"OURILANDIA DO NORTE",PA,"EQUATORIAL PA",0.9783,2026-01-01,2026-08-06,0
TUCUMA,PA,"EQUATORIAL PA",0.9783,2026-01-01,2026-08-06,0
"NOVA IPIXUNA",PA,"EQUATORIAL PA",0.9783,2026-01-01,2026-08-06,0
JACUNDA,PA,"EQUATORIAL PA",0.9783,2026-01-01,2026-08-06,0
"RIO NEGRO",PR,COPEL-DIS,0.64242,2026-01-01,2026-06-23,1
"UNIAO DO OESTE",SC,CELESC,0.69568,2026-01-01,2026-08-21,0
"SUL BRASIL",SC,CELESC,0.69568,2026-01-01,2026-08-21,1
"SERRA ALTA",SC,CELESC,0.69568,2026-01-01,2026-08-21,1
SAUDADES,SC,CELESC,0.69568,2026-01-01,2026-08-21,1
"SAO LOURENCO DO OESTE",SC,CELESC,0.69568,2026-01-01,2026-08-21,0
"SAO DOMINGOS",SC,CELESC,0.69568,2026-01-01,2026-08-21,0
"SAO CARLOS",SC,CELESC,0.69568,2026-01-01,2026-08-21,0
"SANTIAGO DO SUL",SC,CELESC,0.69568,2026-01-01,2026-08-21,0
QUILOMBO,SC,CELESC,0.69568,2026-01-01,2026-08-21,0
PINHALZINHO,SC,CELESC,0.69568,2026-01-01,2026-08-21,1
"PLANALTO ALEGRE",SC,CELESC,0.69568,2026-01-01,2026-08-21,0
"OURO VERDE",SC,CELESC,0.69568,2026-01-01,2026-08-21,0
"NOVO HORIZONTE",SC,CELESC,0.69568,2026-01-01,2026-08-21,0
"NOVA ITABERABA",SC,CELESC,0.69568,2026-01-01,2026-08-21,0
"NOVA ERECHIM",SC,CELESC,0.69568,2026-01-01,2026-08-21,1
MODELO,SC,CELESC,0.69568,2026-01-01,2026-08-21,1
JUPIA,SC,CELESC,0.69568,2026-01-01,2026-08-21,0
JARDINOPOLIS,SC,CELESC,0.69568,2026-01-01,2026-08-21,0
IRATI,SC,CELESC,0.69568,2026-01-01,2026-08-21,0
IPUACU,SC,CELESC,0.69568,2026-01-01,2026-08-21,1
GUATAMBU,SC,CELESC,0.69568,2026-01-01,2026-08-21,0
GALVAO,SC,CELESC,0.69568,2026-01-01,2026-08-21,0
"FORMOSA DO SUL",SC,CELESC,0.69568,2026-01-01,2026-08-21,0
"CORONEL MARTINS",SC,CELESC,0.69568,2026-01-01,2026-08-21,0
"CORONEL FREITAS",SC,CELESC,0.69568,2026-01-01,2026-08-21,1
"CORDILHEIRA ALTA",SC,CELESC,0.69568,2026-01-01,2026-08-21,1
CHAPECO,SC,CELESC,0.69568,2026-01-01,2026-08-21,0
"CAXAMBU DO SUL",SC,CELESC,0.69568,2026-01-01,2026-08-21,0
"BOM JESUS DO OESTE",SC,CELESC,0.69568,2026-01-01,2026-08-21,1
"AGUAS FRIAS",SC,CELESC,0.69568,2026-01-01,2026-08-21,0
"AGUAS DE CHAPECO",SC,CELESC,0.69568,2026-01-01,2026-08-21,0
"ABELARDO LUZ",SC,CELESC,0.69568,2026-01-01,2026-08-21,1
"SAO JOAO DO ITAPERIU",SC,CELESC,0.69568,2026-01-01,2026-08-21,0
"PORTO BELO",SC,CELESC,0.69568,2026-01-01,2026-08-21,0
"BALNEARIO PICARRAS",SC,CELESC,0.69568,2026-01-01,2026-08-21,0
PENHA,SC,CELESC,0.69568,2026-01-01,2026-08-21,0
NAVEGANTES,SC,CELESC,0.69568,2026-01-01,2026-08-21,0
ITAPEMA,SC,CELESC,0.69568,2026-01-01,2026-08-21,0
ITAJAI,SC,CELESC,0.69568,2026-01-01,2026-08-21,0
ILHOTA,SC,CELESC,0.69568,2026-01-01,2026-08-21,0
CAMBORIU,SC,CELESC,0.69568,2026-01-01,2026-08-21,0
BOMBINHAS,SC,CELESC,0.69568,2026-01-01,2026-08-21,0
"BARRA VELHA",SC,CELESC,0.69568,2026-01-01,2026-08-21,0
"BALNEARIO CAMBORIU",SC,CELESC,0.69568,2026-01-01,2026-08-21,0
"SAO BENTO DO SUL",SC,CELESC,0.69568,2026-01-01,2026-08-21,0
"CAMPO ALEGRE",SC,CELESC,0.69568,2026-01-01,2026-08-21,0
"RIO NEGRINHO",SC,CELESC,0.69568,2026-01-01,2026-08-21,0
"TRES BARRAS",SC,CELESC,0.69568,2026-01-01,2026-08-21,0
"SANTA TEREZINHA",SC,CELESC,0.69568,2026-01-01,2026-08-21,0
"PORTO UNIAO",SC,CELESC,0.69568,2026-01-01,2026-08-21,1
PAPANDUVA,SC,CELESC,0.69568,2026-01-01,2026-08-21,0
"MONTE CASTELO",SC,CELESC,0.69568,2026-01-01,2026-08-21,0
"MAJOR VIEIRA",SC,CELESC,0.69568,2026-01-01,2026-08-21,0
MAFRA,SC,CELESC,0.69568,2026-01-01,2026-08-21,0
ITAIOPOLIS,SC,CELESC,0.69568,2026-01-01,2026-08-21,0
IRINEOPOLIS,SC,CELESC,0.69568,2026-01-01,2026-08-21,0
CANOINHAS,SC,CELESC,0.69568,2026-01-01,2026-08-21,0
"BELA VISTA DO TOLDO",SC,CELESC,0.69568,2026-01-01,2026-08-21,0
WITMARSUM,SC,CELESC,0.69568,2026-01-01,2026-08-21,0
"VITOR MEIRELES",SC,CELESC,0.69568,2026-01-01,2026-08-21,0
"VIDAL RAMOS",SC,CELESC,0.69568,2026-01-01,2026-08-21,0
"TROMBUDO CENTRAL",SC,CELESC,0.69568,2026-01-01,2026-08-21,0
TAIO,SC,CELESC,0.69568,2026-01-01,2026-08-21,0
SALETE,SC,CELESC,0.69568,2026-01-01,2026-08-21,0
"RIO DO SUL",SC,CELESC,0.69568,2026-01-01,2026-08-21,0
"RIO DO OESTE",SC,CELESC,0.69568,2026-01-01,2026-08-21,0
"RIO DO CAMPO",SC,CELESC,0.69568,2026-01-01,2026-08-21,0
"PRESIDENTE NEREU",SC,CELESC,0.69568,2026-01-01,2026-08-21,0
"PRESIDENTE GETULIO",SC,CELESC,0.69568,2026-01-01,2026-08-21,0
"POUSO REDONDO",SC,CELESC,0.69568,2026-01-01,2026-08-21,0
PETROLANDIA,SC,CELESC,0.69568,2026-01-01,2026-08-21,0
"MIRIM DOCE",SC,CELESC,0.69568,2026-01-01,2026-08-21,0
LONTRAS,SC,CELESC,0.69568,2026-01-01,2026-08-21,0
"LEOBERTO LEAL",SC,CELESC,0.69568,2026-01-01,2026-08-21,1
LAURENTINO,SC,CELESC,0.69568,2026-01-01,2026-08-21,0
"JOSE BOITEUX",SC,CELESC,0.69568,2026-01-01,2026-08-21,0
ITUPORANGA,SC,CELESC,0.69568,2026-01-01,2026-08-21,0
IMBUIA,SC,CELESC,0.69568,2026-01-01,2026-08-21,0
IBIRAMA,SC,CELESC,0.69568,2026-01-01,2026-08-21,0
"DONA EMMA",SC,CELESC,0.69568,2026-01-01,2026-08-21,0
"CHAPADAO DO LAGEADO",SC,CELESC,0.69568,2026-01-01,2026-08-21,0
"BRACO DO TROMBUDO",SC,CELESC,0.69568,2026-01-01,2026-08-21,0
AURORA,SC,CELESC,0.69568,2026-01-01,2026-08-21,0
ATALANTA,SC,CELESC,0.69568,2026-01-01,2026-08-21,0
AGRONOMICA,SC,CELESC,0.69568,2026-01-01,2026-08-21,0
AGROLANDIA,SC,CELESC,0.69568,2026-01-01,2026-08-21,0
TUBARAO,SC,CELESC,0.69568,2026-01-01,2026-08-21,1
SANGAO,SC,CELESC,0.69568,2026-01-01,2026-08-21,1
"PEDRAS GRANDES",SC,CELESC,0.69568,2026-01-01,2026-08-21,1
ORLEANS,SC,CELESC,0.69568,2026-01-01,2026-08-21,1
"LAURO MULLER",SC,CELESC,0.69568,2026-01-01,2026-08-21,1
LAGUNA,SC,CELESC,0.69568,2026-01-01,2026-08-21,1
JAGUARUNA,SC,CELESC,0.69568,2026-01-01,2026-08-21,1
IMBITUBA,SC,CELESC,0.69568,2026-01-01,2026-08-21,1
IMARUI,SC,CELESC,0.69568,2026-01-01,2026-08-21,1
GAROPABA,SC,CELESC,0.69568,2026-01-01,2026-08-21,1
"CAPIVARI DE BAIXO",SC,CELESC,0.69568,2026-01-01,2026-08-21,1
TUNAPOLIS,SC,CELESC,0.69568,2026-01-01,2026-08-21,0
TIGRINHOS,SC,CELESC,0.69568,2026-01-01,2026-08-21,1
"SANTA TEREZINHA DO PROGRESSO",SC,CELESC,0.69568,2026-01-01,2026-08-21,0
"SAO MIGUEL DA BOA VISTA",SC,CELESC,0.69568,2026-01-01,2026-08-21,1
"SAO JOSE DO CEDRO",SC,CELESC,0.69568,2026-01-01,2026-08-21,0
"SAO JOAO DO OESTE",SC,CELESC,0.69568,2026-01-01,2026-08-21,0
"SAO BERNARDINO",SC,CELESC,0.69568,2026-01-01,2026-08-21,0
"SANTA HELENA",SC,CELESC,0.69568,2026-01-01,2026-08-21,0
SALTINHO,SC,CELESC,0.69568,2026-01-01,2026-08-21,0
"SAO MIGUEL DO OESTE",SC,CELESC,0.69568,2026-01-01,2026-08-21,0
ROMELANDIA,SC,CELESC,0.69568,2026-01-01,2026-08-21,0
RIQUEZA,SC,CELESC,0.69568,2026-01-01,2026-08-21,0
PRINCESA,SC,CELESC,0.69568,2026-01-01,2026-08-21,0
PARAISO,SC,CELESC,0.69568,2026-01-01,2026-08-21,0
PALMITOS,SC,CELESC,0.69568,2026-01-01,2026-08-21,0
"PALMA SOLA",SC,CELESC,0.69568,2026-01-01,2026-08-21,0
MONDAI,SC,CELESC,0.69568,2026-01-01,2026-08-21,0
MARAVILHA,SC,CELESC,0.69568,2026-01-01,2026-08-21,0
ITAPIRANGA,SC,CELESC,0.69568,2026-01-01,2026-08-21,0
IRACEMINHA,SC,CELESC,0.69568,2026-01-01,2026-08-21,0
GUARACIABA,SC,CELESC,0.69568,2026-01-01,2026-08-21,0
"IPORA DO OESTE",SC,CELESC,0.69568,2026-01-01,2026-08-21,0
"GUARUJA DO SUL",SC,CELESC,0.69568,2026-01-01,2026-08-21,0
"FLOR DO SERTAO",SC,CELESC,0.69568,2026-01-01,2026-08-21,0
"DIONISIO CERQUEIRA",SC,CELESC,0.69568,2026-01-01,2026-08-21,0
DESCANSO,SC,CELESC,0.69568,2026-01-01,2026-08-21,0
"CUNHA PORA",SC,CELESC,0.69568,2026-01-01,2026-08-21,1
"CAMPO ERE",SC,CELESC,0.69568,2026-01-01,2026-08-21,0
CAIBI,SC,CELESC,0.69568,2026-01-01,2026-08-21,0
BELMONTE,SC,CELESC,0.69568,2026-01-01,2026-08-21,0
"BARRA BONITA",SC,CELESC,0.69568,2026-01-01,2026-08-21,0
BANDEIRANTE,SC,CELESC,0.69568,2026-01-01,2026-08-21,0
ANCHIETA,SC,CELESC,0.69568,2026-01-01,2026-08-21,0
SOMBRIO,SC,CELESC,0.69568,2026-01-01,2026-08-21,1
"SANTA ROSA DO SUL",SC,CELESC,0.69568,2026-01-01,2026-08-21,1
"NOVA VENEZA",SC,CELESC,0.69568,2026-01-01,2026-08-21,1
MARACAJA,SC,CELESC,0.69568,2026-01-01,2026-08-21,1
ICARA,SC,CELESC,0.69568,2026-01-01,2026-08-21,1
CRICIUMA,SC,CELESC,0.69568,2026-01-01,2026-08-21,1
"BALNEARIO GAIVOTA",SC,CELESC,0.69568,2026-01-01,2026-08-21,1
"BALNEARIO ARROIO DO SILVA",SC,CELESC,0.69568,2026-01-01,2026-08-21,0
ARARANGUA,SC,CELESC,0.69568,2026-01-01,2026-08-21,1
ZORTEA,SC,CELESC,0.69568,2026-01-01,2026-08-21,0
"VARGEM BONITA",SC,CELESC,0.69568,2026-01-01,2026-08-21,0
VARGEM,SC,CELESC,0.69568,2026-01-01,2026-08-21,0
"TREZE TILIAS",SC,CELESC,0.69568,2026-01-01,2026-08-21,0
PIRATUBA,SC,CELESC,0.69568,2026-01-01,2026-08-21,0
OURO,SC,CELESC,0.69568,2026-01-01,2026-08-21,0
"MONTE CARLO",SC,CELESC,0.69568,2026-01-01,2026-08-21,0
LUZERNA,SC,CELESC,0.69568,2026-01-01,2026-08-21,0
LACERDOPOLIS,SC,CELESC,0.69568,2026-01-01,2026-08-21,0
JOACABA,SC,CELESC,0.69568,2026-01-01,2026-08-21,0
IRANI,SC,CELESC,0.69568,2026-01-01,2026-08-21,0
IPIRA,SC,CELESC,0.69568,2026-01-01,2026-08-21,0
IBICARE,SC,CELESC,0.69568,2026-01-01,2026-08-21,0
"HERVAL D'OESTE",SC,CELESC,0.69568,2026-01-01,2026-08-21,0
"ERVAL VELHO",SC,CELESC,0.69568,2026-01-01,2026-08-21,0
CATANDUVAS,SC,CELESC,0.69568,2026-01-01,2026-08-21,0
CAPINZAL,SC,CELESC,0.69568,2026-01-01,2026-08-21,0
"CAMPOS NOVOS",SC,CELESC,0.69568,2026-01-01,2026-08-21,0
BRUNOPOLIS,SC,CELESC,0.69568,2026-01-01,2026-08-21,0
"AGUA DOCE",SC,CELESC,0.69568,2026-01-01,2026-08-21,0
"ABDON BATISTA",SC,CELESC,0.69568,2026-01-01,2026-08-21,0
SCHROEDER,SC,CELESC,0.69568,2026-01-01,2026-08-21,0
"JARAGUA DO SUL",SC,CELESC,0.69568,2026-01-01,2026-08-21,0
GUARAMIRIM,SC,CELESC,0.69568,2026-01-01,2026-08-21,0
CORUPA,SC,CELESC,0.69568,2026-01-01,2026-08-21,0
XAVANTINA,SC,CELESC,0.69568,2026-01-01,2026-08-21,0
VARGEAO,SC,CELESC,0.69568,2026-01-01,2026-08-21,0
SEARA,SC,CELESC,0.69568,2026-01-01,2026-08-21,0
"PRESIDENTE CASTELLO BRANCO",SC,CELESC,0.69568,2026-01-01,2026-08-21,0
"PONTE SERRADA",SC,CELESC,0.69568,2026-01-01,2026-08-21,0
PERITIBA,SC,CELESC,0.69568,2026-01-01,2026-08-21,0
"PASSOS MAIA",SC,CELESC,0.69568,2026-01-01,2026-08-21,0
PAIAL,SC,CELESC,0.69568,2026-01-01,2026-08-21,0
"LINDOIA DO SUL",SC,CELESC,0.69568,2026-01-01,2026-08-21,0
JABORA,SC,CELESC,0.69568,2026-01-01,2026-08-21,0
ITA,SC,CELESC,0.69568,2026-01-01,2026-08-21,0
IPUMIRIM,SC,CELESC,0.69568,2026-01-01,2026-08-21,0
"FAXINAL DOS GUEDES",SC,CELESC,0.69568,2026-01-01,2026-08-21,1
CONCORDIA,SC,CELESC,0.69568,2026-01-01,2026-08-21,0
ARVOREDO,SC,CELESC,0.69568,2026-01-01,2026-08-21,0
ARABUTA,SC,CELESC,0.69568,2026-01-01,2026-08-21,0
"ALTO BELA VISTA",SC,CELESC,0.69568,2026-01-01,2026-08-21,0
VIDEIRA,SC,CELESC,0.69568,2026-01-01,2026-08-21,0
"TIMBO GRANDE",SC,CELESC,0.69568,2026-01-01,2026-08-21,0
TANGARA,SC,CELESC,0.69568,2026-01-01,2026-08-21,0
"SALTO VELOSO",SC,CELESC,0.69568,2026-01-01,2026-08-21,0
"RIO DAS ANTAS",SC,CELESC,0.69568,2026-01-01,2026-08-21,0
"PINHEIRO PRETO",SC,CELESC,0.69568,2026-01-01,2026-08-21,0
"MATOS COSTA",SC,CELESC,0.69568,2026-01-01,2026-08-21,0
MACIEIRA,SC,CELESC,0.69568,2026-01-01,2026-08-21,0
"LEBON REGIS",SC,CELESC,0.69568,2026-01-01,2026-08-21,0
IOMERE,SC,CELESC,0.69568,2026-01-01,2026-08-21,0
IBIAM,SC,CELESC,0.69568,2026-01-01,2026-08-21,0
FRAIBURGO,SC,CELESC,0.69568,2026-01-01,2026-08-21,0
CALMON,SC,CELESC,0.69568,2026-01-01,2026-08-21,0
CACADOR,SC,CELESC,0.69568,2026-01-01,2026-08-21,0
"ARROIO TRINTA",SC,CELESC,0.69568,2026-01-01,2026-08-21,0
URUPEMA,SC,CELESC,0.69568,2026-01-01,2026-08-21,0
URUBICI,SC,CELESC,0.69568,2026-01-01,2026-08-21,0
"SAO JOSE DO CERRITO",SC,CELESC,0.69568,2026-01-01,2026-08-21,0
"SAO JOAQUIM",SC,CELESC,0.69568,2026-01-01,2026-08-21,0
"SAO CRISTOVAO DO SUL",SC,CELESC,0.69568,2026-01-01,2026-08-21,0
"SANTA CECILIA",SC,CELESC,0.69568,2026-01-01,2026-08-21,0
"RIO RUFINO",SC,CELESC,0.69568,2026-01-01,2026-08-21,0
"PONTE ALTA",SC,CELESC,0.69568,2026-01-01,2026-08-21,0
"PONTE ALTA DO NORTE",SC,CELESC,0.69568,2026-01-01,2026-08-21,0
PALMEIRA,SC,CELESC,0.69568,2026-01-01,2026-08-21,0
PAINEL,SC,CELESC,0.69568,2026-01-01,2026-08-21,0
"OTACILIO COSTA",SC,CELESC,0.69568,2026-01-01,2026-08-21,0
LAGES,SC,CELESC,0.69568,2026-01-01,2026-08-21,0
"FREI ROGERIO",SC,CELESC,0.69568,2026-01-01,2026-08-21,0
CURITIBANOS,SC,CELESC,0.69568,2026-01-01,2026-08-21,0
"CERRO NEGRO",SC,CELESC,0.69568,2026-01-01,2026-08-21,0
"CORREIA PINTO",SC,CELESC,0.69568,2026-01-01,2026-08-21,0
"CELSO RAMOS",SC,CELESC,0.69568,2026-01-01,2026-08-21,0
"CAPAO ALTO",SC,CELESC,0.69568,2026-01-01,2026-08-21,0
"CAMPO BELO DO SUL",SC,CELESC,0.69568,2026-01-01,2026-08-21,0
"BOM RETIRO",SC,CELESC,0.69568,2026-01-01,2026-08-21,0
"BOM JARDIM DA SERRA",SC,CELESC,0.69568,2026-01-01,2026-08-21,0
"BOCAINA DO SUL",SC,CELESC,0.69568,2026-01-01,2026-08-21,0
"ANITA GARIBALDI",SC,CELESC,0.69568,2026-01-01,2026-08-21,0
"SAO FRANCISCO DO SUL",SC,CELESC,0.69568,2026-01-01,2026-08-21,0
JOINVILLE,SC,CELESC,0.69568,2026-01-01,2026-08-21,0
ITAPOA,SC,CELESC,0.69568,2026-01-01,2026-08-21,0
GARUVA,SC,CELESC,0.69568,2026-01-01,2026-08-21,0
"BALNEARIO BARRA DO SUL",SC,CELESC,0.69568,2026-01-01,2026-08-21,0
ARAQUARI,SC,CELESC,0.69568,2026-01-01,2026-08-21,1
"DOUTOR PEDRINHO",SC,CELESC,0.69568,2026-01-01,2026-08-21,0
APIUNA,SC,CELESC,0.69568,2026-01-01,2026-08-21,0
MASSARANDUBA,SC,CELESC,0.69568,2026-01-01,2026-08-21,0
BOTUVERA,SC,CELESC,0.69568,2026-01-01,2026-08-21,0
"LUIZ ALVES",SC,CELESC,0.69568,2026-01-01,2026-08-21,0
ASCURRA,SC,CELESC,0.69568,2026-01-01,2026-08-21,0
RODEIO,SC,CELESC,0.69568,2026-01-01,2026-08-21,0
INDAIAL,SC,CELESC,0.69568,2026-01-01,2026-08-21,0
"BENEDITO NOVO",SC,CELESC,0.69568,2026-01-01,2026-08-21,0
"RIO DOS CEDROS",SC,CELESC,0.69568,2026-01-01,2026-08-21,0
TIMBO,SC,CELESC,0.69568,2026-01-01,2026-08-21,0
GASPAR,SC,CELESC,0.69568,2026-01-01,2026-08-21,0
POMERODE,SC,CELESC,0.69568,2026-01-01,2026-08-21,0
GUABIRUBA,SC,CELESC,0.69568,2026-01-01,2026-08-21,0
BRUSQUE,SC,CELESC,0.69568,2026-01-01,2026-08-21,0
BLUMENAU,SC,CELESC,0.69568,2026-01-01,2026-08-21,0
"ALFREDO WAGNER",SC,CELESC,0.69568,2026-01-01,2026-08-21,0
"RANCHO QUEIMADO",SC,CELESC,0.69568,2026-01-01,2026-08-21,1
ANGELINA,SC,CELESC,0.69568,2026-01-01,2026-08-21,1
"NOVA TRENTO",SC,CELESC,0.69568,2026-01-01,2026-08-21,1
BOCAINA,PI,"EQUATORIAL PI",0.94669,2026-01-01,2026-12-01,0
"SAO LUIS DO PIAUI",PI,"EQUATORIAL PI",0.94669,2026-01-01,2026-12-01,0
SUSSUAPARA,PI,"EQUATORIAL PI",0.94669,2026-01-01,2026-12-01,0
"ALAGOINHA DO PIAUI",PI,"EQUATORIAL PI",0.94669,2026-01-01,2026-12-01,0
"CAMPO GRANDE DO PIAUI",PI,"EQUATORIAL PI",0.94669,2026-01-01,2026-12-01,0
"FRANCISCO SANTOS",PI,"EQUATORIAL PI",0.94669,2026-01-01,2026-12-01,0
"MONSENHOR HIPOLITO",PI,"EQUATORIAL PI",0.94669,2026-01-01,2026-12-01,0
"SANTO ANTONIO DE LISBOA",PI,"EQUATORIAL PI",0.94669,2026-01-01,2026-12-01,0
"SANTANA DO PIAUI",PI,"EQUATORIAL PI",0.94669,2026-01-01,2026-12-01,0
"SAO JOAO DA CANABRAVA",PI,"EQUATORIAL PI",0.94669,2026-01-01,2026-12-01,0
"SAO JOSE DO PIAUI",PI,"EQUATORIAL PI",0.94669,2026-01-01,2026-12-01,0
GEMINIANO,PI,"EQUATORIAL PI",0.94669,2026-01-01,2026-12-01,0
ITAINOPOLIS,PI,"EQUATORIAL PI",0.94669,2026-01-01,2026-12-01,0
"VERA MENDES",PI,"EQUATORIAL PI",0.94669,2026-01-01,2026-12-01,0
"JACOBINA DO PIAUI",PI,"EQUATORIAL PI",0.94669,2026-01-01,2026-12-01,0
"PATOS DO PIAUI",PI,"EQUATORIAL PI",0.94669,2026-01-01,2026-12-01,0
"ANISIO DE ABREU",PI,"EQUATORIAL PI",0.94669,2026-01-01,2026-12-01,0
JUREMA,PI,"EQUATORIAL PI",0.94669,2026-01-01,2026-12-01,0
"SAO BRAZ DO PIAUI",PI,"EQUATORIAL PI",0.94669,2026-01-01,2026-12-01,0
"BONFIM DO PIAUI",PI,"EQUATORIAL PI",0.94669,2026-01-01,2026-12-01,0
"VARZEA BRANCA",PI,"EQUATORIAL PI",0.94669,2026-01-01,2026-12-01,0
"FLORESTA DO PIAUI",PI,"EQUATORIAL PI",0.94669,2026-01-01,2026-12-01,0
"SANTO INACIO DO PIAUI",PI,"EQUATORIAL PI",0.94669,2026-01-01,2026-12-01,0
"PEDRO LAURENTINO",PI,"EQUATORIAL PI",0.94669,2026-01-01,2026-12-01,0
"NOVA SANTA RITA",PI,"EQUATORIAL PI",0.94669,2026-01-01,2026-12-01,1
"SAO RAIMUNDO NONATO",PI,"EQUATORIAL PI",0.94669,2026-01-01,2026-12-01,0
"SIMPLICIO MENDES",PI,"EQUATORIAL PI",0.94669,2026-01-01,2026-12-01,0
"NOVO ORIENTE DO PIAUI",PI,"EQUATORIAL PI",0.94669,2026-01-01,2026-12-01,0
"BARRA D'ALCANTARA",PI,"EQUATORIAL PI",0.94669,2026-01-01,2026-12-01,0
FRANCINOPOLIS,PI,"EQUATORIAL PI",0.94669,2026-01-01,2026-12-01,0
"TANQUE DO PIAUI",PI,"EQUATORIAL PI",0.94669,2026-01-01,2026-12-01,0
"VARZEA GRANDE",PI,"EQUATORIAL PI",0.94669,2026-01-01,2026-12-01,0
"VALENCA DO PIAUI",PI,"EQUATORIAL PI",0.94669,2026-01-01,2026-12-01,0
"LAGOA DO SITIO",PI,"EQUATORIAL PI",0.94669,2026-01-01,2026-12-01,0
PIMENTEIRAS,PI,"EQUATORIAL PI",0.94669,2026-01-01,2026-12-01,0
"JOAQUIM PIRES",PI,"EQUATORIAL PI",0.94669,2026-01-01,2026-12-01,0
"MURICI DOS PORTELAS",PI,"EQUATORIAL PI",0.94669,2026-01-01,2026-12-01,0
"JOCA MARQUES",PI,"EQUATORIAL PI",0.94669,2026-01-01,2026-12-01,0
MADEIRO,PI,"EQUATORIAL PI",0.94669,2026-01-01,2026-12-01,0
"BOQUEIRAO DO PIAUI",PI,"EQUATORIAL PI",0.94669,2026-01-01,2026-12-01,0
"NOSSA SENHORA DE NAZARE",PI,"EQUATORIAL PI",0.94669,2026-01-01,2026-12-01,0
"ASSUNCAO DO PIAUI",PI,"EQUATORIAL PI",0.94669,2026-01-01,2026-12-01,0
"SAO MIGUEL DO TAPUIO",PI,"EQUATORIAL PI",0.94669,2026-01-01,2026-12-01,0
"ANGICAL DO PIAUI",PI,"EQUATORIAL PI",0.94669,2026-01-01,2026-12-01,0
"JARDIM DO MULATO",PI,"EQUATORIAL PI",0.94669,2026-01-01,2026-12-01,0
"SANTO ANTONIO DOS MILAGRES",PI,"EQUATORIAL PI",0.94669,2026-01-01,2026-12-01,0
AGRICOLANDIA,PI,"EQUATORIAL PI",0.94669,2026-01-01,2026-12-01,0
"LAGOINHA DO PIAUI",PI,"EQUATORIAL PI",0.94669,2026-01-01,2026-12-01,0
"MIGUEL LEAO",PI,"EQUATORIAL PI",0.94669,2026-01-01,2026-12-01,0
"CRISTINO CASTRO",PI,"EQUATORIAL PI",0.94669,2026-01-01,2026-12-01,0
"PALMEIRA DO PIAUI",PI,"EQUATORIAL PI",0.94669,2026-01-01,2026-12-01,0
"SANTA LUZ",PI,"EQUATORIAL PI",0.94669,2026-01-01,2026-12-01,0
"CRISTALANDIA DO PIAUI",PI,"EQUATORIAL PI",0.94669,2026-01-01,2026-12-01,0
"SEBASTIAO BARROS",PI,"EQUATORIAL PI",0.94669,2026-01-01,2026-12-01,0
CORRENTE,PI,"EQUATORIAL PI",0.94669,2026-01-01,2026-12-01,0
"SAO GONCALO DO GURGUEIA",PI,"EQUATORIAL PI",0.94669,2026-01-01,2026-12-01,0
"SANTA FILOMENA",PI,"EQUATORIAL PI",0.94669,2026-01-01,2026-12-01,0
"REDENCAO DO GURGUEIA",PI,"EQUATORIAL PI",0.94669,2026-01-01,2026-12-01,0
"AVELINO LOPES",PI,"EQUATORIAL PI",0.94669,2026-01-01,2026-12-01,0
"JULIO BORGES",PI,"EQUATORIAL PI",0.94669,2026-01-01,2026-12-01,0
CURIMATA,PI,"EQUATORIAL PI",0.94669,2026-01-01,2026-12-01,0
PARNAGUA,PI,"EQUATORIAL PI",0.94669,2026-01-01,2026-12-01,0
"RIACHO FRIO",PI,"EQUATORIAL PI",0.94669,2026-01-01,2026-12-01,0
"ANTONIO ALMEIDA",PI,"EQUATORIAL PI",0.94669,2026-01-01,2026-12-01,0
"PORTO ALEGRE DO PIAUI",PI,"EQUATORIAL PI",0.94669,2026-01-01,2026-12-01,0
"CANTO DO BURITI",PI,"EQUATORIAL PI",0.94669,2026-01-01,2026-12-01,0
"FLORES DO PIAUI",PI,"EQUATORIAL PI",0.94669,2026-01-01,2026-12-01,0
"PAJEU DO PIAUI",PI,"EQUATORIAL PI",0.94669,2026-01-01,2026-12-01,0
"LANDRI SALES",PI,"EQUATORIAL PI",0.94669,2026-01-01,2026-12-01,0
"MARCOS PARENTE",PI,"EQUATORIAL PI",0.94669,2026-01-01,2026-12-01,0
"NAZARE DO PIAUI",PI,"EQUATORIAL PI",0.94669,2026-01-01,2026-12-01,0
"SAO FRANCISCO DO PIAUI",PI,"EQUATORIAL PI",0.94669,2026-01-01,2026-12-01,0
ARRAIAL,PI,"EQUATORIAL PI",0.94669,2026-01-01,2026-12-01,0
"CAJAZEIRAS DO PIAUI",PI,"EQUATORIAL PI",0.94669,2026-01-01,2026-12-01,0
"FRANCISCO AYRES",PI,"EQUATORIAL PI",0.94669,2026-01-01,2026-12-01,0
"COLONIA DO PIAUI",PI,"EQUATORIAL PI",0.94669,2026-01-01,2026-12-01,0
"SANTA ROSA DO PIAUI",PI,"EQUATORIAL PI",0.94669,2026-01-01,2026-12-01,0
URUCUI,PI,"EQUATORIAL PI",0.94669,2026-01-01,2026-12-01,0
BENEDITINOS,PI,"EQUATORIAL PI",0.94669,2026-01-01,2026-12-01,0
"PRATA DO PIAUI",PI,"EQUATORIAL PI",0.94669,2026-01-01,2026-12-01,0
CURRALINHOS,PI,"EQUATORIAL PI",0.94669,2026-01-01,2026-12-01,0
PALMEIRAIS,PI,"EQUATORIAL PI",0.94669,2026-01-01,2026-12-01,0
TERESINA,PI,"EQUATORIAL PI",0.94669,2026-01-01,2026-12-01,0
"SAO PEDRO DE ALCANTARA",SC,CELESC,0.69568,2026-01-01,2026-08-21,1
"MAJOR GERCINO",SC,CELESC,0.69568,2026-01-01,2026-08-21,1
"SAO JOAO BATISTA",SC,CELESC,0.69568,2026-01-01,2026-08-21,0
CANELINHA,SC,CELESC,0.69568,2026-01-01,2026-08-21,1
TIJUCAS,SC,CELESC,0.69568,2026-01-01,2026-08-21,1
"GOVERNADOR CELSO RAMOS",SC,CELESC,0.69568,2026-01-01,2026-08-21,1
"ANTONIO CARLOS",SC,CELESC,0.69568,2026-01-01,2026-08-21,1
BIGUACU,SC,CELESC,0.69568,2026-01-01,2026-08-21,1
"AGUAS MORNAS",SC,CELESC,0.69568,2026-01-01,2026-08-21,1
"SANTO AMARO DA IMPERATRIZ",SC,CELESC,0.69568,2026-01-01,2026-08-21,1
PALHOCA,SC,CELESC,0.69568,2026-01-01,2026-08-21,1
"SAO JOSE",SC,CELESC,0.69568,2026-01-01,2026-08-21,1
FLORIANOPOLIS,SC,CELESC,0.69568,2026-01-01,2026-08-21,0
IJUI,RS,DEMEI,0.69147,2026-01-01,2026-07-21,1
"PORTO ALEGRE",RS,CEEE-D,0.822,2026-01-01,2026-11-21,0
"SAO FERNANDO",RN,COSERN,0.7758,2026-04-22,2027-04-21,0
"SAO GONCALO DO AMARANTE",RN,COSERN,0.7758,2026-04-22,2027-04-21,0
"SAO RAFAEL",RN,COSERN,0.7758,2026-04-22,2027-04-21,0
"SERRA DO MEL",RN,COSERN,0.7758,2026-04-22,2027-04-21,0
BEBEDOURO,SP,CPFL-PAULISTA,0.73945,2026-04-08,2027-04-07,0
CAJOBI,SP,CPFL-PAULISTA,0.73945,2026-04-08,2027-04-07,0
EMBAUBA,SP,CPFL-PAULISTA,0.73945,2026-04-08,2027-04-07,0
"MONTE AZUL PAULISTA",SP,CPFL-PAULISTA,0.73945,2026-04-08,2027-04-07,0
PITANGUEIRAS,SP,CPFL-PAULISTA,0.73945,2026-04-08,2027-04-07,0
SEVERINIA,SP,CPFL-PAULISTA,0.73945,2026-04-08,2027-04-07,0
"TERRA ROXA",SP,CPFL-PAULISTA,0.73945,2026-04-08,2027-04-07,0
VIRADOURO,SP,CPFL-PAULISTA,0.73945,2026-04-08,2027-04-07,0
BALSAMO,SP,CPFL-PAULISTA,0.73945,2026-04-08,2027-04-07,0
BARBOSA,SP,CPFL-PAULISTA,0.73945,2026-04-08,2027-04-07,0
JACI,SP,CPFL-PAULISTA,0.73945,2026-04-08,2027-04-07,1
"JOSE BONIFACIO",SP,CPFL-PAULISTA,0.73945,2026-04-08,2027-04-07,1
MIRASSOL,SP,CPFL-PAULISTA,0.73945,2026-04-08,2027-04-07,1
"MONTE APRAZIVEL",SP,CPFL-PAULISTA,0.73945,2026-04-08,2027-04-07,1
"NEVES PAULISTA",SP,CPFL-PAULISTA,0.73945,2026-04-08,2027-04-07,0
POLONI,SP,CPFL-PAULISTA,0.73945,2026-04-08,2027-04-07,0
TANABI,SP,CPFL-PAULISTA,0.73945,2026-04-08,2027-04-07,0
UBARANA,SP,CPFL-PAULISTA,0.73945,2026-04-08,2027-04-07,0
APARECIDA,SP,"EDP SP",0.7867,2026-01-01,2026-10-22,0
GUARATINGUETA,SP,"EDP SP",0.7867,2026-01-01,2026-10-22,0
POTIM,SP,"EDP SP",0.7867,2026-01-01,2026-10-22,0
ROSEIRA,SP,"EDP SP",0.7867,2026-01-01,2026-10-22,0
CACAPAVA,SP,"EDP SP",0.7867,2026-01-01,2026-10-22,0
JACAREI,SP,"EDP SP",0.7867,2026-01-01,2026-10-22,0
CARAGUATATUBA,SP,"EDP SP",0.7867,2026-01-01,2026-10-22,0
"SAO SEBASTIAO",SP,"EDP SP",0.7867,2026-01-01,2026-10-22,0
"CACHOEIRA PAULISTA",SP,"EDP SP",0.7867,2026-01-01,2026-10-22,0
CANAS,SP,"EDP SP",0.7867,2026-01-01,2026-10-22,0
CRUZEIRO,SP,"EDP SP",0.7867,2026-01-01,2026-10-22,0
LORENA,SP,"EDP SP",0.7867,2026-01-01,2026-10-22,0
PINDAMONHANGABA,SP,"EDP SP",0.7867,2026-01-01,2026-10-22,0
TREMEMBE,SP,"EDP SP",0.7867,2026-01-01,2026-10-22,0
"SAO JOSE DOS CAMPOS",SP,"EDP SP",0.7867,2026-01-01,2026-10-22,0
TAUBATE,SP,"EDP SP",0.7867,2026-01-01,2026-10-22,0
BIRITIBA-MIRIM,SP,"EDP SP",0.7867,2026-01-01,2026-10-22,0
GUARAREMA,SP,"EDP SP",0.7867,2026-01-01,2026-10-22,0
JAMBEIRO,SP,"EDP SP",0.7867,2026-01-01,2026-10-22,1
SALESOPOLIS,SP,"EDP SP",0.7867,2026-01-01,2026-10-22,0
"SANTA BRANCA",SP,"EDP SP",0.7867,2026-01-01,2026-10-22,1
GUARULHOS,SP,"EDP SP",0.7867,2026-01-01,2026-10-22,0
ITAQUAQUECETUBA,SP,"EDP SP",0.7867,2026-01-01,2026-10-22,0
"MOGI DAS CRUZES",SP,"EDP SP",0.7867,2026-01-01,2026-10-22,1
"FERRAZ DE VASCONCELOS",SP,"EDP SP",0.7867,2026-01-01,2026-10-22,0
POA,SP,"EDP SP",0.7867,2026-01-01,2026-10-22,0
SUZANO,SP,"EDP SP",0.7867,2026-01-01,2026-10-22,1
"PEDRAS DE FOGO",PB,EPB,0.67565,2026-01-01,2026-08-27,1
SALVADOR,BA,COELBA,0.87773,2026-04-22,2027-04-21,0
"LAURO DE FREITAS",BA,COELBA,0.87773,2026-04-22,2027-04-21,0
"SIMOES FILHO",BA,COELBA,0.87773,2026-04-22,2027-04-21,0
"FEIRA DE SANTANA",BA,COELBA,0.87773,2026-04-22,2027-04-21,0
ANGUERA,BA,COELBA,0.87773,2026-04-22,2027-04-21,0
IPIRA,BA,COELBA,0.87773,2026-04-22,2027-04-21,0
"SERRA PRETA",BA,COELBA,0.87773,2026-04-22,2027-04-21,0
"SANTO ESTEVAO",BA,COELBA,0.87773,2026-04-22,2027-04-21,0
IPECAETA,BA,COELBA,0.87773,2026-04-22,2027-04-21,0
"ANTONIO CARDOSO",BA,COELBA,0.87773,2026-04-22,2027-04-21,0
"AMELIA RODRIGUES",BA,COELBA,0.87773,2026-04-22,2027-04-21,0
"SANTO AMARO",BA,COELBA,0.87773,2026-04-22,2027-04-21,0
CACHOEIRA,BA,COELBA,0.87773,2026-04-22,2027-04-21,0
MURITIBA,BA,COELBA,0.87773,2026-04-22,2027-04-21,0
"SAO FELIX",BA,COELBA,0.87773,2026-04-22,2027-04-21,0
MARAGOGIPE,BA,COELBA,0.87773,2026-04-22,2027-04-21,0
"CRUZ DAS ALMAS",BA,COELBA,0.87773,2026-04-22,2027-04-21,0
"CABACEIRAS DO PARAGUACU",BA,COELBA,0.87773,2026-04-22,2027-04-21,0
SAPEACU,BA,COELBA,0.87773,2026-04-22,2027-04-21,0
"TERRA NOVA",BA,COELBA,0.87773,2026-04-22,2027-04-21,0
"TEODORO SAMPAIO",BA,COELBA,0.87773,2026-04-22,2027-04-21,0
"SAO GONCALO DOS CAMPOS",BA,COELBA,0.87773,2026-04-22,2027-04-21,0
"CONCEICAO DA FEIRA",BA,COELBA,0.87773,2026-04-22,2027-04-21,0
"MEDEIROS NETO",BA,COELBA,0.87773,2026-04-22,2027-04-21,0
LAJEDAO,BA,COELBA,0.87773,2026-04-22,2027-04-21,0
VEREDA,BA,COELBA,0.87773,2026-04-22,2027-04-21,0
IBIRAPUA,BA,COELBA,0.87773,2026-04-22,2027-04-21,0
ITANHEM,BA,COELBA,0.87773,2026-04-22,2027-04-21,0
"SANTA INES",BA,COELBA,0.87773,2026-04-22,2027-04-21,0
ILHEUS,BA,COELBA,0.87773,2026-04-22,2027-04-21,0
MASCOTE,BA,COELBA,0.87773,2026-04-22,2027-04-21,0
"PAU BRASIL",BA,COELBA,0.87773,2026-04-22,2027-04-21,0
"SANTA LUZIA",BA,COELBA,0.87773,2026-04-22,2027-04-21,0
ARATACA,BA,COELBA,0.87773,2026-04-22,2027-04-21,0
CAMACAN,BA,COELBA,0.87773,2026-04-22,2027-04-21,0
JUSSARI,BA,COELBA,0.87773,2026-04-22,2027-04-21,0
IBICARAI,BA,COELBA,0.87773,2026-04-22,2027-04-21,0
"BARRO PRETO",BA,COELBA,0.87773,2026-04-22,2027-04-21,0
ITAPE,BA,COELBA,0.87773,2026-04-22,2027-04-21,0
"FLORESTA AZUL",BA,COELBA,0.87773,2026-04-22,2027-04-21,0
BUERAREMA,BA,COELBA,0.87773,2026-04-22,2027-04-21,0
"SAO JOSE DA VITORIA",BA,COELBA,0.87773,2026-04-22,2027-04-21,0
UNA,BA,COELBA,0.87773,2026-04-22,2027-04-21,0
ITAJUIPE,BA,COELBA,0.87773,2026-04-22,2027-04-21,0
URUCUCA,BA,COELBA,0.87773,2026-04-22,2027-04-21,0
COARACI,BA,COELBA,0.87773,2026-04-22,2027-04-21,0
ITAPITANGA,BA,COELBA,0.87773,2026-04-22,2027-04-21,0
ALMADINA,BA,COELBA,0.87773,2026-04-22,2027-04-21,0
"SANTA CRUZ DA VITORIA",BA,COELBA,0.87773,2026-04-22,2027-04-21,0
"ITAJU DO COLONIA",BA,COELBA,0.87773,2026-04-22,2027-04-21,0
JEQUIE,BA,COELBA,0.87773,2026-04-22,2027-04-21,0
"MANOEL VITORINO",BA,COELBA,0.87773,2026-04-22,2027-04-21,0
"LAFAIETE COUTINHO",BA,COELBA,0.87773,2026-04-22,2027-04-21,0
"LAJEDO DO TABOCAL",BA,COELBA,0.87773,2026-04-22,2027-04-21,0
ITIRUCU,BA,COELBA,0.87773,2026-04-22,2027-04-21,0
IRAJUBA,BA,COELBA,0.87773,2026-04-22,2027-04-21,0
ITAQUARA,BA,COELBA,0.87773,2026-04-22,2027-04-21,0
"NOVA ITARANA",BA,COELBA,0.87773,2026-04-22,2027-04-21,0
BREJOES,BA,COELBA,0.87773,2026-04-22,2027-04-21,0
CRAVOLANDIA,BA,COELBA,0.87773,2026-04-22,2027-04-21,0
ALAGOINHAS,BA,COELBA,0.87773,2026-04-22,2027-04-21,0
ARAMARI,BA,COELBA,0.87773,2026-04-22,2027-04-21,0
PEDRAO,BA,COELBA,0.87773,2026-04-22,2027-04-21,0
ARACAS,BA,COELBA,0.87773,2026-04-22,2027-04-21,0
POJUCA,BA,COELBA,0.87773,2026-04-22,2027-04-21,0
"ENTRE RIOS",BA,COELBA,0.87773,2026-04-22,2027-04-21,0
PINDOBACU,BA,COELBA,0.87773,2026-04-22,2027-04-21,0
"ANTONIO GONCALVES",BA,COELBA,0.87773,2026-04-22,2027-04-21,0
"CAMPO FORMOSO",BA,COELBA,0.87773,2026-04-22,2027-04-21,0
CANSANCAO,BA,COELBA,0.87773,2026-04-22,2027-04-21,0
NORDESTINA,BA,COELBA,0.87773,2026-04-22,2027-04-21,0
ITIUBA,BA,COELBA,0.87773,2026-04-22,2027-04-21,0
"PONTO NOVO",BA,COELBA,0.87773,2026-04-22,2027-04-21,0
FILADELFIA,BA,COELBA,0.87773,2026-04-22,2027-04-21,0
JAGUARARI,BA,COELBA,0.87773,2026-04-22,2027-04-21,0
BARREIRAS,BA,COELBA,0.87773,2026-04-22,2027-04-21,0
CATOLANDIA,BA,COELBA,0.87773,2026-04-22,2027-04-21,0
"SAO DESIDERIO",BA,COELBA,0.87773,2026-04-22,2027-04-21,0
ANGICAL,BA,COELBA,0.87773,2026-04-22,2027-04-21,0
BAIANOPOLIS,BA,COELBA,0.87773,2026-04-22,2027-04-21,0
CRISTOPOLIS,BA,COELBA,0.87773,2026-04-22,2027-04-21,0
COTEGIPE,BA,COELBA,0.87773,2026-04-22,2027-04-21,0
WANDERLEY,BA,COELBA,0.87773,2026-04-22,2027-04-21,0
"SANTA RITA DE CASSIA",BA,COELBA,0.87773,2026-04-22,2027-04-21,0
MANSIDAO,BA,COELBA,0.87773,2026-04-22,2027-04-21,0
"FORMOSA DO RIO PRETO",BA,COELBA,0.87773,2026-04-22,2027-04-21,0
"RIACHAO DAS NEVES",BA,COELBA,0.87773,2026-04-22,2027-04-21,0
CAATIBA,BA,COELBA,0.87773,2026-04-22,2027-04-21,0
ITAPETINGA,BA,COELBA,0.87773,2026-04-22,2027-04-21,0
ITORORO,BA,COELBA,0.87773,2026-04-22,2027-04-21,0
"FIRMINO ALVES",BA,COELBA,0.87773,2026-04-22,2027-04-21,0
"VITORIA DA CONQUISTA",BA,COELBA,0.87773,2026-04-22,2027-04-21,0
"BOM JESUS DA SERRA",BA,COELBA,0.87773,2026-04-22,2027-04-21,0
CAETANOS,BA,COELBA,0.87773,2026-04-22,2027-04-21,0
MIRANTE,BA,COELBA,0.87773,2026-04-22,2027-04-21,0
PLANALTO,BA,COELBA,0.87773,2026-04-22,2027-04-21,0
"BELO CAMPO",BA,COELBA,0.87773,2026-04-22,2027-04-21,0
TREMEDAL,BA,COELBA,0.87773,2026-04-22,2027-04-21,0
CONDEUBA,BA,COELBA,0.87773,2026-04-22,2027-04-21,0
PIRIPA,BA,COELBA,0.87773,2026-04-22,2027-04-21,0
CORDEIROS,BA,COELBA,0.87773,2026-04-22,2027-04-21,0
MAETINGA,BA,COELBA,0.87773,2026-04-22,2027-04-21,0
"PRESIDENTE JANIO QUADROS",BA,COELBA,0.87773,2026-04-22,2027-04-21,0
ENCRUZILHADA,BA,COELBA,0.87773,2026-04-22,2027-04-21,0
"RIBEIRAO DO LARGO",BA,COELBA,0.87773,2026-04-22,2027-04-21,0
ANAGE,BA,COELBA,0.87773,2026-04-22,2027-04-21,0
CARAIBAS,BA,COELBA,0.87773,2026-04-22,2027-04-21,0
IGUAI,BA,COELBA,0.87773,2026-04-22,2027-04-21,0
"NOVA CANAA",BA,COELBA,0.87773,2026-04-22,2027-04-21,0
IBICUI,BA,COELBA,0.87773,2026-04-22,2027-04-21,0
ITARANTIM,BA,COELBA,0.87773,2026-04-22,2027-04-21,0
POTIRAGUA,BA,COELBA,0.87773,2026-04-22,2027-04-21,0
GUANAMBI,BA,COELBA,0.87773,2026-04-22,2027-04-21,0
"SEBASTIAO LARANJEIRAS",BA,COELBA,0.87773,2026-04-22,2027-04-21,0
PINDAI,BA,COELBA,0.87773,2026-04-22,2027-04-21,0
"PALMAS DE MONTE ALTO",BA,COELBA,0.87773,2026-04-22,2027-04-21,0
CANDIBA,BA,COELBA,0.87773,2026-04-22,2027-04-21,0
CAETITE,BA,COELBA,0.87773,2026-04-22,2027-04-21,0
"LAGOA REAL",BA,COELBA,0.87773,2026-04-22,2027-04-21,0
IGAPORA,BA,COELBA,0.87773,2026-04-22,2027-04-21,0
"RIACHO DE SANTANA",BA,COELBA,0.87773,2026-04-22,2027-04-21,0
MATINA,BA,COELBA,0.87773,2026-04-22,2027-04-21,0
"LICINIO DE ALMEIDA",BA,COELBA,0.87773,2026-04-22,2027-04-21,0
MORTUGABA,BA,COELBA,0.87773,2026-04-22,2027-04-21,0
JACARACI,BA,COELBA,0.87773,2026-04-22,2027-04-21,0
CARINHANHA,BA,COELBA,0.87773,2026-04-22,2027-04-21,0
IUIU,BA,COELBA,0.87773,2026-04-22,2027-04-21,0
"FEIRA DA MATA",BA,COELBA,0.87773,2026-04-22,2027-04-21,0
MALHADA,BA,COELBA,0.87773,2026-04-22,2027-04-21,0
"SANTO ANTONIO DE JESUS",BA,COELBA,0.87773,2026-04-22,2027-04-21,0
VARZEDO,BA,COELBA,0.87773,2026-04-22,2027-04-21,0
"DOM MACEDO COSTA",BA,COELBA,0.87773,2026-04-22,2027-04-21,0
"SAO MIGUEL DAS MATAS",BA,COELBA,0.87773,2026-04-22,2027-04-21,0
LAJE,BA,COELBA,0.87773,2026-04-22,2027-04-21,0
MUTUIPE,BA,COELBA,0.87773,2026-04-22,2027-04-21,0
ARATUIPE,BA,COELBA,0.87773,2026-04-22,2027-04-21,0
JAGUARIPE,BA,COELBA,0.87773,2026-04-22,2027-04-21,0
"VERA CRUZ",BA,COELBA,0.87773,2026-04-22,2027-04-21,0
"CASTRO ALVES",BA,COELBA,0.87773,2026-04-22,2027-04-21,0
"SANTA TERESINHA",BA,COELBA,0.87773,2026-04-22,2027-04-21,0
"RAFAEL JAMBEIRO",BA,COELBA,0.87773,2026-04-22,2027-04-21,0
UBAIRA,BA,COELBA,0.87773,2026-04-22,2027-04-21,0
JIQUIRICA,BA,COELBA,0.87773,2026-04-22,2027-04-21,0
UAUA,BA,COELBA,0.87773,2026-04-22,2027-04-21,0
"CASA NOVA",BA,COELBA,0.87773,2026-04-22,2027-04-21,0
JUAZEIRO,BA,COELBA,0.87773,2026-04-22,2027-04-21,0
"CAMPO ALEGRE DE LOURDES",BA,COELBA,0.87773,2026-04-22,2027-04-21,0
CAMACARI,BA,COELBA,0.87773,2026-04-22,2027-04-21,0
"SAO SEBASTIAO DO PASSE",BA,COELBA,0.87773,2026-04-22,2027-04-21,0
IBIQUERA,BA,COELBA,0.87773,2026-04-22,2027-04-21,0
LAJEDINHO,BA,COELBA,0.87773,2026-04-22,2027-04-21,0
"BOA VISTA DO TUPIM",BA,COELBA,0.87773,2026-04-22,2027-04-21,0
ITAETE,BA,COELBA,0.87773,2026-04-22,2027-04-21,0
"RUY BARBOSA",BA,COELBA,0.87773,2026-04-22,2027-04-21,0
ITABERABA,BA,COELBA,0.87773,2026-04-22,2027-04-21,0
IACU,BA,COELBA,0.87773,2026-04-22,2027-04-21,0
"MARCIONILIO SOUZA",BA,COELBA,0.87773,2026-04-22,2027-04-21,0
WAGNER,BA,COELBA,0.87773,2026-04-22,2027-04-21,0
UTINGA,BA,COELBA,0.87773,2026-04-22,2027-04-21,0
BONITO,BA,COELBA,0.87773,2026-04-22,2027-04-21,0
ANDARAI,BA,COELBA,0.87773,2026-04-22,2027-04-21,0
"NOVA REDENCAO",BA,COELBA,0.87773,2026-04-22,2027-04-21,0
ITABELA,BA,COELBA,0.87773,2026-04-22,2027-04-21,0
GUARATINGA,BA,COELBA,0.87773,2026-04-22,2027-04-21,0
ITAPEBI,BA,COELBA,0.87773,2026-04-22,2027-04-21,0
ITAGIMIRIM,BA,COELBA,0.87773,2026-04-22,2027-04-21,0
"SANTA CRUZ CABRALIA",BA,COELBA,0.87773,2026-04-22,2027-04-21,0
ITAMARAJU,BA,COELBA,0.87773,2026-04-22,2027-04-21,0
JUCURUCU,BA,COELBA,0.87773,2026-04-22,2027-04-21,0
"NOVA VICOSA",BA,COELBA,0.87773,2026-04-22,2027-04-21,0
"DARIO MEIRA",BA,COELBA,0.87773,2026-04-22,2027-04-21,0
ITAGIBA,BA,COELBA,0.87773,2026-04-22,2027-04-21,0
UBATA,BA,COELBA,0.87773,2026-04-22,2027-04-21,0
"BARRA DO ROCHA",BA,COELBA,0.87773,2026-04-22,2027-04-21,0
MARACAS,BA,COELBA,0.87773,2026-04-22,2027-04-21,0
PLANALTINO,BA,COELBA,0.87773,2026-04-22,2027-04-21,0
ACAJUTIBA,BA,COELBA,0.87773,2026-04-22,2027-04-21,0
CRISOPOLIS,BA,COELBA,0.87773,2026-04-22,2027-04-21,0
LENCOIS,BA,COELBA,0.87773,2026-04-22,2027-04-21,0
"SOUTO SOARES",BA,COELBA,0.87773,2026-04-22,2027-04-21,0
MUCUGE,BA,COELBA,0.87773,2026-04-22,2027-04-21,0
CARAVELAS,BA,COELBA,0.87773,2026-04-22,2027-04-21,0
ITAGI,BA,COELBA,0.87773,2026-04-22,2027-04-21,0
JITAUNA,BA,COELBA,0.87773,2026-04-22,2027-04-21,0
AIQUARA,BA,COELBA,0.87773,2026-04-22,2027-04-21,0
UBAITABA,BA,COELBA,0.87773,2026-04-22,2027-04-21,0
"AURELINO LEAL",BA,COELBA,0.87773,2026-04-22,2027-04-21,0
"PAULO AFONSO",BA,COELBA,0.87773,2026-04-22,2027-04-21,0
GLORIA,BA,COELBA,0.87773,2026-04-22,2027-04-21,0
ABARE,BA,COELBA,0.87773,2026-04-22,2027-04-21,0
RODELAS,BA,COELBA,0.87773,2026-04-22,2027-04-21,0
JEREMOABO,BA,COELBA,0.87773,2026-04-22,2027-04-21,0
"PEDRO ALEXANDRE",BA,COELBA,0.87773,2026-04-22,2027-04-21,0
"CORONEL JOAO SA",BA,COELBA,0.87773,2026-04-22,2027-04-21,0
MACURURE,BA,COELBA,0.87773,2026-04-22,2027-04-21,0
CHORROCHO,BA,COELBA,0.87773,2026-04-22,2027-04-21,0
"RIBEIRA DO POMBAL",BA,COELBA,0.87773,2026-04-22,2027-04-21,0
CIPO,BA,COELBA,0.87773,2026-04-22,2027-04-21,0
"RIBEIRA DO AMPARO",BA,COELBA,0.87773,2026-04-22,2027-04-21,0
PARIPIRANGA,BA,COELBA,0.87773,2026-04-22,2027-04-21,0
"JENIPAPO DOS VIEIRAS",MA,"EQUATORIAL MA",0.84318,2026-01-01,2026-08-27,0
"CICERO DANTAS",BA,COELBA,0.87773,2026-04-22,2027-04-21,0
HELIOPOLIS,BA,COELBA,0.87773,2026-04-22,2027-04-21,0
ADUSTINA,BA,COELBA,0.87773,2026-04-22,2027-04-21,0
FATIMA,BA,COELBA,0.87773,2026-04-22,2027-04-21,0
ANTAS,BA,COELBA,0.87773,2026-04-22,2027-04-21,0
"SITIO DO QUINTO",BA,COELBA,0.87773,2026-04-22,2027-04-21,0
"NOVO TRIUNFO",BA,COELBA,0.87773,2026-04-22,2027-04-21,0
ITAPICURU,BA,COELBA,0.87773,2026-04-22,2027-04-21,0
"NOVA SOURE",BA,COELBA,0.87773,2026-04-22,2027-04-21,0
OLINDINA,BA,COELBA,0.87773,2026-04-22,2027-04-21,0
JUSSARA,BA,COELBA,0.87773,2026-04-22,2027-04-21,0
"SAO GABRIEL",BA,COELBA,0.87773,2026-04-22,2027-04-21,0
"MUNDO NOVO",BA,COELBA,0.87773,2026-04-22,2027-04-21,0
PIRITIBA,BA,COELBA,0.87773,2026-04-22,2027-04-21,0
"MIGUEL CALMON",BA,COELBA,0.87773,2026-04-22,2027-04-21,0
"VARZEA DO POCO",BA,COELBA,0.87773,2026-04-22,2027-04-21,0
SERROLANDIA,BA,COELBA,0.87773,2026-04-22,2027-04-21,0
OUROLANDIA,BA,COELBA,0.87773,2026-04-22,2027-04-21,0
SAUDE,BA,COELBA,0.87773,2026-04-22,2027-04-21,0
"CALDEIRAO GRANDE",BA,COELBA,0.87773,2026-04-22,2027-04-21,0
"SAO JOSE DO JACUIPE",BA,COELBA,0.87773,2026-04-22,2027-04-21,0
CAEM,BA,COELBA,0.87773,2026-04-22,2027-04-21,0
MIRANGABA,BA,COELBA,0.87773,2026-04-22,2027-04-21,0
UMBURANAS,BA,COELBA,0.87773,2026-04-22,2027-04-21,0
QUIXABEIRA,BA,COELBA,0.87773,2026-04-22,2027-04-21,0
"CAPIM GROSSO",BA,COELBA,0.87773,2026-04-22,2027-04-21,0
JACOBINA,BA,COELBA,0.87773,2026-04-22,2027-04-21,0
"ITAGUACU DA BAHIA",BA,COELBA,0.87773,2026-04-22,2027-04-21,0
"AMERICA DOURADA",BA,COELBA,0.87773,2026-04-22,2027-04-21,0
"JOAO DOURADO",BA,COELBA,0.87773,2026-04-22,2027-04-21,0
"MORRO DO CHAPEU",BA,COELBA,0.87773,2026-04-22,2027-04-21,0
IRECE,BA,COELBA,0.87773,2026-04-22,2027-04-21,0
LAPAO,BA,COELBA,0.87773,2026-04-22,2027-04-21,0
CENTRAL,BA,COELBA,0.87773,2026-04-22,2027-04-21,0
"PRESIDENTE DUTRA",BA,COELBA,0.87773,2026-04-22,2027-04-21,0
UIBAI,BA,COELBA,0.87773,2026-04-22,2027-04-21,0
IBIPEBA,BA,COELBA,0.87773,2026-04-22,2027-04-21,0
"BARRA DO MENDES",BA,COELBA,0.87773,2026-04-22,2027-04-21,0
"BARRO ALTO",BA,COELBA,0.87773,2026-04-22,2027-04-21,0
"MULUNGU DO MORRO",BA,COELBA,0.87773,2026-04-22,2027-04-21,0
PIATA,BA,COELBA,0.87773,2026-04-22,2027-04-21,0
"BARRA DA ESTIVA",BA,COELBA,0.87773,2026-04-22,2027-04-21,0
IBICOARA,BA,COELBA,0.87773,2026-04-22,2027-04-21,0
PARAMIRIM,BA,COELBA,0.87773,2026-04-22,2027-04-21,0
"ERICO CARDOSO",BA,COELBA,0.87773,2026-04-22,2027-04-21,0
GUAJERU,BA,COELBA,0.87773,2026-04-22,2027-04-21,0
"MALHADA DE PEDRAS",BA,COELBA,0.87773,2026-04-22,2027-04-21,0
"RIO DO ANTONIO",BA,COELBA,0.87773,2026-04-22,2027-04-21,0
BRUMADO,BA,COELBA,0.87773,2026-04-22,2027-04-21,0
ARACATU,BA,COELBA,0.87773,2026-04-22,2027-04-21,0
TAPIRAMUTA,BA,COELBA,0.87773,2026-04-22,2027-04-21,0
"BAIXA GRANDE",BA,COELBA,0.87773,2026-04-22,2027-04-21,0
MAIRI,BA,COELBA,0.87773,2026-04-22,2027-04-21,0
"VARZEA DA ROCA",BA,COELBA,0.87773,2026-04-22,2027-04-21,0
CAIRU,BA,COELBA,0.87773,2026-04-22,2027-04-21,0
"NILO PECANHA",BA,COELBA,0.87773,2026-04-22,2027-04-21,0
TAPEROA,BA,COELBA,0.87773,2026-04-22,2027-04-21,0
CAMAMU,BA,COELBA,0.87773,2026-04-22,2027-04-21,0
IGRAPIUNA,BA,COELBA,0.87773,2026-04-22,2027-04-21,0
ITUBERA,BA,COELBA,0.87773,2026-04-22,2027-04-21,0
"WENCESLAU GUIMARAES",BA,COELBA,0.87773,2026-04-22,2027-04-21,0
"NOVA IBIA",BA,COELBA,0.87773,2026-04-22,2027-04-21,0
APUAREMA,BA,COELBA,0.87773,2026-04-22,2027-04-21,0
ITAMARI,BA,COELBA,0.87773,2026-04-22,2027-04-21,0
"PRESIDENTE TANCREDO NEVES",BA,COELBA,0.87773,2026-04-22,2027-04-21,0
TEOLANDIA,BA,COELBA,0.87773,2026-04-22,2027-04-21,0
GANDU,BA,COELBA,0.87773,2026-04-22,2027-04-21,0
"SERRA DOURADA",BA,COELBA,0.87773,2026-04-22,2027-04-21,0
"TABOCAS DO BREJO VELHO",BA,COELBA,0.87773,2026-04-22,2027-04-21,0
BREJOLANDIA,BA,COELBA,0.87773,2026-04-22,2027-04-21,0
"SITIO DO MATO",BA,COELBA,0.87773,2026-04-22,2027-04-21,0
CORRENTINA,BA,COELBA,0.87773,2026-04-22,2027-04-21,0
"SERRA DO RAMALHO",BA,COELBA,0.87773,2026-04-22,2027-04-21,0
CORIBE,BA,COELBA,0.87773,2026-04-22,2027-04-21,0
SANTANA,BA,COELBA,0.87773,2026-04-22,2027-04-21,0
"SAO FELIX DO CORIBE",BA,COELBA,0.87773,2026-04-22,2027-04-21,0
"SANTA MARIA DA VITORIA",BA,COELBA,0.87773,2026-04-22,2027-04-21,0
"BOM JESUS DA LAPA",BA,COELBA,0.87773,2026-04-22,2027-04-21,0
"RIO DE CONTAS",BA,COELBA,0.87773,2026-04-22,2027-04-21,0
CATURAMA,BA,COELBA,0.87773,2026-04-22,2027-04-21,0
"TANQUE NOVO",BA,COELBA,0.87773,2026-04-22,2027-04-21,0
BOTUPORA,BA,COELBA,0.87773,2026-04-22,2027-04-21,0
"RIO DO PIRES",BA,COELBA,0.87773,2026-04-22,2027-04-21,0
"SATIRO DIAS",BA,COELBA,0.87773,2026-04-22,2027-04-21,0
BIRITINGA,BA,COELBA,0.87773,2026-04-22,2027-04-21,0
SANTANOPOLIS,BA,COELBA,0.87773,2026-04-22,2027-04-21,0
IRARA,BA,COELBA,0.87773,2026-04-22,2027-04-21,0
"PE DE SERRA",BA,COELBA,0.87773,2026-04-22,2027-04-21,0
"NOVA FATIMA",BA,COELBA,0.87773,2026-04-22,2027-04-21,0
"RIACHAO DO JACUIPE",BA,COELBA,0.87773,2026-04-22,2027-04-21,0
CANDEAL,BA,COELBA,0.87773,2026-04-22,2027-04-21,0
ICHU,BA,COELBA,0.87773,2026-04-22,2027-04-21,0
"CAPELA DO ALTO ALEGRE",BA,COELBA,0.87773,2026-04-22,2027-04-21,0
GAVIAO,BA,COELBA,0.87773,2026-04-22,2027-04-21,0
"SAO DOMINGOS",BA,COELBA,0.87773,2026-04-22,2027-04-21,0
IBITIARA,BA,COELBA,0.87773,2026-04-22,2027-04-21,0
IBIPITANGA,BA,COELBA,0.87773,2026-04-22,2027-04-21,0
PARATINGA,BA,COELBA,0.87773,2026-04-22,2027-04-21,0
"MUQUEM DE SAO FRANCISCO",BA,COELBA,0.87773,2026-04-22,2027-04-21,0
"BROTAS DE MACAUBAS",BA,COELBA,0.87773,2026-04-22,2027-04-21,0
IPUPIARA,BA,COELBA,0.87773,2026-04-22,2027-04-21,0
"NOVO HORIZONTE",BA,COELBA,0.87773,2026-04-22,2027-04-21,0
BARRA,BA,COELBA,0.87773,2026-04-22,2027-04-21,0
LAMARAO,BA,COELBA,0.87773,2026-04-22,2027-04-21,0
"AGUA FRIA",BA,COELBA,0.87773,2026-04-22,2027-04-21,0
OURICANGAS,BA,COELBA,0.87773,2026-04-22,2027-04-21,0
"SAO PAULO",SP,ELETROPAULO,0.72518,2026-01-01,2026-07-03,1
CARAPICUIBA,SP,ELETROPAULO,0.72518,2026-01-01,2026-07-03,0
DIADEMA,SP,ELETROPAULO,0.72518,2026-01-01,2026-07-03,0
EMBU-GUACU,SP,ELETROPAULO,0.72518,2026-01-01,2026-07-03,1
"ITAPECERICA DA SERRA",SP,ELETROPAULO,0.72518,2026-01-01,2026-07-03,1
ITAPEVI,SP,ELETROPAULO,0.72518,2026-01-01,2026-07-03,0
JANDIRA,SP,ELETROPAULO,0.72518,2026-01-01,2026-07-03,0
JUQUITIBA,SP,ELETROPAULO,0.72518,2026-01-01,2026-07-03,1
"SAO LOURENCO DA SERRA",SP,ELETROPAULO,0.72518,2026-01-01,2026-07-03,1
MAUA,SP,ELETROPAULO,0.72518,2026-01-01,2026-07-03,0
OSASCO,SP,ELETROPAULO,0.72518,2026-01-01,2026-07-03,0
BARUERI,SP,ELETROPAULO,0.72518,2026-01-01,2026-07-03,0
CAJAMAR,SP,ELETROPAULO,0.72518,2026-01-01,2026-07-03,0
"PIRAPORA DO BOM JESUS",SP,ELETROPAULO,0.72518,2026-01-01,2026-07-03,0
"SANTANA DE PARNAIBA",SP,ELETROPAULO,0.72518,2026-01-01,2026-07-03,0
"SAO BERNARDO DO CAMPO",SP,ELETROPAULO,0.72518,2026-01-01,2026-07-03,0
"RIBEIRAO PIRES",SP,ELETROPAULO,0.72518,2026-01-01,2026-07-03,0
"RIO GRANDE DA SERRA",SP,ELETROPAULO,0.72518,2026-01-01,2026-07-03,0
"SANTO ANDRE",SP,ELETROPAULO,0.72518,2026-01-01,2026-07-03,0
"SAO CAETANO DO SUL",SP,ELETROPAULO,0.72518,2026-01-01,2026-07-03,0
"TABOAO DA SERRA",SP,ELETROPAULO,0.72518,2026-01-01,2026-07-03,0
"EMBU DAS ARTES",SP,ELETROPAULO,0.72518,2026-01-01,2026-07-03,0
COTIA,SP,ELETROPAULO,0.72518,2026-01-01,2026-07-03,0
"VARGEM GRANDE PAULISTA",SP,ELETROPAULO,0.72518,2026-01-01,2026-07-03,0
ARACAI,MG,CEMIG-D,0.90329,2026-05-28,2027-05-27,0
BALDIM,MG,CEMIG-D,0.90329,2026-05-28,2027-05-27,0
"CACHOEIRA DA PRATA",MG,CEMIG-D,0.90329,2026-05-28,2027-05-27,0
CAETANOPOLIS,MG,CEMIG-D,0.90329,2026-05-28,2027-05-27,0
"CAPIM BRANCO",MG,CEMIG-D,0.90329,2026-05-28,2027-05-27,0
CONFINS,MG,CEMIG-D,0.90329,2026-05-28,2027-05-27,0
CORDISBURGO,MG,CEMIG-D,0.90329,2026-05-28,2027-05-27,0
"FORTUNA DE MINAS",MG,CEMIG-D,0.90329,2026-05-28,2027-05-27,0
FUNILANDIA,MG,CEMIG-D,0.90329,2026-05-28,2027-05-27,0
INHAUMA,MG,CEMIG-D,0.90329,2026-05-28,2027-05-27,0
JABOTICATUBAS,MG,CEMIG-D,0.90329,2026-05-28,2027-05-27,0
JEQUITIBA,MG,CEMIG-D,0.90329,2026-05-28,2027-05-27,0
"LAGOA SANTA",MG,CEMIG-D,0.90329,2026-05-28,2027-05-27,0
MATOZINHOS,MG,CEMIG-D,0.90329,2026-05-28,2027-05-27,0
PARAOPEBA,MG,CEMIG-D,0.90329,2026-05-28,2027-05-27,0
"PEDRO LEOPOLDO",MG,CEMIG-D,0.90329,2026-05-28,2027-05-27,0
"PRUDENTE DE MORAIS",MG,CEMIG-D,0.90329,2026-05-28,2027-05-27,0
"SANTANA DE PIRAPAMA",MG,CEMIG-D,0.90329,2026-05-28,2027-05-27,0
"SANTANA DO RIACHO",MG,CEMIG-D,0.90329,2026-05-28,2027-05-27,0
"SAO JOSE DA LAPA",MG,CEMIG-D,0.90329,2026-05-28,2027-05-27,0
"SETE LAGOAS",MG,CEMIG-D,0.90329,2026-05-28,2027-05-27,0
"TAQUARACU DE MINAS",MG,CEMIG-D,0.90329,2026-05-28,2027-05-27,0
VESPASIANO,MG,CEMIG-D,0.90329,2026-05-28,2027-05-27,0
"AGUAS VERMELHAS",MG,CEMIG-D,0.90329,2026-05-28,2027-05-27,0
ALMENARA,MG,CEMIG-D,0.90329,2026-05-28,2027-05-27,0
"CACHOEIRA DE PAJEU",MG,CEMIG-D,0.90329,2026-05-28,2027-05-27,0
BANDEIRA,MG,CEMIG-D,0.90329,2026-05-28,2027-05-27,0
COMERCINHO,MG,CEMIG-D,0.90329,2026-05-28,2027-05-27,0
"DIVISA ALEGRE",MG,CEMIG-D,0.90329,2026-05-28,2027-05-27,0
DIVISOPOLIS,MG,CEMIG-D,0.90329,2026-05-28,2027-05-27,0
FELISBURGO,MG,CEMIG-D,0.90329,2026-05-28,2027-05-27,0
JACINTO,MG,CEMIG-D,0.90329,2026-05-28,2027-05-27,0
JEQUITINHONHA,MG,CEMIG-D,0.90329,2026-05-28,2027-05-27,0
JOAIMA,MG,CEMIG-D,0.90329,2026-05-28,2027-05-27,0
JORDANIA,MG,CEMIG-D,0.90329,2026-05-28,2027-05-27,0
"MATA VERDE",MG,CEMIG-D,0.90329,2026-05-28,2027-05-27,0
MEDINA,MG,CEMIG-D,0.90329,2026-05-28,2027-05-27,0
"MONTE FORMOSO",MG,CEMIG-D,0.90329,2026-05-28,2027-05-27,0
PALMOPOLIS,MG,CEMIG-D,0.90329,2026-05-28,2027-05-27,0
"PEDRA AZUL",MG,CEMIG-D,0.90329,2026-05-28,2027-05-27,0
"RIO DO PRADO",MG,CEMIG-D,0.90329,2026-05-28,2027-05-27,0
RUBIM,MG,CEMIG-D,0.90329,2026-05-28,2027-05-27,0
"SALTO DA DIVISA",MG,CEMIG-D,0.90329,2026-05-28,2027-05-27,0
"SANTA MARIA DO SALTO",MG,CEMIG-D,0.90329,2026-05-28,2027-05-27,0
"SANTO ANTONIO DO JACINTO",MG,CEMIG-D,0.90329,2026-05-28,2027-05-27,0
"ALTO CAPARAO",MG,CEMIG-D,0.90329,2026-05-28,2027-05-27,0
"BOM JESUS DO GALHO",MG,CEMIG-D,0.90329,2026-05-28,2027-05-27,0
BUGRE,MG,CEMIG-D,0.90329,2026-05-28,2027-05-27,0
CAIANA,MG,CEMIG-D,0.90329,2026-05-28,2027-05-27,0
CAPARAO,MG,CEMIG-D,0.90329,2026-05-28,2027-05-27,0
CARANGOLA,MG,CEMIG-D,0.90329,2026-05-28,2027-05-27,0
CARATINGA,MG,CEMIG-D,0.90329,2026-05-28,2027-05-27,0
CHALE,MG,CEMIG-D,0.90329,2026-05-28,2027-05-27,0
"CONCEICAO DE IPANEMA",MG,CEMIG-D,0.90329,2026-05-28,2027-05-27,0
"CORREGO NOVO",MG,CEMIG-D,0.90329,2026-05-28,2027-05-27,0
DIVINO,MG,CEMIG-D,0.90329,2026-05-28,2027-05-27,0
"DOM CAVATI",MG,CEMIG-D,0.90329,2026-05-28,2027-05-27,0
"ENTRE FOLHAS",MG,CEMIG-D,0.90329,2026-05-28,2027-05-27,0
"ESPERA FELIZ",MG,CEMIG-D,0.90329,2026-05-28,2027-05-27,0
"FARIA LEMOS",MG,CEMIG-D,0.90329,2026-05-28,2027-05-27,0
FERVEDOURO,MG,CEMIG-D,0.90329,2026-05-28,2027-05-27,0
IAPU,MG,CEMIG-D,0.90329,2026-05-28,2027-05-27,0
"IMBE DE MINAS",MG,CEMIG-D,0.90329,2026-05-28,2027-05-27,0
INHAPIM,MG,CEMIG-D,0.90329,2026-05-28,2027-05-27,0
IPANEMA,MG,CEMIG-D,0.90329,2026-05-28,2027-05-27,0
LAJINHA,MG,CEMIG-D,0.90329,2026-05-28,2027-05-27,0
MUTUM,MG,CEMIG-D,0.90329,2026-05-28,2027-05-27,0
ORIZANIA,MG,CEMIG-D,0.90329,2026-05-28,2027-05-27,0
"PIEDADE DE CARATINGA",MG,CEMIG-D,0.90329,2026-05-28,2027-05-27,0
PINGO-D'AGUA,MG,CEMIG-D,0.90329,2026-05-28,2027-05-27,0
POCRANE,MG,CEMIG-D,0.90329,2026-05-28,2027-05-27,0
"SANTA BARBARA DO LESTE",MG,CEMIG-D,0.90329,2026-05-28,2027-05-27,0
"SANTA RITA DE MINAS",MG,CEMIG-D,0.90329,2026-05-28,2027-05-27,0
"SAO DOMINGOS DAS DORES",MG,CEMIG-D,0.90329,2026-05-28,2027-05-27,0
"SAO FRANCISCO DO GLORIA",MG,CEMIG-D,0.90329,2026-05-28,2027-05-27,0
"SAO JOAO DO ORIENTE",MG,CEMIG-D,0.90329,2026-05-28,2027-05-27,0
"SAO JOSE DO MANTIMENTO",MG,CEMIG-D,0.90329,2026-05-28,2027-05-27,0
"SAO SEBASTIAO DO ANTA",MG,CEMIG-D,0.90329,2026-05-28,2027-05-27,0
TAPARUBA,MG,CEMIG-D,0.90329,2026-05-28,2027-05-27,0
TARUMIRIM,MG,CEMIG-D,0.90329,2026-05-28,2027-05-27,0
TOMBOS,MG,CEMIG-D,0.90329,2026-05-28,2027-05-27,0
UBAPORANGA,MG,CEMIG-D,0.90329,2026-05-28,2027-05-27,0
"VARGEM ALEGRE",MG,CEMIG-D,0.90329,2026-05-28,2027-05-27,0
"ALVORADA DE MINAS",MG,CEMIG-D,0.90329,2026-05-28,2027-05-27,0
CARMESIA,MG,CEMIG-D,0.90329,2026-05-28,2027-05-27,0
"CONCEICAO DO MATO DENTRO",MG,CEMIG-D,0.90329,2026-05-28,2027-05-27,0
"CONGONHAS DO NORTE",MG,CEMIG-D,0.90329,2026-05-28,2027-05-27,0
"DIVINOLANDIA DE MINAS",MG,CEMIG-D,0.90329,2026-05-28,2027-05-27,0
"DOM JOAQUIM",MG,CEMIG-D,0.90329,2026-05-28,2027-05-27,0
"DORES DE GUANHAES",MG,CEMIG-D,0.90329,2026-05-28,2027-05-27,0
FERROS,MG,CEMIG-D,0.90329,2026-05-28,2027-05-27,0
GUANHAES,MG,CEMIG-D,0.90329,2026-05-28,2027-05-27,0
ITABIRA,MG,CEMIG-D,0.90329,2026-05-28,2027-05-27,0
"ITAMBE DO MATO DENTRO",MG,CEMIG-D,0.90329,2026-05-28,2027-05-27,0
MATERLANDIA,MG,CEMIG-D,0.90329,2026-05-28,2027-05-27,0
"MORRO DO PILAR",MG,CEMIG-D,0.90329,2026-05-28,2027-05-27,0
PASSABEM,MG,CEMIG-D,0.90329,2026-05-28,2027-05-27,0
"RIO VERMELHO",MG,CEMIG-D,0.90329,2026-05-28,2027-05-27,0
SABINOPOLIS,MG,CEMIG-D,0.90329,2026-05-28,2027-05-27,0
"SANTA MARIA DE ITABIRA",MG,CEMIG-D,0.90329,2026-05-28,2027-05-27,0
"SANTO ANTONIO DO ITAMBE",MG,CEMIG-D,0.90329,2026-05-28,2027-05-27,0
"SANTO ANTONIO DO RIO ABAIXO",MG,CEMIG-D,0.90329,2026-05-28,2027-05-27,0
"SAO SEBASTIAO DO RIO PRETO",MG,CEMIG-D,0.90329,2026-05-28,2027-05-27,0
"SENHORA DO PORTO",MG,CEMIG-D,0.90329,2026-05-28,2027-05-27,0
"SERRA AZUL DE MINAS",MG,CEMIG-D,0.90329,2026-05-28,2027-05-27,0
SERRO,MG,CEMIG-D,0.90329,2026-05-28,2027-05-27,0
VIRGINOPOLIS,MG,CEMIG-D,0.90329,2026-05-28,2027-05-27,0
"AGUA BOA",MG,CEMIG-D,0.90329,2026-05-28,2027-05-27,0
AIMORES,MG,CEMIG-D,0.90329,2026-05-28,2027-05-27,0
ALPERCATA,MG,CEMIG-D,0.90329,2026-05-28,2027-05-27,0
ALVARENGA,MG,CEMIG-D,0.90329,2026-05-28,2027-05-27,0
CANTAGALO,MG,CEMIG-D,0.90329,2026-05-28,2027-05-27,0
"CAPITAO ANDRADE",MG,CEMIG-D,0.90329,2026-05-28,2027-05-27,0
"CENTRAL DE MINAS",MG,CEMIG-D,0.90329,2026-05-28,2027-05-27,0
COLUNA,MG,CEMIG-D,0.90329,2026-05-28,2027-05-27,0
"CONSELHEIRO PENA",MG,CEMIG-D,0.90329,2026-05-28,2027-05-27,0
COROACI,MG,CEMIG-D,0.90329,2026-05-28,2027-05-27,0
CUPARAQUE,MG,CEMIG-D,0.90329,2026-05-28,2027-05-27,0
"DIVINO DAS LARANJEIRAS",MG,CEMIG-D,0.90329,2026-05-28,2027-05-27,0
"ENGENHEIRO CALDAS",MG,CEMIG-D,0.90329,2026-05-28,2027-05-27,0
"FERNANDES TOURINHO",MG,CEMIG-D,0.90329,2026-05-28,2027-05-27,0
"FREI INOCENCIO",MG,CEMIG-D,0.90329,2026-05-28,2027-05-27,0
"FREI LAGONEGRO",MG,CEMIG-D,0.90329,2026-05-28,2027-05-27,0
GALILEIA,MG,CEMIG-D,0.90329,2026-05-28,2027-05-27,0
GOIABEIRA,MG,CEMIG-D,0.90329,2026-05-28,2027-05-27,0
GONZAGA,MG,CEMIG-D,0.90329,2026-05-28,2027-05-27,0
"GOVERNADOR VALADARES",MG,CEMIG-D,0.90329,2026-05-28,2027-05-27,0
ITABIRINHA,MG,CEMIG-D,0.90329,2026-05-28,2027-05-27,0
ITANHOMI,MG,CEMIG-D,0.90329,2026-05-28,2027-05-27,0
ITUETA,MG,CEMIG-D,0.90329,2026-05-28,2027-05-27,0
"JOSE RAYDAN",MG,CEMIG-D,0.90329,2026-05-28,2027-05-27,0
MANTENA,MG,CEMIG-D,0.90329,2026-05-28,2027-05-27,0
MARILAC,MG,CEMIG-D,0.90329,2026-05-28,2027-05-27,0
"MENDES PIMENTEL",MG,CEMIG-D,0.90329,2026-05-28,2027-05-27,0
"NACIP RAYDAN",MG,CEMIG-D,0.90329,2026-05-28,2027-05-27,0
"NOVA BELEM",MG,CEMIG-D,0.90329,2026-05-28,2027-05-27,0
PAULISTAS,MG,CEMIG-D,0.90329,2026-05-28,2027-05-27,0
PECANHA,MG,CEMIG-D,0.90329,2026-05-28,2027-05-27,0
RESPLENDOR,MG,CEMIG-D,0.90329,2026-05-28,2027-05-27,0
"SANTA EFIGENIA DE MINAS",MG,CEMIG-D,0.90329,2026-05-28,2027-05-27,0
"SANTA MARIA DO SUACUI",MG,CEMIG-D,0.90329,2026-05-28,2027-05-27,0
"SANTA RITA DO ITUETO",MG,CEMIG-D,0.90329,2026-05-28,2027-05-27,0
"SAO FELIX DE MINAS",MG,CEMIG-D,0.90329,2026-05-28,2027-05-27,0
"SAO GERALDO DA PIEDADE",MG,CEMIG-D,0.90329,2026-05-28,2027-05-27,0
"SAO GERALDO DO BAIXIO",MG,CEMIG-D,0.90329,2026-05-28,2027-05-27,0
"SAO JOAO DO MANTENINHA",MG,CEMIG-D,0.90329,2026-05-28,2027-05-27,0
"SAO JOAO EVANGELISTA",MG,CEMIG-D,0.90329,2026-05-28,2027-05-27,0
"SAO JOSE DA SAFIRA",MG,CEMIG-D,0.90329,2026-05-28,2027-05-27,0
"SAO JOSE DO JACURI",MG,CEMIG-D,0.90329,2026-05-28,2027-05-27,0
"SAO PEDRO DO SUACUI",MG,CEMIG-D,0.90329,2026-05-28,2027-05-27,0
"SAO SEBASTIAO DO MARANHAO",MG,CEMIG-D,0.90329,2026-05-28,2027-05-27,0
SARDOA,MG,CEMIG-D,0.90329,2026-05-28,2027-05-27,0
SOBRALIA,MG,CEMIG-D,0.90329,2026-05-28,2027-05-27,0
TUMIRITINGA,MG,CEMIG-D,0.90329,2026-05-28,2027-05-27,0
"MATHIAS LOBATO",MG,CEMIG-D,0.90329,2026-05-28,2027-05-27,0
VIRGOLANDIA,MG,CEMIG-D,0.90329,2026-05-28,2027-05-27,0
ANGELANDIA,MG,CEMIG-D,0.90329,2026-05-28,2027-05-27,0
ARACUAI,MG,CEMIG-D,0.90329,2026-05-28,2027-05-27,0
ARICANDUVA,MG,CEMIG-D,0.90329,2026-05-28,2027-05-27,0
BERILO,MG,CEMIG-D,0.90329,2026-05-28,2027-05-27,0
CAPELINHA,MG,CEMIG-D,0.90329,2026-05-28,2027-05-27,0
CARAI,MG,CEMIG-D,0.90329,2026-05-28,2027-05-27,0
CARBONITA,MG,CEMIG-D,0.90329,2026-05-28,2027-05-27,0
CATUJI,MG,CEMIG-D,0.90329,2026-05-28,2027-05-27,0
"CHAPADA DO NORTE",MG,CEMIG-D,0.90329,2026-05-28,2027-05-27,0
"CORONEL MURTA",MG,CEMIG-D,0.90329,2026-05-28,2027-05-27,0
"FRANCISCO BADARO",MG,CEMIG-D,0.90329,2026-05-28,2027-05-27,0
ITAIPE,MG,CEMIG-D,0.90329,2026-05-28,2027-05-27,0
ITAMARANDIBA,MG,CEMIG-D,0.90329,2026-05-28,2027-05-27,0
ITAOBIM,MG,CEMIG-D,0.90329,2026-05-28,2027-05-27,0
ITINGA,MG,CEMIG-D,0.90329,2026-05-28,2027-05-27,0
"JENIPAPO DE MINAS",MG,CEMIG-D,0.90329,2026-05-28,2027-05-27,0
"JOSE GONCALVES DE MINAS",MG,CEMIG-D,0.90329,2026-05-28,2027-05-27,0
"LEME DO PRADO",MG,CEMIG-D,0.90329,2026-05-28,2027-05-27,0
"MINAS NOVAS",MG,CEMIG-D,0.90329,2026-05-28,2027-05-27,0
"NOVO CRUZEIRO",MG,CEMIG-D,0.90329,2026-05-28,2027-05-27,0
"PADRE PARAISO",MG,CEMIG-D,0.90329,2026-05-28,2027-05-27,0
"PONTO DOS VOLANTES",MG,CEMIG-D,0.90329,2026-05-28,2027-05-27,0
TURMALINA,MG,CEMIG-D,0.90329,2026-05-28,2027-05-27,0
VEREDINHA,MG,CEMIG-D,0.90329,2026-05-28,2027-05-27,0
"VIRGEM DA LAPA",MG,CEMIG-D,0.90329,2026-05-28,2027-05-27,0
"AGUAS FORMOSAS",MG,CEMIG-D,0.90329,2026-05-28,2027-05-27,0
ATALEIA,MG,CEMIG-D,0.90329,2026-05-28,2027-05-27,0
BERTOPOLIS,MG,CEMIG-D,0.90329,2026-05-28,2027-05-27,0
CAMPANARIO,MG,CEMIG-D,0.90329,2026-05-28,2027-05-27,0
"CARLOS CHAGAS",MG,CEMIG-D,0.90329,2026-05-28,2027-05-27,0
CRISOLITA,MG,CEMIG-D,0.90329,2026-05-28,2027-05-27,0
FRANCISCOPOLIS,MG,CEMIG-D,0.90329,2026-05-28,2027-05-27,0
"FREI GASPAR",MG,CEMIG-D,0.90329,2026-05-28,2027-05-27,0
"FRONTEIRA DOS VALES",MG,CEMIG-D,0.90329,2026-05-28,2027-05-27,0
ITAMBACURI,MG,CEMIG-D,0.90329,2026-05-28,2027-05-27,0
JAMPRUCA,MG,CEMIG-D,0.90329,2026-05-28,2027-05-27,0
LADAINHA,MG,CEMIG-D,0.90329,2026-05-28,2027-05-27,0
MACHACALIS,MG,CEMIG-D,0.90329,2026-05-28,2027-05-27,0
MALACACHETA,MG,CEMIG-D,0.90329,2026-05-28,2027-05-27,0
NANUQUE,MG,CEMIG-D,0.90329,2026-05-28,2027-05-27,0
"NOVA MODICA",MG,CEMIG-D,0.90329,2026-05-28,2027-05-27,0
"NOVO ORIENTE DE MINAS",MG,CEMIG-D,0.90329,2026-05-28,2027-05-27,0
"OURO VERDE DE MINAS",MG,CEMIG-D,0.90329,2026-05-28,2027-05-27,0
PAVAO,MG,CEMIG-D,0.90329,2026-05-28,2027-05-27,0
PESCADOR,MG,CEMIG-D,0.90329,2026-05-28,2027-05-27,0
POTE,MG,CEMIG-D,0.90329,2026-05-28,2027-05-27,0
"SANTA HELENA DE MINAS",MG,CEMIG-D,0.90329,2026-05-28,2027-05-27,0
"SAO JOSE DO DIVINO",MG,CEMIG-D,0.90329,2026-05-28,2027-05-27,0
SETUBINHA,MG,CEMIG-D,0.90329,2026-05-28,2027-05-27,0
"SERRA DOS AIMORES",MG,CEMIG-D,0.90329,2026-05-28,2027-05-27,0
"TEOFILO OTONI",MG,CEMIG-D,0.90329,2026-05-28,2027-05-27,0
UMBURATIBA,MG,CEMIG-D,0.90329,2026-05-28,2027-05-27,0
"BIAS FORTES",MG,CEMIG-D,0.90329,2026-05-28,2027-05-27,0
BICAS,MG,CEMIG-D,0.90329,2026-05-28,2027-05-27,0
CHACARA,MG,CEMIG-D,0.90329,2026-05-28,2027-05-27,0
"CORONEL PACHECO",MG,CEMIG-D,0.90329,2026-05-28,2027-05-27,0
"ESTRELA DALVA",MG,CEMIG-D,0.90329,2026-05-28,2027-05-27,0
"EWBANK DA CAMARA",MG,CEMIG-D,0.90329,2026-05-28,2027-05-27,0
GOIANA,MG,CEMIG-D,0.90329,2026-05-28,2027-05-27,0
GUARARA,MG,CEMIG-D,0.90329,2026-05-28,2027-05-27,0
"JUIZ DE FORA",MG,CEMIG-D,0.90329,2026-05-28,2027-05-27,0
"LIMA DUARTE",MG,CEMIG-D,0.90329,2026-05-28,2027-05-27,0
"MAR DE ESPANHA",MG,CEMIG-D,0.90329,2026-05-28,2027-05-27,0
"MARIPA DE MINAS",MG,CEMIG-D,0.90329,2026-05-28,2027-05-27,0
"MATIAS BARBOSA",MG,CEMIG-D,0.90329,2026-05-28,2027-05-27,0
OLARIA,MG,CEMIG-D,0.90329,2026-05-28,2027-05-27,0
"PEDRO TEIXEIRA",MG,CEMIG-D,0.90329,2026-05-28,2027-05-27,0
PEQUERI,MG,CEMIG-D,0.90329,2026-05-28,2027-05-27,0
PIAU,MG,CEMIG-D,0.90329,2026-05-28,2027-05-27,0
"SANTA BARBARA DO MONTE VERDE",MG,CEMIG-D,0.90329,2026-05-28,2027-05-27,0
"SANTOS DUMONT",MG,CEMIG-D,0.90329,2026-05-28,2027-05-27,0
"VOLTA GRANDE",MG,CEMIG-D,0.90329,2026-05-28,2027-05-27,0
"BELO VALE",MG,CEMIG-D,0.90329,2026-05-28,2027-05-27,0
CARANAIBA,MG,CEMIG-D,0.90329,2026-05-28,2027-05-27,0
"CASA GRANDE",MG,CEMIG-D,0.90329,2026-05-28,2027-05-27,0
"CATAS ALTAS DA NORUEGA",MG,CEMIG-D,0.90329,2026-05-28,2027-05-27,0
CONGONHAS,MG,CEMIG-D,0.90329,2026-05-28,2027-05-27,0
"CONSELHEIRO LAFAIETE",MG,CEMIG-D,0.90329,2026-05-28,2027-05-27,0
"CRISTIANO OTONI",MG,CEMIG-D,0.90329,2026-05-28,2027-05-27,0
"ENTRE RIOS DE MINAS",MG,CEMIG-D,0.90329,2026-05-28,2027-05-27,0
ITAVERAVA,MG,CEMIG-D,0.90329,2026-05-28,2027-05-27,0
JECEABA,MG,CEMIG-D,0.90329,2026-05-28,2027-05-27,0
LAMIM,MG,CEMIG-D,0.90329,2026-05-28,2027-05-27,0
MOEDA,MG,CEMIG-D,0.90329,2026-05-28,2027-05-27,0
"OURO BRANCO",MG,CEMIG-D,0.90329,2026-05-28,2027-05-27,0
PIRANGA,MG,CEMIG-D,0.90329,2026-05-28,2027-05-27,0
"PRESIDENTE BERNARDES",MG,CEMIG-D,0.90329,2026-05-28,2027-05-27,0
QUELUZITO,MG,CEMIG-D,0.90329,2026-05-28,2027-05-27,0
"RIO ESPERA",MG,CEMIG-D,0.90329,2026-05-28,2027-05-27,0
"SANTANA DOS MONTES",MG,CEMIG-D,0.90329,2026-05-28,2027-05-27,0
"SAO BRAS DO SUACUI",MG,CEMIG-D,0.90329,2026-05-28,2027-05-27,0
"SENHORA DE OLIVEIRA",MG,CEMIG-D,0.90329,2026-05-28,2027-05-27,0
"ABRE CAMPO",MG,CEMIG-D,0.90329,2026-05-28,2027-05-27,0
ACAIACA,MG,CEMIG-D,0.90329,2026-05-28,2027-05-27,0
ALVINOPOLIS,MG,CEMIG-D,0.90329,2026-05-28,2027-05-27,0
"AMPARO DA SERRA",MG,CEMIG-D,0.90329,2026-05-28,2027-05-27,0
"BARRA LONGA",MG,CEMIG-D,0.90329,2026-05-28,2027-05-27,0
"DIOGO DE VASCONCELOS",MG,CEMIG-D,0.90329,2026-05-28,2027-05-27,0
"DOM SILVERIO",MG,CEMIG-D,0.90329,2026-05-28,2027-05-27,0
GUARACIABA,MG,CEMIG-D,0.90329,2026-05-28,2027-05-27,0
JEQUERI,MG,CEMIG-D,0.90329,2026-05-28,2027-05-27,0
ORATORIOS,MG,CEMIG-D,0.90329,2026-05-28,2027-05-27,0
"PEDRA BONITA",MG,CEMIG-D,0.90329,2026-05-28,2027-05-27,0
"PIEDADE DE PONTE NOVA",MG,CEMIG-D,0.90329,2026-05-28,2027-05-27,0
"PONTE NOVA",MG,CEMIG-D,0.90329,2026-05-28,2027-05-27,0
"PORTO FIRME",MG,CEMIG-D,0.90329,2026-05-28,2027-05-27,0
"RAUL SOARES",MG,CEMIG-D,0.90329,2026-05-28,2027-05-27,0
"RIO CASCA",MG,CEMIG-D,0.90329,2026-05-28,2027-05-27,0
"RIO DOCE",MG,CEMIG-D,0.90329,2026-05-28,2027-05-27,0
"SANTA CRUZ DO ESCALVADO",MG,CEMIG-D,0.90329,2026-05-28,2027-05-27,0
"SANTO ANTONIO DO GRAMA",MG,CEMIG-D,0.90329,2026-05-28,2027-05-27,0
"SAO PEDRO DOS FERROS",MG,CEMIG-D,0.90329,2026-05-28,2027-05-27,0
"SEM PEIXE",MG,CEMIG-D,0.90329,2026-05-28,2027-05-27,0
TEIXEIRAS,MG,CEMIG-D,0.90329,2026-05-28,2027-05-27,0
URUCANIA,MG,CEMIG-D,0.90329,2026-05-28,2027-05-27,0
"VERMELHO NOVO",MG,CEMIG-D,0.90329,2026-05-28,2027-05-27,0
"AUGUSTO DE LIMA",MG,CEMIG-D,0.90329,2026-05-28,2027-05-27,0
BUENOPOLIS,MG,CEMIG-D,0.90329,2026-05-28,2027-05-27,0
CORINTO,MG,CEMIG-D,0.90329,2026-05-28,2027-05-27,0
"COUTO DE MAGALHAES DE MINAS",MG,CEMIG-D,0.90329,2026-05-28,2027-05-27,0
CURVELO,MG,CEMIG-D,0.90329,2026-05-28,2027-05-27,0
DATAS,MG,CEMIG-D,0.90329,2026-05-28,2027-05-27,0
DIAMANTINA,MG,CEMIG-D,0.90329,2026-05-28,2027-05-27,0
"FELICIO DOS SANTOS",MG,CEMIG-D,0.90329,2026-05-28,2027-05-27,0
"SAO GONCALO DO RIO PRETO",MG,CEMIG-D,0.90329,2026-05-28,2027-05-27,0
FELIXLANDIA,MG,CEMIG-D,0.90329,2026-05-28,2027-05-27,0
GOUVEIA,MG,CEMIG-D,0.90329,2026-05-28,2027-05-27,0
INIMUTABA,MG,CEMIG-D,0.90329,2026-05-28,2027-05-27,0
"JOAQUIM FELICIO",MG,CEMIG-D,0.90329,2026-05-28,2027-05-27,0
MONJOLOS,MG,CEMIG-D,0.90329,2026-05-28,2027-05-27,0
"MORRO DA GARCA",MG,CEMIG-D,0.90329,2026-05-28,2027-05-27,0
"PRESIDENTE JUSCELINO",MG,CEMIG-D,0.90329,2026-05-28,2027-05-27,0
"PRESIDENTE KUBITSCHEK",MG,CEMIG-D,0.90329,2026-05-28,2027-05-27,0
"SANTO HIPOLITO",MG,CEMIG-D,0.90329,2026-05-28,2027-05-27,0
"SENADOR MODESTINO GONCALVES",MG,CEMIG-D,0.90329,2026-05-28,2027-05-27,0
"BONITO DE MINAS",MG,CEMIG-D,0.90329,2026-05-28,2027-05-27,0
"BRASILIA DE MINAS",MG,CEMIG-D,0.90329,2026-05-28,2027-05-27,0
"CAMPO AZUL",MG,CEMIG-D,0.90329,2026-05-28,2027-05-27,0
"CHAPADA GAUCHA",MG,CEMIG-D,0.90329,2026-05-28,2027-05-27,0
"CONEGO MARINHO",MG,CEMIG-D,0.90329,2026-05-28,2027-05-27,0
IBIRACATU,MG,CEMIG-D,0.90329,2026-05-28,2027-05-27,0
"ICARAI DE MINAS",MG,CEMIG-D,0.90329,2026-05-28,2027-05-27,0
ITACARAMBI,MG,CEMIG-D,0.90329,2026-05-28,2027-05-27,0
JANUARIA,MG,CEMIG-D,0.90329,2026-05-28,2027-05-27,0
JAPONVAR,MG,CEMIG-D,0.90329,2026-05-28,2027-05-27,0
JUVENILIA,MG,CEMIG-D,0.90329,2026-05-28,2027-05-27,0
LONTRA,MG,CEMIG-D,0.90329,2026-05-28,2027-05-27,0
LUISLANDIA,MG,CEMIG-D,0.90329,2026-05-28,2027-05-27,0
MANGA,MG,CEMIG-D,0.90329,2026-05-28,2027-05-27,0
"MATIAS CARDOSO",MG,CEMIG-D,0.90329,2026-05-28,2027-05-27,0
MIRABELA,MG,CEMIG-D,0.90329,2026-05-28,2027-05-27,0
MIRAVANIA,MG,CEMIG-D,0.90329,2026-05-28,2027-05-27,0
MONTALVANIA,MG,CEMIG-D,0.90329,2026-05-28,2027-05-27,0
PATIS,MG,CEMIG-D,0.90329,2026-05-28,2027-05-27,0
"PEDRAS DE MARIA DA CRUZ",MG,CEMIG-D,0.90329,2026-05-28,2027-05-27,0
PINTOPOLIS,MG,CEMIG-D,0.90329,2026-05-28,2027-05-27,0
"PONTO CHIQUE",MG,CEMIG-D,0.90329,2026-05-28,2027-05-27,0
"SAO FRANCISCO",MG,CEMIG-D,0.90329,2026-05-28,2027-05-27,0
"SAO JOAO DA PONTE",MG,CEMIG-D,0.90329,2026-05-28,2027-05-27,0
"SAO JOAO DAS MISSOES",MG,CEMIG-D,0.90329,2026-05-28,2027-05-27,0
"SAO ROMAO",MG,CEMIG-D,0.90329,2026-05-28,2027-05-27,0
UBAI,MG,CEMIG-D,0.90329,2026-05-28,2027-05-27,0
VARZELANDIA,MG,CEMIG-D,0.90329,2026-05-28,2027-05-27,0
BONFIM,MG,CEMIG-D,0.90329,2026-05-28,2027-05-27,0
CAMACHO,MG,CEMIG-D,0.90329,2026-05-28,2027-05-27,0
"CARMO DA MATA",MG,CEMIG-D,0.90329,2026-05-28,2027-05-27,0
"CARMO DO CAJURU",MG,CEMIG-D,0.90329,2026-05-28,2027-05-27,0
"CARMOPOLIS DE MINAS",MG,CEMIG-D,0.90329,2026-05-28,2027-05-27,0
CLAUDIO,MG,CEMIG-D,0.90329,2026-05-28,2027-05-27,0
CRUCILANDIA,MG,CEMIG-D,0.90329,2026-05-28,2027-05-27,0
"DESTERRO DE ENTRE RIOS",MG,CEMIG-D,0.90329,2026-05-28,2027-05-27,0
DIVINOPOLIS,MG,CEMIG-D,0.90329,2026-05-28,2027-05-27,0
ITAGUARA,MG,CEMIG-D,0.90329,2026-05-28,2027-05-27,0
ITAPECERICA,MG,CEMIG-D,0.90329,2026-05-28,2027-05-27,0
ITATIAIUCU,MG,CEMIG-D,0.90329,2026-05-28,2027-05-27,0
ITAUNA,MG,CEMIG-D,0.90329,2026-05-28,2027-05-27,0
OLIVEIRA,MG,CEMIG-D,0.90329,2026-05-28,2027-05-27,0
"PASSA TEMPO",MG,CEMIG-D,0.90329,2026-05-28,2027-05-27,0
"PEDRA DO INDAIA",MG,CEMIG-D,0.90329,2026-05-28,2027-05-27,0
"PIEDADE DOS GERAIS",MG,CEMIG-D,0.90329,2026-05-28,2027-05-27,0
PIRACEMA,MG,CEMIG-D,0.90329,2026-05-28,2027-05-27,0
"RIO MANSO",MG,CEMIG-D,0.90329,2026-05-28,2027-05-27,0
"SANTO ANTONIO DO MONTE",MG,CEMIG-D,0.90329,2026-05-28,2027-05-27,0
"SAO FRANCISCO DE PAULA",MG,CEMIG-D,0.90329,2026-05-28,2027-05-27,0
"SAO GONCALO DO PARA",MG,CEMIG-D,0.90329,2026-05-28,2027-05-27,0
"SAO SEBASTIAO DO OESTE",MG,CEMIG-D,0.90329,2026-05-28,2027-05-27,0
ALFENAS,MG,CEMIG-D,0.90329,2026-05-28,2027-05-27,0
ALTEROSA,MG,CEMIG-D,0.90329,2026-05-28,2027-05-27,0
AREADO,MG,CEMIG-D,0.90329,2026-05-28,2027-05-27,0
"BANDEIRA DO SUL",MG,CEMIG-D,0.90329,2026-05-28,2027-05-27,0
"BOM JESUS DA PENHA",MG,CEMIG-D,0.90329,2026-05-28,2027-05-27,0
BOTELHOS,MG,CEMIG-D,0.90329,2026-05-28,2027-05-27,0
"CABO VERDE",MG,CEMIG-D,0.90329,2026-05-28,2027-05-27,0
CAMPESTRE,MG,CEMIG-D,0.90329,2026-05-28,2027-05-27,0
CARVALHOPOLIS,MG,CEMIG-D,0.90329,2026-05-28,2027-05-27,0
"DIVISA NOVA",MG,CEMIG-D,0.90329,2026-05-28,2027-05-27,0
FAMA,MG,CEMIG-D,0.90329,2026-05-28,2027-05-27,0
GUARANESIA,MG,CEMIG-D,0.90329,2026-05-28,2027-05-27,0
GUAXUPE,MG,CEMIG-D,0.90329,2026-05-28,2027-05-27,0
JURUAIA,MG,CEMIG-D,0.90329,2026-05-28,2027-05-27,0
MACHADO,MG,CEMIG-D,0.90329,2026-05-28,2027-05-27,0
"MONTE BELO",MG,CEMIG-D,0.90329,2026-05-28,2027-05-27,0
MUZAMBINHO,MG,CEMIG-D,0.90329,2026-05-28,2027-05-27,0
"NOVA RESENDE",MG,CEMIG-D,0.90329,2026-05-28,2027-05-27,0
PARAGUACU,MG,CEMIG-D,0.90329,2026-05-28,2027-05-27,0
"POCO FUNDO",MG,CEMIG-D,0.90329,2026-05-28,2027-05-27,0
"SAO JOAO DA MATA",MG,CEMIG-D,0.90329,2026-05-28,2027-05-27,0
"SAO PEDRO DA UNIAO",MG,CEMIG-D,0.90329,2026-05-28,2027-05-27,0
SERRANIA,MG,CEMIG-D,0.90329,2026-05-28,2027-05-27,0
BRAZOPOLIS,MG,CEMIG-D,0.90329,2026-05-28,2027-05-27,0
"CARMO DE MINAS",MG,CEMIG-D,0.90329,2026-05-28,2027-05-27,0
"CONCEICAO DAS PEDRAS",MG,CEMIG-D,0.90329,2026-05-28,2027-05-27,0
CONSOLACAO,MG,CEMIG-D,0.90329,2026-05-28,2027-05-27,0
CRISTINA,MG,CEMIG-D,0.90329,2026-05-28,2027-05-27,0
"DELFIM MOREIRA",MG,CEMIG-D,0.90329,2026-05-28,2027-05-27,0
GONCALVES,MG,CEMIG-D,0.90329,2026-05-28,2027-05-27,0
ITAJUBA,MG,CEMIG-D,0.90329,2026-05-28,2027-05-27,0
ITAMONTE,MG,CEMIG-D,0.90329,2026-05-28,2027-05-27,0
ITANHANDU,MG,CEMIG-D,0.90329,2026-05-28,2027-05-27,0
"MARIA DA FE",MG,CEMIG-D,0.90329,2026-05-28,2027-05-27,0
MARMELOPOLIS,MG,CEMIG-D,0.90329,2026-05-28,2027-05-27,0
NATERCIA,MG,CEMIG-D,0.90329,2026-05-28,2027-05-27,0
PARAISOPOLIS,MG,CEMIG-D,0.90329,2026-05-28,2027-05-27,0
"PASSA QUATRO",MG,CEMIG-D,0.90329,2026-05-28,2027-05-27,0
PEDRALVA,MG,CEMIG-D,0.90329,2026-05-28,2027-05-27,0
PIRANGUCU,MG,CEMIG-D,0.90329,2026-05-28,2027-05-27,0
PIRANGUINHO,MG,CEMIG-D,0.90329,2026-05-28,2027-05-27,0
"POUSO ALTO",MG,CEMIG-D,0.90329,2026-05-28,2027-05-27,0
"SAO JOSE DO ALEGRE",MG,CEMIG-D,0.90329,2026-05-28,2027-05-27,0
"SAO LOURENCO",MG,CEMIG-D,0.90329,2026-05-28,2027-05-27,0
"SAO SEBASTIAO DO RIO VERDE",MG,CEMIG-D,0.90329,2026-05-28,2027-05-27,0
SAPUCAI-MIRIM,MG,CEMIG-D,0.90329,2026-05-28,2027-05-27,0
"SOLEDADE DE MINAS",MG,CEMIG-D,0.90329,2026-05-28,2027-05-27,0
VIRGINIA,MG,CEMIG-D,0.90329,2026-05-28,2027-05-27,0
"WENCESLAU BRAZ",MG,CEMIG-D,0.90329,2026-05-28,2027-05-27,0
ALBERTINA,MG,CEMIG-D,0.90329,2026-05-28,2027-05-27,0
ANDRADAS,MG,CEMIG-D,0.90329,2026-05-28,2027-05-27,0
"BOM REPOUSO",MG,CEMIG-D,0.90329,2026-05-28,2027-05-27,0
"BORDA DA MATA",MG,CEMIG-D,0.90329,2026-05-28,2027-05-27,0
"CACHOEIRA DE MINAS",MG,CEMIG-D,0.90329,2026-05-28,2027-05-27,0
CALDAS,MG,CEMIG-D,0.90329,2026-05-28,2027-05-27,0
"CONCEICAO DOS OUROS",MG,CEMIG-D,0.90329,2026-05-28,2027-05-27,0
CONGONHAL,MG,CEMIG-D,0.90329,2026-05-28,2027-05-27,0
"ESPIRITO SANTO DO DOURADO",MG,CEMIG-D,0.90329,2026-05-28,2027-05-27,0
"IBITIURA DE MINAS",MG,CEMIG-D,0.90329,2026-05-28,2027-05-27,0
INCONFIDENTES,MG,CEMIG-D,0.90329,2026-05-28,2027-05-27,0
IPUIUNA,MG,CEMIG-D,0.90329,2026-05-28,2027-05-27,0
JACUTINGA,MG,CEMIG-D,0.90329,2026-05-28,2027-05-27,0
"MONTE SIAO",MG,CEMIG-D,0.90329,2026-05-28,2027-05-27,0
"OURO FINO",MG,CEMIG-D,0.90329,2026-05-28,2027-05-27,0
"POUSO ALEGRE",MG,CEMIG-D,0.90329,2026-05-28,2027-05-27,0
"SANTA RITA DE CALDAS",MG,CEMIG-D,0.90329,2026-05-28,2027-05-27,0
"SANTA RITA DO SAPUCAI",MG,CEMIG-D,0.90329,2026-05-28,2027-05-27,0
"SAO SEBASTIAO DA BELA VISTA",MG,CEMIG-D,0.90329,2026-05-28,2027-05-27,0
"SENADOR JOSE BENTO",MG,CEMIG-D,0.90329,2026-05-28,2027-05-27,0
SILVIANOPOLIS,MG,CEMIG-D,0.90329,2026-05-28,2027-05-27,0
"TOCOS DO MOJI",MG,CEMIG-D,0.90329,2026-05-28,2027-05-27,0
AIURUOCA,MG,CEMIG-D,0.90329,2026-05-28,2027-05-27,0
ALAGOA,MG,CEMIG-D,0.90329,2026-05-28,2027-05-27,0
ANDRELANDIA,MG,CEMIG-D,0.90329,2026-05-28,2027-05-27,0
ARANTINA,MG,CEMIG-D,0.90329,2026-05-28,2027-05-27,0
BAEPENDI,MG,CEMIG-D,0.90329,2026-05-28,2027-05-27,0
"BOM JARDIM DE MINAS",MG,CEMIG-D,0.90329,2026-05-28,2027-05-27,0
CAMBUQUIRA,MG,CEMIG-D,0.90329,2026-05-28,2027-05-27,0
CAMPANHA,MG,CEMIG-D,0.90329,2026-05-28,2027-05-27,0
CARVALHOS,MG,CEMIG-D,0.90329,2026-05-28,2027-05-27,0
CAXAMBU,MG,CEMIG-D,0.90329,2026-05-28,2027-05-27,0
"CONCEICAO DO RIO VERDE",MG,CEMIG-D,0.90329,2026-05-28,2027-05-27,0
CRUZILIA,MG,CEMIG-D,0.90329,2026-05-28,2027-05-27,0
HELIODORA,MG,CEMIG-D,0.90329,2026-05-28,2027-05-27,0
JESUANIA,MG,CEMIG-D,0.90329,2026-05-28,2027-05-27,0
LAMBARI,MG,CEMIG-D,0.90329,2026-05-28,2027-05-27,0
LIBERDADE,MG,CEMIG-D,0.90329,2026-05-28,2027-05-27,0
LUMINARIAS,MG,CEMIG-D,0.90329,2026-05-28,2027-05-27,0
MINDURI,MG,CEMIG-D,0.90329,2026-05-28,2027-05-27,0
"OLIMPIO NORONHA",MG,CEMIG-D,0.90329,2026-05-28,2027-05-27,0
"PASSA VINTE",MG,CEMIG-D,0.90329,2026-05-28,2027-05-27,0
"SANTA RITA DE JACUTINGA",MG,CEMIG-D,0.90329,2026-05-28,2027-05-27,0
"SAO BENTO ABADE",MG,CEMIG-D,0.90329,2026-05-28,2027-05-27,0
"SAO THOME DAS LETRAS",MG,CEMIG-D,0.90329,2026-05-28,2027-05-27,0
"SAO VICENTE DE MINAS",MG,CEMIG-D,0.90329,2026-05-28,2027-05-27,0
SERITINGA,MG,CEMIG-D,0.90329,2026-05-28,2027-05-27,0
SERRANOS,MG,CEMIG-D,0.90329,2026-05-28,2027-05-27,0
"TRES CORACOES",MG,CEMIG-D,0.90329,2026-05-28,2027-05-27,0
CURACA,BA,COELBA,0.87773,2026-04-22,2027-04-21,0
"ARACOIABA DA SERRA",SP,CPFL-PIRATINING,0.73969,2026-01-01,2026-10-22,0
"CAPELA DO ALTO",SP,CPFL-PIRATINING,0.73969,2026-01-01,2026-10-22,0
"SALTO DE PIRAPORA",SP,CPFL-PIRATINING,0.73969,2026-01-01,2026-10-22,0
CUBATAO,SP,CPFL-PIRATINING,0.73969,2026-01-01,2026-10-22,0
INDAIATUBA,SP,CPFL-PIRATINING,0.73969,2026-01-01,2026-10-22,0
ITU,SP,CPFL-PIRATINING,0.73969,2026-01-01,2026-10-22,1
SALTO,SP,CPFL-PIRATINING,0.73969,2026-01-01,2026-10-22,0
JUNDIAI,SP,CPFL-PIRATINING,0.73969,2026-01-01,2026-10-22,0
BOITUVA,SP,CPFL-PIRATINING,0.73969,2026-01-01,2026-10-22,0
IPERO,SP,CPFL-PIRATINING,0.73969,2026-01-01,2026-10-22,0
"PORTO FELIZ",SP,CPFL-PIRATINING,0.73969,2026-01-01,2026-10-22,0
"PRAIA GRANDE",SP,CPFL-PIRATINING,0.73969,2026-01-01,2026-10-22,1
ARACARIGUAMA,SP,CPFL-PIRATINING,0.73969,2026-01-01,2026-10-22,1
IBIUNA,SP,CPFL-PIRATINING,0.73969,2026-01-01,2026-10-22,1
"SAO ROQUE",SP,CPFL-PIRATINING,0.73969,2026-01-01,2026-10-22,1
"SAO VICENTE",SP,CPFL-PIRATINING,0.73969,2026-01-01,2026-10-22,0
SOROCABA,SP,CPFL-PIRATINING,0.73969,2026-01-01,2026-10-22,1
"CAMPO LIMPO PAULISTA",SP,CPFL-PIRATINING,0.73969,2026-01-01,2026-10-22,0
"VARZEA PAULISTA",SP,CPFL-PIRATINING,0.73969,2026-01-01,2026-10-22,0
ITUPEVA,SP,CPFL-PIRATINING,0.73969,2026-01-01,2026-10-22,0
LOUVEIRA,SP,CPFL-PIRATINING,0.73969,2026-01-01,2026-10-22,0
VINHEDO,SP,CPFL-PIRATINING,0.73969,2026-01-01,2026-10-22,0
ALUMINIO,SP,CPFL-PIRATINING,0.73969,2026-01-01,2026-10-22,1
MAIRINQUE,SP,CPFL-PIRATINING,0.73969,2026-01-01,2026-10-22,1
VOTORANTIM,SP,CPFL-PIRATINING,0.73969,2026-01-01,2026-10-22,0
"VILA NOVA DO SUL",RS,"RGE SUL",,,,0
"CAPAO DO CIPO",RS,"RGE SUL",,,,1
"SAO MIGUEL DAS MISSOES",RS,"RGE SUL",,,,1
"CERRO BRANCO",RS,"RGE SUL",,,,0
"PARAISO DO SUL",RS,"RGE SUL",,,,0
"SAO LEOPOLDO",RS,"RGE SUL",,,,0
"SAPUCAIA DO SUL",RS,"RGE SUL",,,,1
"ARROIO DO PADRE",RS,CEEE-D,0.822,2026-01-01,2026-11-21,0
"PEDRAS ALTAS",RS,CEEE-D,0.822,2026-01-01,2026-11-21,0
ITATI,RS,CEEE-D,0.822,2026-01-01,2026-11-21,0
CRATEUS,CE,"ENEL CE",0.74977,2026-04-22,2027-04-21,0
"BREJO SANTO",CE,"ENEL CE",0.74977,2026-04-22,2027-04-21,0
JATI,CE,"ENEL CE",0.74977,2026-04-22,2027-04-21,0
PENAFORTE,CE,"ENEL CE",0.74977,2026-04-22,2027-04-21,0
PORTEIRAS,CE,"ENEL CE",0.74977,2026-04-22,2027-04-21,0
BARRO,CE,"ENEL CE",0.74977,2026-04-22,2027-04-21,0
SAPUCAIA,PA,"EQUATORIAL PA",0.9783,2026-01-01,2026-08-06,0
PANAMBI,RS,HIDROPAN,0.60519,2026-01-01,2026-07-21,1
CONDOR,RS,HIDROPAN,0.60519,2026-01-01,2026-07-21,1
CASCAVEL,CE,"ENEL CE",0.74977,2026-04-22,2027-04-21,0
PINDORETAMA,CE,"ENEL CE",0.74977,2026-04-22,2027-04-21,0
CARIUS,CE,"ENEL CE",0.74977,2026-04-22,2027-04-21,0
IGUATU,CE,"ENEL CE",0.74977,2026-04-22,2027-04-21,0
JUCAS,CE,"ENEL CE",0.74977,2026-04-22,2027-04-21,0
QUIXELO,CE,"ENEL CE",0.74977,2026-04-22,2027-04-21,0
IRAUCUBA,CE,"ENEL CE",0.74977,2026-04-22,2027-04-21,0
ITAPAJE,CE,"ENEL CE",0.74977,2026-04-22,2027-04-21,0
TEJUCUOCA,CE,"ENEL CE",0.74977,2026-04-22,2027-04-21,0
URUBURETAMA,CE,"ENEL CE",0.74977,2026-04-22,2027-04-21,0
ACARAU,CE,"ENEL CE",0.74977,2026-04-22,2027-04-21,0
CRUZ,CE,"ENEL CE",0.74977,2026-04-22,2027-04-21,0
ITAREMA,CE,"ENEL CE",0.74977,2026-04-22,2027-04-21,0
"JIJOCA DE JERICOACOARA",CE,"ENEL CE",0.74977,2026-04-22,2027-04-21,0
BARROQUINHA,CE,"ENEL CE",0.74977,2026-04-22,2027-04-21,0
CAMOCIM,CE,"ENEL CE",0.74977,2026-04-22,2027-04-21,0
"LIMOEIRO DO NORTE",CE,"ENEL CE",0.74977,2026-04-22,2027-04-21,0
QUIXERE,CE,"ENEL CE",0.74977,2026-04-22,2027-04-21,0
"TABULEIRO DO NORTE",CE,"ENEL CE",0.74977,2026-04-22,2027-04-21,0
CRATO,CE,"ENEL CE",0.74977,2026-04-22,2027-04-21,0
GUAIUBA,CE,"ENEL CE",0.74977,2026-04-22,2027-04-21,0
MARANGUAPE,CE,"ENEL CE",0.74977,2026-04-22,2027-04-21,0
PACATUBA,CE,"ENEL CE",0.74977,2026-04-22,2027-04-21,0
PALHANO,CE,"ENEL CE",0.74977,2026-04-22,2027-04-21,0
RUSSAS,CE,"ENEL CE",0.74977,2026-04-22,2027-04-21,0
CHOROZINHO,CE,"ENEL CE",0.74977,2026-04-22,2027-04-21,0
PACAJUS,CE,"ENEL CE",0.74977,2026-04-22,2027-04-21,0
HORIZONTE,CE,"ENEL CE",0.74977,2026-04-22,2027-04-21,0
CHAVAL,CE,"ENEL CE",0.74977,2026-04-22,2027-04-21,0
GRANJA,CE,"ENEL CE",0.74977,2026-04-22,2027-04-21,0
MARTINOPOLE,CE,"ENEL CE",0.74977,2026-04-22,2027-04-21,0
PENTECOSTE,CE,"ENEL CE",0.74977,2026-04-22,2027-04-21,0
"SAO LUIS DO CURU",CE,"ENEL CE",0.74977,2026-04-22,2027-04-21,0
ALCANTARAS,CE,"ENEL CE",0.74977,2026-04-22,2027-04-21,0
COREAU,CE,"ENEL CE",0.74977,2026-04-22,2027-04-21,0
FORQUILHA,CE,"ENEL CE",0.74977,2026-04-22,2027-04-21,0
MERUOCA,CE,"ENEL CE",0.74977,2026-04-22,2027-04-21,0
MORAUJO,CE,"ENEL CE",0.74977,2026-04-22,2027-04-21,0
MUCAMBO,CE,"ENEL CE",0.74977,2026-04-22,2027-04-21,0
SOBRAL,CE,"ENEL CE",0.74977,2026-04-22,2027-04-21,0
APUIARES,CE,"ENEL CE",0.74977,2026-04-22,2027-04-21,0
"GENERAL SAMPAIO",CE,"ENEL CE",0.74977,2026-04-22,2027-04-21,0
TURURU,CE,"ENEL CE",0.74977,2026-04-22,2027-04-21,0
UMIRIM,CE,"ENEL CE",0.74977,2026-04-22,2027-04-21,0
"BOA VIAGEM",CE,"ENEL CE",0.74977,2026-04-22,2027-04-21,0
"FARIAS BRITO",CE,"ENEL CE",0.74977,2026-04-22,2027-04-21,0
"BELA CRUZ",CE,"ENEL CE",0.74977,2026-04-22,2027-04-21,0
MARCO,CE,"ENEL CE",0.74977,2026-04-22,2027-04-21,0
MORRINHOS,CE,"ENEL CE",0.74977,2026-04-22,2027-04-21,0
"SAO JOAO DO JAGUARIBE",CE,"ENEL CE",0.74977,2026-04-22,2027-04-21,0
CATARINA,CE,"ENEL CE",0.74977,2026-04-22,2027-04-21,0
ARACOIABA,CE,"ENEL CE",0.74977,2026-04-22,2027-04-21,0
OCARA,CE,"ENEL CE",0.74977,2026-04-22,2027-04-21,0
GRANJEIRO,CE,"ENEL CE",0.74977,2026-04-22,2027-04-21,0
"VARZEA ALEGRE",CE,"ENEL CE",0.74977,2026-04-22,2027-04-21,0
MAURITI,CE,"ENEL CE",0.74977,2026-04-22,2027-04-21,0
MILAGRES,CE,"ENEL CE",0.74977,2026-04-22,2027-04-21,0
CARNAUBAL,CE,"ENEL CE",0.74977,2026-04-22,2027-04-21,0
"GUARACIABA DO NORTE",CE,"ENEL CE",0.74977,2026-04-22,2027-04-21,0
"SAO BENEDITO",CE,"ENEL CE",0.74977,2026-04-22,2027-04-21,0
CROATA,CE,"ENEL CE",0.74977,2026-04-22,2027-04-21,0
GRACA,CE,"ENEL CE",0.74977,2026-04-22,2027-04-21,0
PACUJA,CE,"ENEL CE",0.74977,2026-04-22,2027-04-21,0
PALMACIA,CE,"ENEL CE",0.74977,2026-04-22,2027-04-21,0
REDENCAO,CE,"ENEL CE",0.74977,2026-04-22,2027-04-21,0
ACARAPE,CE,"ENEL CE",0.74977,2026-04-22,2027-04-21,0
BARREIRA,CE,"ENEL CE",0.74977,2026-04-22,2027-04-21,0
ITATIRA,CE,"ENEL CE",0.74977,2026-04-22,2027-04-21,0
BARBALHA,CE,"ENEL CE",0.74977,2026-04-22,2027-04-21,0
"MISSAO VELHA",CE,"ENEL CE",0.74977,2026-04-22,2027-04-21,0
"VICOSA DO CEARA",CE,"ENEL CE",0.74977,2026-04-22,2027-04-21,0
FRECHEIRINHA,CE,"ENEL CE",0.74977,2026-04-22,2027-04-21,0
UBAJARA,CE,"ENEL CE",0.74977,2026-04-22,2027-04-21,0
IBIAPINA,CE,"ENEL CE",0.74977,2026-04-22,2027-04-21,0
ARARENDA,CE,"ENEL CE",0.74977,2026-04-22,2027-04-21,0
IPAPORANGA,CE,"ENEL CE",0.74977,2026-04-22,2027-04-21,0
PORANGA,CE,"ENEL CE",0.74977,2026-04-22,2027-04-21,0
POTENGI,CE,"ENEL CE",0.74977,2026-04-22,2027-04-21,0
MOMBACA,CE,"ENEL CE",0.74977,2026-04-22,2027-04-21,0
"PEDRA BRANCA",CE,"ENEL CE",0.74977,2026-04-22,2027-04-21,0
"DEPUTADO IRAPUAN PINHEIRO",CE,"ENEL CE",0.74977,2026-04-22,2027-04-21,0
MILHA,CE,"ENEL CE",0.74977,2026-04-22,2027-04-21,0
SOLONOPOLE,CE,"ENEL CE",0.74977,2026-04-22,2027-04-21,0
BAIXIO,CE,"ENEL CE",0.74977,2026-04-22,2027-04-21,0
IPAUMIRIM,CE,"ENEL CE",0.74977,2026-04-22,2027-04-21,0
UMARI,CE,"ENEL CE",0.74977,2026-04-22,2027-04-21,0
MIRAIMA,CE,"ENEL CE",0.74977,2026-04-22,2027-04-21,0
ITAITINGA,CE,"ENEL CE",0.74977,2026-04-22,2027-04-21,0
INDEPENDENCIA,CE,"ENEL CE",0.74977,2026-04-22,2027-04-21,0
"NOVO ORIENTE",CE,"ENEL CE",0.74977,2026-04-22,2027-04-21,0
ABAIARA,CE,"ENEL CE",0.74977,2026-04-22,2027-04-21,0
"CONCORDIA DO PARA",PA,"EQUATORIAL PA",0.9783,2026-01-01,2026-08-06,0
BENEVIDES,PA,"EQUATORIAL PA",0.9783,2026-01-01,2026-08-06,0
IGARAPE-MIRI,PA,"EQUATORIAL PA",0.9783,2026-01-01,2026-08-06,0
MARACANA,PA,"EQUATORIAL PA",0.9783,2026-01-01,2026-08-06,0
"NOVA TIMBOTEUA",PA,"EQUATORIAL PA",0.9783,2026-01-01,2026-08-06,0
"RONDON DO PARA",PA,"EQUATORIAL PA",0.9783,2026-01-01,2026-08-06,0
SALINOPOLIS,PA,"EQUATORIAL PA",0.9783,2026-01-01,2026-08-06,0
"SAO MIGUEL DO GUAMA",PA,"EQUATORIAL PA",0.9783,2026-01-01,2026-08-06,0
"ALTO PARAGUAI",MT,EMT,0.89942,2026-04-08,2027-04-07,0
NORTELANDIA,MT,EMT,0.89942,2026-04-08,2027-04-07,0
ARENAPOLIS,MT,EMT,0.89942,2026-04-08,2027-04-07,0
TAPURAH,MT,EMT,0.89942,2026-04-08,2027-04-07,0
BRASNORTE,MT,EMT,0.89942,2026-04-08,2027-04-07,0
"DOM AQUINO",MT,EMT,0.89942,2026-04-08,2027-04-07,0
"NOSSA SENHORA DO LIVRAMENTO",MT,EMT,0.89942,2026-04-08,2027-04-07,0
"MIRASSOL D'OESTE",MT,EMT,0.89942,2026-04-08,2027-04-07,0
"UNIAO DO SUL",MT,EMT,0.89942,2026-04-08,2027-04-07,0
"VALE DE SAO DOMINGOS",MT,EMT,0.89942,2026-04-08,2027-04-07,0
COMODORO,MT,EMT,0.89942,2026-04-08,2027-04-07,0
MARCELANDIA,MT,EMT,0.89942,2026-04-08,2027-04-07,0
ACORIZAL,MT,EMT,0.89942,2026-04-08,2027-04-07,0
JANGADA,MT,EMT,0.89942,2026-04-08,2027-04-07,0
"BARRA DO BUGRES",MT,EMT,0.89942,2026-04-08,2027-04-07,0
"BARAO DE MELGACO",MT,EMT,0.89942,2026-04-08,2027-04-07,0
"VILA BELA DA SANTISSIMA TRINDADE",MT,EMT,0.89942,2026-04-08,2027-04-07,0
"ALTO GARCAS",MT,EMT,0.89942,2026-04-08,2027-04-07,0
JUSCIMEIRA,MT,EMT,0.89942,2026-04-08,2027-04-07,0
"SAO PEDRO DA CIPA",MT,EMT,0.89942,2026-04-08,2027-04-07,0
"LAMBARI D'OESTE",MT,EMT,0.89942,2026-04-08,2027-04-07,0
"RIO BRANCO",MT,EMT,0.89942,2026-04-08,2027-04-07,0
"SALTO DO CEU",MT,EMT,0.89942,2026-04-08,2027-04-07,0
"ALTO ARAGUAIA",MT,EMT,0.89942,2026-04-08,2027-04-07,0
"GENERAL CARNEIRO",MT,EMT,0.89942,2026-04-08,2027-04-07,0
ITIQUIRA,MT,EMT,0.89942,2026-04-08,2027-04-07,0
TESOURO,MT,EMT,0.89942,2026-04-08,2027-04-07,0
TORIXOREU,MT,EMT,0.89942,2026-04-08,2027-04-07,0
"PORTO ESPERIDIAO",MT,EMT,0.89942,2026-04-08,2027-04-07,0
"PORTO ESTRELA",MT,EMT,0.89942,2026-04-08,2027-04-07,0
POXOREU,MT,EMT,0.89942,2026-04-08,2027-04-07,0
CANARANA,MT,EMT,0.89942,2026-04-08,2027-04-07,0
ARAGUAINHA,MT,EMT,0.89942,2026-04-08,2027-04-07,0
JAURU,MT,EMT,0.89942,2026-04-08,2027-04-07,0
"FIGUEIROPOLIS D'OESTE",MT,EMT,0.89942,2026-04-08,2027-04-07,0
INDIAVAI,MT,EMT,0.89942,2026-04-08,2027-04-07,0
"RESERVA DO CABACAL",MT,EMT,0.89942,2026-04-08,2027-04-07,0
"NOVA LACERDA",MT,EMT,0.89942,2026-04-08,2027-04-07,0
"GLORIA D'OESTE",MT,EMT,0.89942,2026-04-08,2027-04-07,0
"SANTO ANTONIO DO LEVERGER",MT,EMT,0.89942,2026-04-08,2027-04-07,0
GUIRATINGA,MT,EMT,0.89942,2026-04-08,2027-04-07,0
ILHABELA,SP,ELEKTRO,0.79605,2026-01-01,2026-08-26,0
ANDRADINA,SP,ELEKTRO,0.79605,2026-01-01,2026-08-26,0
"MURUTINGA DO SUL",SP,ELEKTRO,0.79605,2026-01-01,2026-08-26,0
"NOVA INDEPENDENCIA",SP,ELEKTRO,0.79605,2026-01-01,2026-08-26,0
BRASILANDIA,MS,ELEKTRO,0.79605,2026-01-01,2026-08-26,0
"SANTA RITA DO PARDO",MS,ELEKTRO,0.79605,2026-01-01,2026-08-26,0
CASTILHO,SP,ELEKTRO,0.79605,2026-01-01,2026-08-26,0
PANORAMA,SP,ELEKTRO,0.79605,2026-01-01,2026-08-26,0
PAULICEIA,SP,ELEKTRO,0.79605,2026-01-01,2026-08-26,0
"GUARANI D'OESTE",SP,ELEKTRO,0.79605,2026-01-01,2026-08-26,0
INDIAPORA,SP,ELEKTRO,0.79605,2026-01-01,2026-08-26,0
"MIRA ESTRELA",SP,ELEKTRO,0.79605,2026-01-01,2026-08-26,0
OUROESTE,SP,ELEKTRO,0.79605,2026-01-01,2026-08-26,0
"ALVARES FLORENCE",SP,ELEKTRO,0.79605,2026-01-01,2026-08-26,0
COSMORAMA,SP,ELEKTRO,0.79605,2026-01-01,2026-08-26,0
PARISI,SP,ELEKTRO,0.79605,2026-01-01,2026-08-26,0
"VALENTIM GENTIL",SP,ELEKTRO,0.79605,2026-01-01,2026-08-26,0
VOTUPORANGA,SP,ELEKTRO,0.79605,2026-01-01,2026-08-26,0
MACAUBAL,SP,ELEKTRO,0.79605,2026-01-01,2026-08-26,0
MONCOES,SP,ELEKTRO,0.79605,2026-01-01,2026-08-26,0
NIPOA,SP,ELEKTRO,0.79605,2026-01-01,2026-08-26,0
PLANALTO,SP,ELEKTRO,0.79605,2026-01-01,2026-08-26,0
TURIUBA,SP,ELEKTRO,0.79605,2026-01-01,2026-08-26,0
"UNIAO PAULISTA",SP,ELEKTRO,0.79605,2026-01-01,2026-08-26,0
"MONTE CASTELO",SP,ELEKTRO,0.79605,2026-01-01,2026-08-26,0
"NOVA GUATAPORANGA",SP,ELEKTRO,0.79605,2026-01-01,2026-08-26,0
"TUPI PAULISTA",SP,ELEKTRO,0.79605,2026-01-01,2026-08-26,0
DRACENA,SP,ELEKTRO,0.79605,2026-01-01,2026-08-26,0
JUNQUEIROPOLIS,SP,ELEKTRO,0.79605,2026-01-01,2026-08-26,0
"MARABA PAULISTA",SP,ELEKTRO,0.79605,2026-01-01,2026-08-26,0
"MIRANTE DO PARANAPANEMA",SP,ELEKTRO,0.79605,2026-01-01,2026-08-26,0
"PEREIRA BARRETO",SP,ELEKTRO,0.79605,2026-01-01,2026-08-26,0
"SUD MENNUCCI",SP,ELEKTRO,0.79605,2026-01-01,2026-08-26,0
SUZANAPOLIS,SP,ELEKTRO,0.79605,2026-01-01,2026-08-26,0
GUARACAI,SP,ELEKTRO,0.79605,2026-01-01,2026-08-26,0
LAVINIA,SP,ELEKTRO,0.79605,2026-01-01,2026-08-26,0
MIRANDOPOLIS,SP,ELEKTRO,0.79605,2026-01-01,2026-08-26,0
CARDOSO,SP,ELEKTRO,0.79605,2026-01-01,2026-08-26,0
"OURO VERDE",SP,ELEKTRO,0.79605,2026-01-01,2026-08-26,0
"SANTA MERCEDES",SP,ELEKTRO,0.79605,2026-01-01,2026-08-26,0
"SAO JOAO DO PAU D'ALHO",SP,ELEKTRO,0.79605,2026-01-01,2026-08-26,0
ANAURILANDIA,MS,ELEKTRO,0.79605,2026-01-01,2026-08-26,0
"FLORA RICA",SP,ELEKTRO,0.79605,2026-01-01,2026-08-26,0
IRAPURU,SP,ELEKTRO,0.79605,2026-01-01,2026-08-26,0
PACAEMBU,SP,ELEKTRO,0.79605,2026-01-01,2026-08-26,0
ROSANA,SP,ELEKTRO,0.79605,2026-01-01,2026-08-26,0
"TRES LAGOAS",MS,ELEKTRO,0.79605,2026-01-01,2026-08-26,0
"ESTRELA D'OESTE",SP,ELEKTRO,0.79605,2026-01-01,2026-08-26,0
FERNANDOPOLIS,SP,ELEKTRO,0.79605,2026-01-01,2026-08-26,0
MACEDONIA,SP,ELEKTRO,0.79605,2026-01-01,2026-08-26,0
MERIDIANO,SP,ELEKTRO,0.79605,2026-01-01,2026-08-26,0
PEDRANOPOLIS,SP,ELEKTRO,0.79605,2026-01-01,2026-08-26,0
"SAO JOAO DAS DUAS PONTES",SP,ELEKTRO,0.79605,2026-01-01,2026-08-26,0
"ALVARES MACHADO",SP,ESS,0.74576,2026-01-01,2026-07-11,1
ANHUMAS,SP,ELEKTRO,0.79605,2026-01-01,2026-08-26,0
"ESTRELA DO NORTE",SP,ELEKTRO,0.79605,2026-01-01,2026-08-26,0
NARANDIBA,SP,ELEKTRO,0.79605,2026-01-01,2026-08-26,0
PIRAPOZINHO,SP,ELEKTRO,0.79605,2026-01-01,2026-08-26,0
"PRESIDENTE BERNARDES",SP,ESS,0.74576,2026-01-01,2026-07-11,1
SANDOVALINA,SP,ELEKTRO,0.79605,2026-01-01,2026-08-26,0
TACIBA,SP,ELEKTRO,0.79605,2026-01-01,2026-08-26,0
TARABAI,SP,ELEKTRO,0.79605,2026-01-01,2026-08-26,0
"EUCLIDES DA CUNHA PAULISTA",SP,ELEKTRO,0.79605,2026-01-01,2026-08-26,0
"TEODORO SAMPAIO",SP,ELEKTRO,0.79605,2026-01-01,2026-08-26,0
"ILHA SOLTEIRA",SP,ELEKTRO,0.79605,2026-01-01,2026-08-26,0
ITAPURA,SP,ELEKTRO,0.79605,2026-01-01,2026-08-26,0
SELVIRIA,MS,ELEKTRO,0.79605,2026-01-01,2026-08-26,0
"FLORIDA PAULISTA",SP,ELEKTRO,0.79605,2026-01-01,2026-08-26,0
MARIAPOLIS,SP,ELEKTRO,0.79605,2026-01-01,2026-08-26,0
FLOREAL,SP,ELEKTRO,0.79605,2026-01-01,2026-08-26,0
"GASTAO VIDIGAL",SP,ELEKTRO,0.79605,2026-01-01,2026-08-26,0
MAGDA,SP,ELEKTRO,0.79605,2026-01-01,2026-08-26,0
NHANDEARA,SP,ELEKTRO,0.79605,2026-01-01,2026-08-26,0
"NOVA LUZITANIA",SP,ELEKTRO,0.79605,2026-01-01,2026-08-26,0
"SEBASTIANOPOLIS DO SUL",SP,ELEKTRO,0.79605,2026-01-01,2026-08-26,0
"AMERICO DE CAMPOS",SP,ELEKTRO,0.79605,2026-01-01,2026-08-26,0
"PONTES GESTAL",SP,ELEKTRO,0.79605,2026-01-01,2026-08-26,0
BURITAMA,SP,ELEKTRO,0.79605,2026-01-01,2026-08-26,0
LOURDES,SP,ELEKTRO,0.79605,2026-01-01,2026-08-26,0
ZACARIAS,SP,ELEKTRO,0.79605,2026-01-01,2026-08-26,0
"BARRA DO TURVO",SP,ELEKTRO,0.79605,2026-01-01,2026-08-26,0
IPORANGA,SP,ELEKTRO,0.79605,2026-01-01,2026-08-26,0
"FRANCISCO MORATO",SP,ELEKTRO,0.79605,2026-01-01,2026-08-26,0
"FRANCO DA ROCHA",SP,ELEKTRO,0.79605,2026-01-01,2026-08-26,0
"AGUAS DA PRATA",SP,ELEKTRO,0.79605,2026-01-01,2026-08-26,0
"SAO JOAO DA BOA VISTA",SP,ELEKTRO,0.79605,2026-01-01,2026-08-26,0
"VARGEM GRANDE DO SUL",SP,ELEKTRO,0.79605,2026-01-01,2026-08-26,0
AGUAI,SP,ELEKTRO,0.79605,2026-01-01,2026-08-26,0
"MOGI MIRIM",SP,ELEKTRO,0.79605,2026-01-01,2026-08-26,0
"MOGI GUACU",SP,ELEKTRO,0.79605,2026-01-01,2026-08-26,0
"ESTIVA GERBI",SP,ELEKTRO,0.79605,2026-01-01,2026-08-26,0
"SANTO ANTONIO DE POSSE",SP,ELEKTRO,0.79605,2026-01-01,2026-08-26,0
"ARTUR NOGUEIRA",SP,ELEKTRO,0.79605,2026-01-01,2026-08-26,0
"ENGENHEIRO COELHO",SP,ELEKTRO,0.79605,2026-01-01,2026-08-26,0
LIMEIRA,SP,ELEKTRO,0.79605,2026-01-01,2026-08-26,0
CORDEIROPOLIS,SP,ELEKTRO,0.79605,2026-01-01,2026-08-26,0
IRACEMAPOLIS,SP,ELEKTRO,0.79605,2026-01-01,2026-08-26,0
CAJATI,SP,ELEKTRO,0.79605,2026-01-01,2026-08-26,0
ELDORADO,SP,ELEKTRO,0.79605,2026-01-01,2026-08-26,0
JACUPIRANGA,SP,ELEKTRO,0.79605,2026-01-01,2026-08-26,0
CANANEIA,SP,ELEKTRO,0.79605,2026-01-01,2026-08-26,0
PARIQUERA-ACU,SP,ELEKTRO,0.79605,2026-01-01,2026-08-26,0
"SETE BARRAS",SP,ELEKTRO,0.79605,2026-01-01,2026-08-26,0
REGISTRO,SP,ELEKTRO,0.79605,2026-01-01,2026-08-26,0
JUQUIA,SP,ELEKTRO,0.79605,2026-01-01,2026-08-26,0
MIRACATU,SP,ELEKTRO,0.79605,2026-01-01,2026-08-26,0
IGUAPE,SP,ELEKTRO,0.79605,2026-01-01,2026-08-26,0
"ILHA COMPRIDA",SP,ELEKTRO,0.79605,2026-01-01,2026-08-26,0
ITARIRI,SP,ELEKTRO,0.79605,2026-01-01,2026-08-26,1
"PEDRO DE TOLEDO",SP,ELEKTRO,0.79605,2026-01-01,2026-08-26,1
PERUIBE,SP,ELEKTRO,0.79605,2026-01-01,2026-08-26,1
ITANHAEM,SP,ELEKTRO,0.79605,2026-01-01,2026-08-26,1
MONGAGUA,SP,ELEKTRO,0.79605,2026-01-01,2026-08-26,0
UBATUBA,SP,ELEKTRO,0.79605,2026-01-01,2026-08-26,0
CUNHA,SP,ELEKTRO,0.79605,2026-01-01,2026-08-26,0
LAGOINHA,SP,ELEKTRO,0.79605,2026-01-01,2026-08-26,0
"SAO LUIZ DO PARAITINGA",SP,ELEKTRO,0.79605,2026-01-01,2026-08-26,0
"NATIVIDADE DA SERRA",SP,ELEKTRO,0.79605,2026-01-01,2026-08-26,1
PARAIBUNA,SP,ELEKTRO,0.79605,2026-01-01,2026-08-26,1
"REDENCAO DA SERRA",SP,ELEKTRO,0.79605,2026-01-01,2026-08-26,1
PIQUETE,SP,ELEKTRO,0.79605,2026-01-01,2026-08-26,0
ARAPEI,SP,ELEKTRO,0.79605,2026-01-01,2026-08-26,0
BANANAL,SP,ELEKTRO,0.79605,2026-01-01,2026-08-26,0
"SAO JOSE DO BARREIRO",SP,ELEKTRO,0.79605,2026-01-01,2026-08-26,0
IGARATA,SP,ELEKTRO,0.79605,2026-01-01,2026-08-26,0
"SANTA ISABEL",SP,ELEKTRO,0.79605,2026-01-01,2026-08-26,0
ARUJA,SP,ELEKTRO,0.79605,2026-01-01,2026-08-26,0
AREIAS,SP,ELEKTRO,0.79605,2026-01-01,2026-08-26,0
LAVRINHAS,SP,ELEKTRO,0.79605,2026-01-01,2026-08-26,0
QUELUZ,SP,ELEKTRO,0.79605,2026-01-01,2026-08-26,0
SILVEIRAS,SP,ELEKTRO,0.79605,2026-01-01,2026-08-26,0
JARINU,SP,ELEKTRO,0.79605,2026-01-01,2026-08-26,0
JOANOPOLIS,SP,ELEKTRO,0.79605,2026-01-01,2026-08-26,1
PIRACAIA,SP,ELEKTRO,0.79605,2026-01-01,2026-08-26,0
"BOM JESUS DOS PERDOES",SP,ELEKTRO,0.79605,2026-01-01,2026-08-26,0
"NAZARE PAULISTA",SP,ELEKTRO,0.79605,2026-01-01,2026-08-26,0
"CAMPOS DO JORDAO",SP,ELEKTRO,0.79605,2026-01-01,2026-08-26,0
"SANTO ANTONIO DO PINHAL",SP,ELEKTRO,0.79605,2026-01-01,2026-08-26,0
"SAO BENTO DO SAPUCAI",SP,ELEKTRO,0.79605,2026-01-01,2026-08-26,0
MAIRIPORA,SP,ELEKTRO,0.79605,2026-01-01,2026-08-26,0
ATIBAIA,SP,ELEKTRO,0.79605,2026-01-01,2026-08-26,0
CAIEIRAS,SP,ELEKTRO,0.79605,2026-01-01,2026-08-26,0
CABREUVA,SP,ELEKTRO,0.79605,2026-01-01,2026-08-26,1
TAMBAU,SP,ELEKTRO,0.79605,2026-01-01,2026-08-26,0
"SANTA RITA DO PASSA QUATRO",SP,ELEKTRO,0.79605,2026-01-01,2026-08-26,0
"SANTA CRUZ DAS PALMEIRAS",SP,ELEKTRO,0.79605,2026-01-01,2026-08-26,0
"PORTO FERREIRA",SP,ELEKTRO,0.79605,2026-01-01,2026-08-26,0
PIRASSUNUNGA,SP,ELEKTRO,0.79605,2026-01-01,2026-08-26,0
LEME,SP,ELEKTRO,0.79605,2026-01-01,2026-08-26,0
"SANTA CRUZ DA CONCEICAO",SP,ELEKTRO,0.79605,2026-01-01,2026-08-26,0
CONCHAL,SP,ELEKTRO,0.79605,2026-01-01,2026-08-26,0
ARARAS,SP,ELEKTRO,0.79605,2026-01-01,2026-08-26,0
ITIRAPINA,SP,ELEKTRO,0.79605,2026-01-01,2026-08-26,0
CORUMBATAI,SP,ELEKTRO,0.79605,2026-01-01,2026-08-26,0
IPEUNA,SP,ELEKTRO,0.79605,2026-01-01,2026-08-26,0
"RIO CLARO",SP,ELEKTRO,0.79605,2026-01-01,2026-08-26,0
"SANTA GERTRUDES",SP,ELEKTRO,0.79605,2026-01-01,2026-08-26,0
"CAPAO BONITO",SP,ELEKTRO,0.79605,2026-01-01,2026-08-26,0
"RIBEIRAO GRANDE",SP,ELEKTRO,0.79605,2026-01-01,2026-08-26,0
TIETE,SP,ELEKTRO,0.79605,2026-01-01,2026-08-26,0
QUADRA,SP,ELEKTRO,0.79605,2026-01-01,2026-08-26,0
TATUI,SP,ELEKTRO,0.79605,2026-01-01,2026-08-26,0
"BARAO DE ANTONINA",SP,ELEKTRO,0.79605,2026-01-01,2026-08-26,0
"CORONEL MACEDO",SP,ELEKTRO,0.79605,2026-01-01,2026-08-26,1
ITAPORANGA,SP,ELEKTRO,0.79605,2026-01-01,2026-08-26,0
RIVERSUL,SP,ELEKTRO,0.79605,2026-01-01,2026-08-26,0
ANHEMBI,SP,ELEKTRO,0.79605,2026-01-01,2026-08-26,0
CONCHAS,SP,ELEKTRO,0.79605,2026-01-01,2026-08-26,0
PEREIRAS,SP,ELEKTRO,0.79605,2026-01-01,2026-08-26,0
PORANGABA,SP,ELEKTRO,0.79605,2026-01-01,2026-08-26,0
BURI,SP,ELEKTRO,0.79605,2026-01-01,2026-08-26,1
TAQUARIVAI,SP,ELEKTRO,0.79605,2026-01-01,2026-08-26,0
CERQUILHO,SP,ELEKTRO,0.79605,2026-01-01,2026-08-26,0
GUAPIARA,SP,ELEKTRO,0.79605,2026-01-01,2026-08-26,0
"RIBEIRAO BRANCO",SP,ELEKTRO,0.79605,2026-01-01,2026-08-26,0
"BOM SUCESSO DE ITARARE",SP,ELEKTRO,0.79605,2026-01-01,2026-08-26,0
ITARARE,SP,ELEKTRO,0.79605,2026-01-01,2026-08-26,0
ITAPEVA,SP,ELEKTRO,0.79605,2026-01-01,2026-08-26,1
"NOVA CAMPINA",SP,ELEKTRO,0.79605,2026-01-01,2026-08-26,0
APIAI,SP,ELEKTRO,0.79605,2026-01-01,2026-08-26,0
"BARRA DO CHAPEU",SP,ELEKTRO,0.79605,2026-01-01,2026-08-26,0
ITAOCA,SP,ELEKTRO,0.79605,2026-01-01,2026-08-26,0
"ITAPIRAPUA PAULISTA",SP,ELEKTRO,0.79605,2026-01-01,2026-08-26,0
RIBEIRA,SP,ELEKTRO,0.79605,2026-01-01,2026-08-26,0
"CESARIO LANGE",SP,ELEKTRO,0.79605,2026-01-01,2026-08-26,0
"TORRE DE PEDRA",SP,ELEKTRO,0.79605,2026-01-01,2026-08-26,0
JUMIRIM,SP,ELEKTRO,0.79605,2026-01-01,2026-08-26,0
"LARANJAL PAULISTA",SP,ELEKTRO,0.79605,2026-01-01,2026-08-26,0
ANGATUBA,SP,ELEKTRO,0.79605,2026-01-01,2026-08-26,0
"CAMPINA DO MONTE ALEGRE",SP,ELEKTRO,0.79605,2026-01-01,2026-08-26,0
ITABERA,SP,ELEKTRO,0.79605,2026-01-01,2026-08-26,1
"PILAR DO SUL",SP,ELEKTRO,0.79605,2026-01-01,2026-08-26,0
FARTURA,SP,ELEKTRO,0.79605,2026-01-01,2026-08-26,0
PIEDADE,SP,ELEKTRO,0.79605,2026-01-01,2026-08-26,1
TAPIRAI,SP,ELEKTRO,0.79605,2026-01-01,2026-08-26,0
RIOLANDIA,SP,ELEKTRO,0.79605,2026-01-01,2026-08-26,0
ORINDIUVA,SP,ELEKTRO,0.79605,2026-01-01,2026-08-26,0
"PAULO DE FARIA",SP,ELEKTRO,0.79605,2026-01-01,2026-08-26,0
MESOPOLIS,SP,ELEKTRO,0.79605,2026-01-01,2026-08-26,0
PARANAPUA,SP,ELEKTRO,0.79605,2026-01-01,2026-08-26,0
POPULINA,SP,ELEKTRO,0.79605,2026-01-01,2026-08-26,0
"SANTA ALBERTINA",SP,ELEKTRO,0.79605,2026-01-01,2026-08-26,0
TURMALINA,SP,ELEKTRO,0.79605,2026-01-01,2026-08-26,0
RUBINEIA,SP,ELEKTRO,0.79605,2026-01-01,2026-08-26,0
"SANTA CLARA D'OESTE",SP,ELEKTRO,0.79605,2026-01-01,2026-08-26,0
"SANTA FE DO SUL",SP,ELEKTRO,0.79605,2026-01-01,2026-08-26,0
"SANTANA DA PONTE PENSA",SP,ELEKTRO,0.79605,2026-01-01,2026-08-26,0
"SANTA RITA D'OESTE",SP,ELEKTRO,0.79605,2026-01-01,2026-08-26,0
"TRES FRONTEIRAS",SP,ELEKTRO,0.79605,2026-01-01,2026-08-26,0
AURIFLAMA,SP,ELEKTRO,0.79605,2026-01-01,2026-08-26,0
GUZOLANDIA,SP,ELEKTRO,0.79605,2026-01-01,2026-08-26,0
"GENERAL SALGADO",SP,ELEKTRO,0.79605,2026-01-01,2026-08-26,0
"NOVA CASTILHO",SP,ELEKTRO,0.79605,2026-01-01,2026-08-26,0
"SAO JOAO DE IRACEMA",SP,ELEKTRO,0.79605,2026-01-01,2026-08-26,0
"APARECIDA D'OESTE",SP,ELEKTRO,0.79605,2026-01-01,2026-08-26,0
"DIRCE REIS",SP,ELEKTRO,0.79605,2026-01-01,2026-08-26,0
MARINOPOLIS,SP,ELEKTRO,0.79605,2026-01-01,2026-08-26,0
"NOVA CANAA PAULISTA",SP,ELEKTRO,0.79605,2026-01-01,2026-08-26,0
"PALMEIRA D'OESTE",SP,ELEKTRO,0.79605,2026-01-01,2026-08-26,0
"SAO FRANCISCO",SP,ELEKTRO,0.79605,2026-01-01,2026-08-26,0
ASPASIA,SP,ELEKTRO,0.79605,2026-01-01,2026-08-26,0
DOLCINOPOLIS,SP,ELEKTRO,0.79605,2026-01-01,2026-08-26,0
JALES,SP,ELEKTRO,0.79605,2026-01-01,2026-08-26,0
PONTALINDA,SP,ELEKTRO,0.79605,2026-01-01,2026-08-26,0
"SANTA SALETE",SP,ELEKTRO,0.79605,2026-01-01,2026-08-26,0
URANIA,SP,ELEKTRO,0.79605,2026-01-01,2026-08-26,0
"VITORIA BRASIL",SP,ELEKTRO,0.79605,2026-01-01,2026-08-26,0
JUARA,MT,EMT,0.89942,2026-04-08,2027-04-07,0
PARANATINGA,MT,EMT,0.89942,2026-04-08,2027-04-07,0
"SAO JOSE DO POVO",MT,EMT,0.89942,2026-04-08,2027-04-07,0
JUINA,MT,EMT,0.89942,2026-04-08,2027-04-07,0
"PONTAL DO ARAGUAIA",MT,EMT,0.89942,2026-04-08,2027-04-07,0
"NOVA BRASILANDIA",MT,EMT,0.89942,2026-04-08,2027-04-07,0
RIBEIRAOZINHO,MT,EMT,0.89942,2026-04-08,2027-04-07,0
ARAGUAIANA,MT,EMT,0.89942,2026-04-08,2027-04-07,0
"NOVA MARILANDIA",MT,EMT,0.89942,2026-04-08,2027-04-07,0
"SANTO AFONSO",MT,EMT,0.89942,2026-04-08,2027-04-07,0
"PONTE BRANCA",MT,EMT,0.89942,2026-04-08,2027-04-07,0
"NOVO HORIZONTE DO NORTE",MT,EMT,0.89942,2026-04-08,2027-04-07,0
PARANAITA,MT,EMT,0.89942,2026-04-08,2027-04-07,0
"VILA RICA",MT,EMT,0.89942,2026-04-08,2027-04-07,0
ITAUBA,MT,EMT,0.89942,2026-04-08,2027-04-07,0
"TERRA NOVA DO NORTE",MT,EMT,0.89942,2026-04-08,2027-04-07,0
JURUENA,MT,EMT,0.89942,2026-04-08,2027-04-07,0
"SANTA CARMEM",MT,EMT,0.89942,2026-04-08,2027-04-07,0
CASTANHEIRA,MT,EMT,0.89942,2026-04-08,2027-04-07,0
"NOVA CANAA DO NORTE",MT,EMT,0.89942,2026-04-08,2027-04-07,0
CURVELANDIA,MT,EMT,0.89942,2026-04-08,2027-04-07,0
COCALINHO,MT,EMT,0.89942,2026-04-08,2027-04-07,0
CAMPINAPOLIS,MT,EMT,0.89942,2026-04-08,2027-04-07,0
"NOVO SAO JOAQUIM",MT,EMT,0.89942,2026-04-08,2027-04-07,0
"ALTO TAQUARI",MT,EMT,0.89942,2026-04-08,2027-04-07,0
"RIBEIRAO CASCALHEIRA",MT,EMT,0.89942,2026-04-08,2027-04-07,0
MATUPA,MT,EMT,0.89942,2026-04-08,2027-04-07,0
"GAUCHA DO NORTE",MT,EMT,0.89942,2026-04-08,2027-04-07,0
"NOVA SANTA HELENA",MT,EMT,0.89942,2026-04-08,2027-04-07,0
"NOVA GUARITA",MT,EMT,0.89942,2026-04-08,2027-04-07,0
QUERENCIA,MT,EMT,0.89942,2026-04-08,2027-04-07,0
"PLANALTO DA SERRA",MT,EMT,0.89942,2026-04-08,2027-04-07,0
"SANTO ANTONIO DO LESTE",MT,EMT,0.89942,2026-04-08,2027-04-07,0
"NOVA UBIRATA",MT,EMT,0.89942,2026-04-08,2027-04-07,0
"NOVO MUNDO",MT,EMT,0.89942,2026-04-08,2027-04-07,0
"NOVA MONTE VERDE",MT,EMT,0.89942,2026-04-08,2027-04-07,0
COTRIGUACU,MT,EMT,0.89942,2026-04-08,2027-04-07,0
"CAMPOS DE JULIO",MT,EMT,0.89942,2026-04-08,2027-04-07,0
"SAO JOSE DO RIO CLARO",MT,EMT,0.89942,2026-04-08,2027-04-07,0
ANASTACIO,MS,EMS,0.9866,2026-04-22,2027-04-21,0
AQUIDAUANA,MS,EMS,0.9866,2026-04-22,2027-04-21,0
LADARIO,MS,EMS,0.9866,2026-04-22,2027-04-21,0
"GUIA LOPES DA LAGUNA",MS,EMS,0.9866,2026-04-22,2027-04-21,0
JARDIM,MS,EMS,0.9866,2026-04-22,2027-04-21,0
"CASA BRANCA",SP,"CPFL LESTE PAULI",,,,0
DIVINOLANDIA,SP,"CPFL LESTE PAULI",,,,0
ITOBI,SP,"CPFL LESTE PAULI",,,,0
"SAO SEBASTIAO DA GRAMA",SP,"CPFL LESTE PAULI",,,,0
CACONDE,SP,"CPFL LESTE PAULI",,,,0
"SAO JOSE DO RIO PARDO",SP,"CPFL LESTE PAULI",,,,0
TAPIRATIBA,SP,"CPFL LESTE PAULI",,,,0
ALAMBARI,SP,"CPFL SUL PAULIST",,,,0
GUAREI,SP,"CPFL SUL PAULIST",,,,0
ITAPETININGA,SP,"CPFL SUL PAULIST",,,,0
SARAPUI,SP,"CPFL SUL PAULIST",,,,0
"SAO MIGUEL ARCANJO",SP,"CPFL SUL PAULIST",,,,0
MOCOCA,SP,"CPFL MOCOCA",,,,0
ARCEBURGO,MG,"CPFL MOCOCA",,,,0
ITAMOGI,MG,"CPFL MOCOCA",,,,0
"MONTE SANTO DE MINAS",MG,"CPFL MOCOCA",,,,0
"ESTRELA VELHA",RS,"RGE SUL",,,,1
TUNAS,RS,"RGE SUL",,,,1
"NOVO CABRAIS",RS,"RGE SUL",,,,0
SERIO,RS,"RGE SUL",,,,1
BOSSOROCA,RS,"RGE SUL",,,,1
ITACURUBI,RS,"RGE SUL",,,,0
"NOVA ESPERANCA DO SUL",RS,"RGE SUL",,,,0
QUARAI,RS,"RGE SUL",,,,0
UNISTALDA,RS,"RGE SUL",,,,0
"AGUA SANTA",RS,RGE,0.8222,2026-01-01,2026-06-18,1
GENTIL,RS,RGE,0.8222,2026-01-01,2026-06-18,1
ALECRIM,RS,RGE,0.8222,2026-01-01,2026-06-18,1
"PORTO VERA CRUZ",RS,RGE,0.8222,2026-01-01,2026-06-18,1
"BARRA FUNDA",RS,RGE,0.8222,2026-01-01,2026-06-18,1
"NOVA BOA VISTA",RS,RGE,0.8222,2026-01-01,2026-06-18,1
IBIRAPUITA,RS,RGE,0.8222,2026-01-01,2026-06-18,1
"PINHAL GRANDE",RS,RGE,0.8222,2026-01-01,2026-06-18,0
MARAU,RS,RGE,0.8222,2026-01-01,2026-06-18,1
"SALTO DO JACUI",RS,RGE,0.8222,2026-01-01,2026-06-18,1
NAO-ME-TOQUE,RS,RGE,0.8222,2026-01-01,2026-06-18,1
"VICTOR GRAEFF",RS,RGE,0.8222,2026-01-01,2026-06-18,1
IBARAMA,RS,"RGE SUL",,,,0
GARRUCHOS,RS,"RGE SUL",,,,0
"MANOEL VIANA",RS,"RGE SUL",,,,0
"SANTANA DO LIVRAMENTO",RS,"RGE SUL",,,,0
ALVORADA,TO,ETO,0.93022,2026-01-01,2026-07-03,0
ARAGUAINA,TO,ETO,0.93022,2026-01-01,2026-07-03,0
ARAGUATINS,TO,ETO,0.93022,2026-01-01,2026-07-03,0
"BRASILANDIA DO TOCANTINS",TO,ETO,0.93022,2026-01-01,2026-07-03,0
"COLINAS DO TOCANTINS",TO,ETO,0.93022,2026-01-01,2026-07-03,0
"FORMOSO DO ARAGUAIA",TO,ETO,0.93022,2026-01-01,2026-07-03,0
GUARAI,TO,ETO,0.93022,2026-01-01,2026-07-03,0
GURUPI,TO,ETO,0.93022,2026-01-01,2026-07-03,0
"AMARAL FERRADOR",RS,CEEE-D,0.822,2026-01-01,2026-11-21,0
"MINAS DO LEAO",RS,CEEE-D,0.822,2026-01-01,2026-11-21,0
"PARAISO DO TOCANTINS",TO,ETO,0.93022,2026-01-01,2026-07-03,0
"PORTO NACIONAL",TO,ETO,0.93022,2026-01-01,2026-07-03,0
"RIO DA CONCEICAO",TO,ETO,0.93022,2026-01-01,2026-07-03,0
TALISMA,TO,ETO,0.93022,2026-01-01,2026-07-03,0
TOCANTINOPOLIS,TO,ETO,0.93022,2026-01-01,2026-07-03,0
ARAMBARE,RS,CEEE-D,0.822,2026-01-01,2026-11-21,0
"ARROIO DO SAL",RS,CEEE-D,0.822,2026-01-01,2026-11-21,0
"CAPAO DA CANOA",RS,CEEE-D,0.822,2026-01-01,2026-11-21,0
"CAPIVARI DO SUL",RS,CEEE-D,0.822,2026-01-01,2026-11-21,0
CHUI,RS,CEEE-D,0.822,2026-01-01,2026-11-21,0
CIDREIRA,RS,CEEE-D,0.822,2026-01-01,2026-11-21,0
"MARIANA PIMENTEL",RS,CEEE-D,0.822,2026-01-01,2026-11-21,1
"PEDRO OSORIO",RS,CEEE-D,0.822,2026-01-01,2026-11-21,0
"SENTINELA DO SUL",RS,CEEE-D,0.822,2026-01-01,2026-11-21,1
"SERTAO SANTANA",RS,CEEE-D,0.822,2026-01-01,2026-11-21,1
TRAMANDAI,RS,CEEE-D,0.822,2026-01-01,2026-11-21,0
TURUCU,RS,CEEE-D,0.822,2026-01-01,2026-11-21,0
ITABAIANINHA,SE,SULGIPE,0.75461,2026-05-22,2027-05-21,0
ESTANCIA,SE,SULGIPE,0.75461,2026-05-22,2027-05-21,0
JANDAIRA,BA,SULGIPE,0.75461,2026-05-22,2027-05-21,0
INDIAROBA,SE,SULGIPE,0.75461,2026-05-22,2027-05-21,0
"TOMAR DO GERU",SE,SULGIPE,0.75461,2026-05-22,2027-05-21,0
CRISTINAPOLIS,SE,SULGIPE,0.75461,2026-05-22,2027-05-21,0
UMBAUBA,SE,SULGIPE,0.75461,2026-05-22,2027-05-21,0
"RIACHAO DO DANTAS",SE,SULGIPE,0.75461,2026-05-22,2027-05-21,0
ARAUA,SE,SULGIPE,0.75461,2026-05-22,2027-05-21,0
PEDRINHAS,SE,SULGIPE,0.75461,2026-05-22,2027-05-21,0
BOQUIM,SE,SULGIPE,0.75461,2026-05-22,2027-05-21,0
"TOBIAS BARRETO",SE,SULGIPE,0.75461,2026-05-22,2027-05-21,0
"SANTA LUZIA DO ITANHY",SE,SULGIPE,0.75461,2026-05-22,2027-05-21,0
APIACA,ES,"EDP ES",0.78931,2026-01-01,2026-08-06,0
ARACRUZ,ES,"EDP ES",0.78931,2026-01-01,2026-08-06,0
"ATILIO VIVACQUA",ES,"EDP ES",0.78931,2026-01-01,2026-08-06,0
"BAIXO GUANDU",ES,"EDP ES",0.78931,2026-01-01,2026-08-06,0
"DORES DO RIO PRETO",ES,"EDP ES",0.78931,2026-01-01,2026-08-06,0
GUARAPARI,ES,"EDP ES",0.78931,2026-01-01,2026-08-06,0
ITAGUACU,ES,"EDP ES",0.78931,2026-01-01,2026-08-06,0
ITAPEMIRIM,ES,"EDP ES",0.78931,2026-01-01,2026-08-06,0
"JERONIMO MONTEIRO",ES,"EDP ES",0.78931,2026-01-01,2026-08-06,0
LINHARES,ES,"EDP ES",0.78931,2026-01-01,2026-08-06,0
"MARECHAL FLORIANO",ES,"EDP ES",0.78931,2026-01-01,2026-08-06,0
"MIMOSO DO SUL",ES,"EDP ES",0.78931,2026-01-01,2026-08-06,0
MONTANHA,ES,"EDP ES",0.78931,2026-01-01,2026-08-06,0
"MUNIZ FREIRE",ES,"EDP ES",0.78931,2026-01-01,2026-08-06,0
MUQUI,ES,"EDP ES",0.78931,2026-01-01,2026-08-06,0
"PRESIDENTE KENNEDY",ES,"EDP ES",0.78931,2026-01-01,2026-08-06,0
"ALFREDO CHAVES",ES,"EDP ES",0.78931,2026-01-01,2026-08-06,0
ANCHIETA,ES,"EDP ES",0.78931,2026-01-01,2026-08-06,0
"BOM JESUS DO NORTE",ES,"EDP ES",0.78931,2026-01-01,2026-08-06,0
"SAO JOSE DO CALCADO",ES,"EDP ES",0.78931,2026-01-01,2026-08-06,0
"CONCEICAO DA BARRA",ES,"EDP ES",0.78931,2026-01-01,2026-08-06,0
"PEDRO CANARIO",ES,"EDP ES",0.78931,2026-01-01,2026-08-06,0
IBATIBA,ES,"EDP ES",0.78931,2026-01-01,2026-08-06,0
IRUPI,ES,"EDP ES",0.78931,2026-01-01,2026-08-06,0
IUNA,ES,"EDP ES",0.78931,2026-01-01,2026-08-06,0
"NOVA VENECIA",ES,"EDP ES",0.78931,2026-01-01,2026-08-06,0
"VILA PAVAO",ES,"EDP ES",0.78931,2026-01-01,2026-08-06,0
MUCURICI,ES,"EDP ES",0.78931,2026-01-01,2026-08-06,0
"PONTO BELO",ES,"EDP ES",0.78931,2026-01-01,2026-08-06,0
JAGUARE,ES,"EDP ES",0.78931,2026-01-01,2026-08-06,0
"SAO MATEUS",ES,"EDP ES",0.78931,2026-01-01,2026-08-06,0
CASTELO,ES,"EDP ES",0.78931,2026-01-01,2026-08-06,0
"CONCEICAO DO CASTELO",ES,"EDP ES",0.78931,2026-01-01,2026-08-06,0
"VENDA NOVA DO IMIGRANTE",ES,"EDP ES",0.78931,2026-01-01,2026-08-06,0
"RIO BANANAL",ES,"EDP ES",0.78931,2026-01-01,2026-08-06,0
"RIO NOVO DO SUL",ES,"EDP ES",0.78931,2026-01-01,2026-08-06,0
SERRA,ES,"EDP ES",0.78931,2026-01-01,2026-08-06,0
SOORETAMA,ES,"EDP ES",0.78931,2026-01-01,2026-08-06,0
"VARGEM ALTA",ES,"EDP ES",0.78931,2026-01-01,2026-08-06,0
VIANA,ES,"EDP ES",0.78931,2026-01-01,2026-08-06,0
"VILA VELHA",ES,"EDP ES",0.78931,2026-01-01,2026-08-06,0
"CACHOEIRO DE ITAPEMIRIM",ES,"EDP ES",0.78931,2026-01-01,2026-08-06,0
CARIACICA,ES,"EDP ES",0.78931,2026-01-01,2026-08-06,0
VITORIA,ES,"EDP ES",0.78931,2026-01-01,2026-08-06,0
ITARANA,ES,"EDP ES",0.78931,2026-01-01,2026-08-06,0
"LARANJA DA TERRA",ES,"EDP ES",0.78931,2026-01-01,2026-08-06,0
MARATAIZES,ES,"EDP ES",0.78931,2026-01-01,2026-08-06,0
"AFONSO CLAUDIO",ES,"EDP ES",0.78931,2026-01-01,2026-08-06,0
BREJETUBA,ES,"EDP ES",0.78931,2026-01-01,2026-08-06,0
"DOMINGOS MARTINS",ES,"EDP ES",0.78931,2026-01-01,2026-08-06,0
"AGUA DOCE DO NORTE",ES,"EDP ES",0.78931,2026-01-01,2026-08-06,0
"BARRA DE SAO FRANCISCO",ES,"EDP ES",0.78931,2026-01-01,2026-08-06,0
ECOPORANGA,ES,"EDP ES",0.78931,2026-01-01,2026-08-06,0
MANTENOPOLIS,ES,"EDP ES",0.78931,2026-01-01,2026-08-06,0
"DIVINO DE SAO LOURENCO",ES,"EDP ES",0.78931,2026-01-01,2026-08-06,0
GUACUI,ES,"EDP ES",0.78931,2026-01-01,2026-08-06,0
IBITIRAMA,ES,"EDP ES",0.78931,2026-01-01,2026-08-06,0
IBIRACU,ES,"EDP ES",0.78931,2026-01-01,2026-08-06,0
"JOAO NEIVA",ES,"EDP ES",0.78931,2026-01-01,2026-08-06,0
"BOA ESPERANCA",ES,"EDP ES",0.78931,2026-01-01,2026-08-06,0
PINHEIROS,ES,"EDP ES",0.78931,2026-01-01,2026-08-06,0
ICONHA,ES,"EDP ES",0.78931,2026-01-01,2026-08-06,0
PIUMA,ES,"EDP ES",0.78931,2026-01-01,2026-08-06,0
FUNDAO,ES,"EDP ES",0.78931,2026-01-01,2026-08-06,0
"SANTA LEOPOLDINA",ES,"EDP ES",0.78931,2026-01-01,2026-08-06,0
"SANTA MARIA DE JETIBA",ES,"EDP ES",0.78931,2026-01-01,2026-08-06,0
ALEGRE,ES,"EDP ES",0.78931,2026-01-01,2026-08-06,0
"BOM JESUS",SC,DCELT,0.68354,2026-01-01,2026-08-28,0
MAREMA,SC,DCELT,0.68354,2026-01-01,2026-08-28,0
"LAJEADO GRANDE",SC,DCELT,0.68354,2026-01-01,2026-08-28,0
XAXIM,SC,DCELT,0.68354,2026-01-01,2026-08-28,0
PORTEIRAO,GO,"EQUATORIAL GO",0.89181,2026-01-01,2026-10-21,0
"SANTO ANTONIO DA BARRA",GO,"EQUATORIAL GO",0.89181,2026-01-01,2026-10-21,0
TURVELANDIA,GO,"EQUATORIAL GO",0.89181,2026-01-01,2026-10-21,0
"CORUMBA DE GOIAS",GO,"EQUATORIAL GO",0.89181,2026-01-01,2026-10-21,0
"VILA PROPICIO",GO,"EQUATORIAL GO",0.89181,2026-01-01,2026-10-21,0
CAVALCANTE,GO,"EQUATORIAL GO",0.89181,2026-01-01,2026-10-21,0
"SAO JOAO D'ALIANCA",GO,"EQUATORIAL GO",0.89181,2026-01-01,2026-10-21,0
"TERESINA DE GOIAS",GO,"EQUATORIAL GO",0.89181,2026-01-01,2026-10-21,0
BURITINOPOLIS,GO,"EQUATORIAL GO",0.89181,2026-01-01,2026-10-21,0
DAMIANOPOLIS,GO,"EQUATORIAL GO",0.89181,2026-01-01,2026-10-21,0
MAMBAI,GO,"EQUATORIAL GO",0.89181,2026-01-01,2026-10-21,0
"MUNDO NOVO",GO,"EQUATORIAL GO",0.89181,2026-01-01,2026-10-21,0
SIMOLANDIA,GO,"EQUATORIAL GO",0.89181,2026-01-01,2026-10-21,0
"SITIO D'ABADIA",GO,"EQUATORIAL GO",0.89181,2026-01-01,2026-10-21,0
"TEREZOPOLIS DE GOIAS",GO,"EQUATORIAL GO",0.89181,2026-01-01,2026-10-21,0
BALIZA,GO,"EQUATORIAL GO",0.89181,2026-01-01,2026-10-21,0
DOVERLANDIA,GO,"EQUATORIAL GO",0.89181,2026-01-01,2026-10-21,0
BRITANIA,GO,"EQUATORIAL GO",0.89181,2026-01-01,2026-10-21,0
"AGUA LIMPA",GO,"EQUATORIAL GO",0.89181,2026-01-01,2026-10-21,0
"PALESTINA DE GOIAS",GO,"EQUATORIAL GO",0.89181,2026-01-01,2026-10-21,0
MARZAGAO,GO,"EQUATORIAL GO",0.89181,2026-01-01,2026-10-21,0
"RIO QUENTE",GO,"EQUATORIAL GO",0.89181,2026-01-01,2026-10-21,0
"DIVINOPOLIS DE GOIAS",GO,"EQUATORIAL GO",0.89181,2026-01-01,2026-10-21,0
"MONTE ALEGRE DE GOIAS",GO,"EQUATORIAL GO",0.89181,2026-01-01,2026-10-21,0
"SAO DOMINGOS",GO,"EQUATORIAL GO",0.89181,2026-01-01,2026-10-21,0
"CAMPO ALEGRE DE GOIAS",GO,"EQUATORIAL GO",0.89181,2026-01-01,2026-10-21,0
DAVINOPOLIS,GO,"EQUATORIAL GO",0.89181,2026-01-01,2026-10-21,0
OUVIDOR,GO,"EQUATORIAL GO",0.89181,2026-01-01,2026-10-21,0
"TRES RANCHOS",GO,"EQUATORIAL GO",0.89181,2026-01-01,2026-10-21,0
"CIDADE OCIDENTAL",GO,"EQUATORIAL GO",0.89181,2026-01-01,2026-10-21,0
EDEALINA,GO,"EQUATORIAL GO",0.89181,2026-01-01,2026-10-21,0
GUARINOS,GO,"EQUATORIAL GO",0.89181,2026-01-01,2026-10-21,0
"NOVA AMERICA",GO,"EQUATORIAL GO",0.89181,2026-01-01,2026-10-21,0
UIRAPURU,GO,"EQUATORIAL GO",0.89181,2026-01-01,2026-10-21,0
"MONTIVIDIU DO NORTE",GO,"EQUATORIAL GO",0.89181,2026-01-01,2026-10-21,0
MUTUNOPOLIS,GO,"EQUATORIAL GO",0.89181,2026-01-01,2026-10-21,0
TROMBAS,GO,"EQUATORIAL GO",0.89181,2026-01-01,2026-10-21,0
ISRAELANDIA,GO,"EQUATORIAL GO",0.89181,2026-01-01,2026-10-21,0
JAUPACI,GO,"EQUATORIAL GO",0.89181,2026-01-01,2026-10-21,0
"NOVO BRASIL",GO,"EQUATORIAL GO",0.89181,2026-01-01,2026-10-21,0
ANHANGUERA,GO,"EQUATORIAL GO",0.89181,2026-01-01,2026-10-21,0
CORUMBAIBA,GO,"EQUATORIAL GO",0.89181,2026-01-01,2026-10-21,0
CUMARI,GO,"EQUATORIAL GO",0.89181,2026-01-01,2026-10-21,0
"NOVA AURORA",GO,"EQUATORIAL GO",0.89181,2026-01-01,2026-10-21,0
"SANTA RITA DO NOVO DESTINO",GO,"EQUATORIAL GO",0.89181,2026-01-01,2026-10-21,0
FAINA,GO,"EQUATORIAL GO",0.89181,2026-01-01,2026-10-21,0
MATRINCHA,GO,"EQUATORIAL GO",0.89181,2026-01-01,2026-10-21,0
PANAMA,GO,"EQUATORIAL GO",0.89181,2026-01-01,2026-10-21,0
VICENTINOPOLIS,GO,"EQUATORIAL GO",0.89181,2026-01-01,2026-10-21,0
VARJAO,GO,"EQUATORIAL GO",0.89181,2026-01-01,2026-10-21,0
"GUARANI DE GOIAS",GO,"EQUATORIAL GO",0.89181,2026-01-01,2026-10-21,0
"NOVA ROMA",GO,"EQUATORIAL GO",0.89181,2026-01-01,2026-10-21,0
ARACU,GO,"EQUATORIAL GO",0.89181,2026-01-01,2026-10-21,0
AVELINOPOLIS,GO,"EQUATORIAL GO",0.89181,2026-01-01,2026-10-21,0
CATURAI,GO,"EQUATORIAL GO",0.89181,2026-01-01,2026-10-21,0
AMORINOPOLIS,GO,"EQUATORIAL GO",0.89181,2026-01-01,2026-10-21,0
IVOLANDIA,GO,"EQUATORIAL GO",0.89181,2026-01-01,2026-10-21,0
HEITORAI,GO,"EQUATORIAL GO",0.89181,2026-01-01,2026-10-21,0
MOSSAMEDES,GO,"EQUATORIAL GO",0.89181,2026-01-01,2026-10-21,0
"SANTA ROSA DE GOIAS",GO,"EQUATORIAL GO",0.89181,2026-01-01,2026-10-21,0
"TAQUARAL DE GOIAS",GO,"EQUATORIAL GO",0.89181,2026-01-01,2026-10-21,0
APORE,GO,"EQUATORIAL GO",0.89181,2026-01-01,2026-10-21,0
"CHAPADAO DO CEU",GO,"EQUATORIAL GO",0.89181,2026-01-01,2026-10-21,0
JESUPOLIS,GO,"EQUATORIAL GO",0.89181,2026-01-01,2026-10-21,0
"OURO VERDE DE GOIAS",GO,"EQUATORIAL GO",0.89181,2026-01-01,2026-10-21,0
"PETROLINA DE GOIAS",GO,"EQUATORIAL GO",0.89181,2026-01-01,2026-10-21,0
"SAO FRANCISCO DE GOIAS",GO,"EQUATORIAL GO",0.89181,2026-01-01,2026-10-21,0
"SANTA FE DE GOIAS",GO,"EQUATORIAL GO",0.89181,2026-01-01,2026-10-21,0
AMARALINA,GO,"EQUATORIAL GO",0.89181,2026-01-01,2026-10-21,0
"CAMPOS VERDES",GO,"EQUATORIAL GO",0.89181,2026-01-01,2026-10-21,0
PEROLANDIA,GO,"EQUATORIAL GO",0.89181,2026-01-01,2026-10-21,0
PORTELANDIA,GO,"EQUATORIAL GO",0.89181,2026-01-01,2026-10-21,0
"SANTA RITA DO ARAGUAIA",GO,"EQUATORIAL GO",0.89181,2026-01-01,2026-10-21,0
PALMINOPOLIS,GO,"EQUATORIAL GO",0.89181,2026-01-01,2026-10-21,0
"NOVO GAMA",GO,"EQUATORIAL GO",0.89181,2026-01-01,2026-10-21,0
AURILANDIA,GO,"EQUATORIAL GO",0.89181,2026-01-01,2026-10-21,0
"CACHOEIRA DE GOIAS",GO,"EQUATORIAL GO",0.89181,2026-01-01,2026-10-21,0
MOIPORA,GO,"EQUATORIAL GO",0.89181,2026-01-01,2026-10-21,0
"SAO JOAO DA PARAUNA",GO,"EQUATORIAL GO",0.89181,2026-01-01,2026-10-21,0
CROMINIA,GO,"EQUATORIAL GO",0.89181,2026-01-01,2026-10-21,0
MAIRIPOTABA,GO,"EQUATORIAL GO",0.89181,2026-01-01,2026-10-21,0
"PROFESSOR JAMIL",GO,"EQUATORIAL GO",0.89181,2026-01-01,2026-10-21,0
ARENOPOLIS,GO,"EQUATORIAL GO",0.89181,2026-01-01,2026-10-21,0
CRISTIANOPOLIS,GO,"EQUATORIAL GO",0.89181,2026-01-01,2026-10-21,0
PALMELO,GO,"EQUATORIAL GO",0.89181,2026-01-01,2026-10-21,0
"SANTA CRUZ DE GOIAS",GO,"EQUATORIAL GO",0.89181,2026-01-01,2026-10-21,0
"SAO MIGUEL DO PASSA QUATRO",GO,"EQUATORIAL GO",0.89181,2026-01-01,2026-10-21,0
URUTAI,GO,"EQUATORIAL GO",0.89181,2026-01-01,2026-10-21,0
"AGUA FRIA DE GOIAS",GO,"EQUATORIAL GO",0.89181,2026-01-01,2026-10-21,0
BONOPOLIS,GO,"EQUATORIAL GO",0.89181,2026-01-01,2026-10-21,0
"MORRO AGUDO DE GOIAS",GO,"EQUATORIAL GO",0.89181,2026-01-01,2026-10-21,0
"BURITI DE GOIAS",GO,"EQUATORIAL GO",0.89181,2026-01-01,2026-10-21,0
"CORREGO DO OURO",GO,"EQUATORIAL GO",0.89181,2026-01-01,2026-10-21,0
CASTELANDIA,GO,"EQUATORIAL GO",0.89181,2026-01-01,2026-10-21,0
"ALTO HORIZONTE",GO,"EQUATORIAL GO",0.89181,2026-01-01,2026-10-21,0
HIDROLINA,GO,"EQUATORIAL GO",0.89181,2026-01-01,2026-10-21,0
"NOVA IGUACU DE GOIAS",GO,"EQUATORIAL GO",0.89181,2026-01-01,2026-10-21,0
"PILAR DE GOIAS",GO,"EQUATORIAL GO",0.89181,2026-01-01,2026-10-21,0
"SAO LUIZ DO NORTE",GO,"EQUATORIAL GO",0.89181,2026-01-01,2026-10-21,0
BONFINOPOLIS,GO,"EQUATORIAL GO",0.89181,2026-01-01,2026-10-21,0
CALDAZINHA,GO,"EQUATORIAL GO",0.89181,2026-01-01,2026-10-21,0
"LEOPOLDO DE BULHOES",GO,"EQUATORIAL GO",0.89181,2026-01-01,2026-10-21,0
"ABADIA DE GOIAS",GO,"EQUATORIAL GO",0.89181,2026-01-01,2026-10-21,0
"VALPARAISO DE GOIAS",GO,"EQUATORIAL GO",0.89181,2026-01-01,2026-10-21,0
BRAZABRANTES,GO,"EQUATORIAL GO",0.89181,2026-01-01,2026-10-21,0
DAMOLANDIA,GO,"EQUATORIAL GO",0.89181,2026-01-01,2026-10-21,0
"NOVA VENEZA",GO,"EQUATORIAL GO",0.89181,2026-01-01,2026-10-21,0
"SANTO ANTONIO DE GOIAS",GO,"EQUATORIAL GO",0.89181,2026-01-01,2026-10-21,0
"NOVO PLANALTO",GO,"EQUATORIAL GO",0.89181,2026-01-01,2026-10-21,0
VIANOPOLIS,GO,"EQUATORIAL GO",0.89181,2026-01-01,2026-10-21,0
"CAMPO ALEGRE",AL,"EQUATORIAL AL",0.85141,2026-05-03,2027-05-02,0
"CAMPO GRANDE",AL,"EQUATORIAL AL",0.85141,2026-05-03,2027-05-02,0
"COITE DO NOIA",AL,"EQUATORIAL AL",0.85141,2026-05-03,2027-05-02,0
CRAIBAS,AL,"EQUATORIAL AL",0.85141,2026-05-03,2027-05-02,0
"FEIRA GRANDE",AL,"EQUATORIAL AL",0.85141,2026-05-03,2027-05-02,0
"GIRAU DO PONCIANO",AL,"EQUATORIAL AL",0.85141,2026-05-03,2027-05-02,0
JUNQUEIRO,AL,"EQUATORIAL AL",0.85141,2026-05-03,2027-05-02,0
"LAGOA DA CANOA",AL,"EQUATORIAL AL",0.85141,2026-05-03,2027-05-02,0
"LIMOEIRO DE ANADIA",AL,"EQUATORIAL AL",0.85141,2026-05-03,2027-05-02,0
"SAO SEBASTIAO",AL,"EQUATORIAL AL",0.85141,2026-05-03,2027-05-02,0
TAQUARANA,AL,"EQUATORIAL AL",0.85141,2026-05-03,2027-05-02,0
"TEOTONIO VILELA",AL,"EQUATORIAL AL",0.85141,2026-05-03,2027-05-02,0
TRAIPU,AL,"EQUATORIAL AL",0.85141,2026-05-03,2027-05-02,0
ARAPIRACA,AL,"EQUATORIAL AL",0.85141,2026-05-03,2027-05-02,0
"AGUA BRANCA",AL,"EQUATORIAL AL",0.85141,2026-05-03,2027-05-02,0
CANAPI,AL,"EQUATORIAL AL",0.85141,2026-05-03,2027-05-02,0
"DELMIRO GOUVEIA",AL,"EQUATORIAL AL",0.85141,2026-05-03,2027-05-02,0
INHAPI,AL,"EQUATORIAL AL",0.85141,2026-05-03,2027-05-02,0
"MATA GRANDE",AL,"EQUATORIAL AL",0.85141,2026-05-03,2027-05-02,0
"OLHO D'AGUA DO CASADO",AL,"EQUATORIAL AL",0.85141,2026-05-03,2027-05-02,0
PARICONHA,AL,"EQUATORIAL AL",0.85141,2026-05-03,2027-05-02,0
PIRANHAS,AL,"EQUATORIAL AL",0.85141,2026-05-03,2027-05-02,0
JACUIPE,AL,"EQUATORIAL AL",0.85141,2026-05-03,2027-05-02,0
JAPARATINGA,AL,"EQUATORIAL AL",0.85141,2026-05-03,2027-05-02,0
"JOAQUIM GOMES",AL,"EQUATORIAL AL",0.85141,2026-05-03,2027-05-02,0
MARAGOGI,AL,"EQUATORIAL AL",0.85141,2026-05-03,2027-05-02,0
"MATRIZ DE CAMARAGIBE",AL,"EQUATORIAL AL",0.85141,2026-05-03,2027-05-02,0
"PASSO DE CAMARAGIBE",AL,"EQUATORIAL AL",0.85141,2026-05-03,2027-05-02,0
"PORTO CALVO",AL,"EQUATORIAL AL",0.85141,2026-05-03,2027-05-02,0
"PORTO DE PEDRAS",AL,"EQUATORIAL AL",0.85141,2026-05-03,2027-05-02,0
"SAO LUIS DO QUITUNDE",AL,"EQUATORIAL AL",0.85141,2026-05-03,2027-05-02,0
"SAO MIGUEL DOS MILAGRES",AL,"EQUATORIAL AL",0.85141,2026-05-03,2027-05-02,0
"FELIZ DESERTO",AL,"EQUATORIAL AL",0.85141,2026-05-03,2027-05-02,0
"IGREJA NOVA",AL,"EQUATORIAL AL",0.85141,2026-05-03,2027-05-02,0
"OLHO D'AGUA GRANDE",AL,"EQUATORIAL AL",0.85141,2026-05-03,2027-05-02,0
PENEDO,AL,"EQUATORIAL AL",0.85141,2026-05-03,2027-05-02,0
PIACABUCU,AL,"EQUATORIAL AL",0.85141,2026-05-03,2027-05-02,0
"PORTO REAL DO COLEGIO",AL,"EQUATORIAL AL",0.85141,2026-05-03,2027-05-02,0
"SAO BRAS",AL,"EQUATORIAL AL",0.85141,2026-05-03,2027-05-02,0
BELEM,AL,"EQUATORIAL AL",0.85141,2026-05-03,2027-05-02,0
"ESTRELA DE ALAGOAS",AL,"EQUATORIAL AL",0.85141,2026-05-03,2027-05-02,0
IGACI,AL,"EQUATORIAL AL",0.85141,2026-05-03,2027-05-02,0
"MINADOR DO NEGRAO",AL,"EQUATORIAL AL",0.85141,2026-05-03,2027-05-02,0
"PALMEIRA DOS INDIOS",AL,"EQUATORIAL AL",0.85141,2026-05-03,2027-05-02,0
"PAULO JACINTO",AL,"EQUATORIAL AL",0.85141,2026-05-03,2027-05-02,0
QUEBRANGULO,AL,"EQUATORIAL AL",0.85141,2026-05-03,2027-05-02,0
"TANQUE D'ARCA",AL,"EQUATORIAL AL",0.85141,2026-05-03,2027-05-02,0
ATALAIA,AL,"EQUATORIAL AL",0.85141,2026-05-03,2027-05-02,0
CAJUEIRO,AL,"EQUATORIAL AL",0.85141,2026-05-03,2027-05-02,0
CAPELA,AL,"EQUATORIAL AL",0.85141,2026-05-03,2027-05-02,0
"CHA PRETA",AL,"EQUATORIAL AL",0.85141,2026-05-03,2027-05-02,0
FLEXEIRAS,AL,"EQUATORIAL AL",0.85141,2026-05-03,2027-05-02,0
"MAR VERMELHO",AL,"EQUATORIAL AL",0.85141,2026-05-03,2027-05-02,0
MESSIAS,AL,"EQUATORIAL AL",0.85141,2026-05-03,2027-05-02,0
PILAR,AL,"EQUATORIAL AL",0.85141,2026-05-03,2027-05-02,0
"RIO LARGO",AL,"EQUATORIAL AL",0.85141,2026-05-03,2027-05-02,0
VICOSA,AL,"EQUATORIAL AL",0.85141,2026-05-03,2027-05-02,0
BATALHA,AL,"EQUATORIAL AL",0.85141,2026-05-03,2027-05-02,0
"BELO MONTE",AL,"EQUATORIAL AL",0.85141,2026-05-03,2027-05-02,0
CACIMBINHAS,AL,"EQUATORIAL AL",0.85141,2026-05-03,2027-05-02,0
CARNEIROS,AL,"EQUATORIAL AL",0.85141,2026-05-03,2027-05-02,0
"DOIS RIACHOS",AL,"EQUATORIAL AL",0.85141,2026-05-03,2027-05-02,0
"JACARE DOS HOMENS",AL,"EQUATORIAL AL",0.85141,2026-05-03,2027-05-02,0
JARAMATAIA,AL,"EQUATORIAL AL",0.85141,2026-05-03,2027-05-02,0
"MAJOR ISIDORO",AL,"EQUATORIAL AL",0.85141,2026-05-03,2027-05-02,0
MARAVILHA,AL,"EQUATORIAL AL",0.85141,2026-05-03,2027-05-02,1
MONTEIROPOLIS,AL,"EQUATORIAL AL",0.85141,2026-05-03,2027-05-02,0
"OLHO D'AGUA DAS FLORES",AL,"EQUATORIAL AL",0.85141,2026-05-03,2027-05-02,0
OLIVENCA,AL,"EQUATORIAL AL",0.85141,2026-05-03,2027-05-02,0
"OURO BRANCO",AL,"EQUATORIAL AL",0.85141,2026-05-03,2027-05-02,0
PALESTINA,AL,"EQUATORIAL AL",0.85141,2026-05-03,2027-05-02,0
"PAO DE ACUCAR",AL,"EQUATORIAL AL",0.85141,2026-05-03,2027-05-02,0
"POCO DAS TRINCHEIRAS",AL,"EQUATORIAL AL",0.85141,2026-05-03,2027-05-02,0
"SANTANA DO IPANEMA",AL,"EQUATORIAL AL",0.85141,2026-05-03,2027-05-02,0
"SAO JOSE DA TAPERA",AL,"EQUATORIAL AL",0.85141,2026-05-03,2027-05-02,0
"SENADOR RUI PALMEIRA",AL,"EQUATORIAL AL",0.85141,2026-05-03,2027-05-02,0
ANADIA,AL,"EQUATORIAL AL",0.85141,2026-05-03,2027-05-02,0
"BOCA DA MATA",AL,"EQUATORIAL AL",0.85141,2026-05-03,2027-05-02,0
CORURIPE,AL,"EQUATORIAL AL",0.85141,2026-05-03,2027-05-02,0
MARIBONDO,AL,"EQUATORIAL AL",0.85141,2026-05-03,2027-05-02,0
PINDOBA,AL,"EQUATORIAL AL",0.85141,2026-05-03,2027-05-02,0
ROTEIRO,AL,"EQUATORIAL AL",0.85141,2026-05-03,2027-05-02,0
"SAO MIGUEL DOS CAMPOS",AL,"EQUATORIAL AL",0.85141,2026-05-03,2027-05-02,0
BRANQUINHA,AL,"EQUATORIAL AL",0.85141,2026-05-03,2027-05-02,0
CAMPESTRE,AL,"EQUATORIAL AL",0.85141,2026-05-03,2027-05-02,0
"COLONIA LEOPOLDINA",AL,"EQUATORIAL AL",0.85141,2026-05-03,2027-05-02,0
IBATEGUARA,AL,"EQUATORIAL AL",0.85141,2026-05-03,2027-05-02,0
JUNDIA,AL,"EQUATORIAL AL",0.85141,2026-05-03,2027-05-02,0
MURICI,AL,"EQUATORIAL AL",0.85141,2026-05-03,2027-05-02,0
"NOVO LINO",AL,"EQUATORIAL AL",0.85141,2026-05-03,2027-05-02,0
"SANTANA DO MUNDAU",AL,"EQUATORIAL AL",0.85141,2026-05-03,2027-05-02,0
"SAO JOSE DA LAJE",AL,"EQUATORIAL AL",0.85141,2026-05-03,2027-05-02,0
"UNIAO DOS PALMARES",AL,"EQUATORIAL AL",0.85141,2026-05-03,2027-05-02,0
"COQUEIRO SECO",AL,"EQUATORIAL AL",0.85141,2026-05-03,2027-05-02,0
MACEIO,AL,"EQUATORIAL AL",0.85141,2026-05-03,2027-05-02,0
"SANTA LUZIA DO NORTE",AL,"EQUATORIAL AL",0.85141,2026-05-03,2027-05-02,0
SATUBA,AL,"EQUATORIAL AL",0.85141,2026-05-03,2027-05-02,0
"BARRA DE SAO MIGUEL",AL,"EQUATORIAL AL",0.85141,2026-05-03,2027-05-02,0
"MARECHAL DEODORO",AL,"EQUATORIAL AL",0.85141,2026-05-03,2027-05-02,0
"BARRA DE SANTO ANTONIO",AL,"EQUATORIAL AL",0.85141,2026-05-03,2027-05-02,0
PARIPUEIRA,AL,"EQUATORIAL AL",0.85141,2026-05-03,2027-05-02,0
BODOQUENA,MS,EMS,0.9866,2026-04-22,2027-04-21,0
CARACOL,MS,EMS,0.9866,2026-04-22,2027-04-21,0
DEODAPOLIS,MS,EMS,0.9866,2026-04-22,2027-04-21,0
DOURADINA,MS,EMS,0.9866,2026-04-22,2027-04-21,0
"GLORIA DE DOURADOS",MS,EMS,0.9866,2026-04-22,2027-04-21,0
JATEI,MS,EMS,0.9866,2026-04-22,2027-04-21,0
JUTI,MS,EMS,0.9866,2026-04-22,2027-04-21,0
"NOVA ALVORADA DO SUL",MS,EMS,0.9866,2026-04-22,2027-04-21,0
VICENTINA,MS,EMS,0.9866,2026-04-22,2027-04-21,0
JAPORA,MS,EMS,0.9866,2026-04-22,2027-04-21,0
BATAYPORA,MS,EMS,0.9866,2026-04-22,2027-04-21,0
"NOVO HORIZONTE DO SUL",MS,EMS,0.9866,2026-04-22,2027-04-21,0
TAQUARUSSU,MS,EMS,0.9866,2026-04-22,2027-04-21,0
"ARAL MOREIRA",MS,EMS,0.9866,2026-04-22,2027-04-21,0
"LAGUNA CARAPA",MS,EMS,0.9866,2026-04-22,2027-04-21,0
FIGUEIRAO,MS,EMS,0.9866,2026-04-22,2027-04-21,0
GUADALUPE,PI,"EQUATORIAL PI",0.94669,2026-01-01,2026-12-01,0
JERUMENHA,PI,"EQUATORIAL PI",0.94669,2026-01-01,2026-12-01,0
"HUGO NAPOLEAO",PI,"EQUATORIAL PI",0.94669,2026-01-01,2026-12-01,0
"SAO GONCALO DO PIAUI",PI,"EQUATORIAL PI",0.94669,2026-01-01,2026-12-01,0
INHUMA,PI,"EQUATORIAL PI",0.94669,2026-01-01,2026-12-01,0
"IPIRANGA DO PIAUI",PI,"EQUATORIAL PI",0.94669,2026-01-01,2026-12-01,0
"SAO JOAO DA VARJOTA",PI,"EQUATORIAL PI",0.94669,2026-01-01,2026-12-01,0
ITAUEIRA,PI,"EQUATORIAL PI",0.94669,2026-01-01,2026-12-01,0
PAVUSSU,PI,"EQUATORIAL PI",0.94669,2026-01-01,2026-12-01,0
"RIO GRANDE DO PIAUI",PI,"EQUATORIAL PI",0.94669,2026-01-01,2026-12-01,0
"BELEM DO PIAUI",PI,"EQUATORIAL PI",0.94669,2026-01-01,2026-12-01,0
JAICOS,PI,"EQUATORIAL PI",0.94669,2026-01-01,2026-12-01,0
"MASSAPE DO PIAUI",PI,"EQUATORIAL PI",0.94669,2026-01-01,2026-12-01,0
"JOSE DE FREITAS",PI,"EQUATORIAL PI",0.94669,2026-01-01,2026-12-01,0
"CAMPO ALEGRE DO FIDALGO",PI,"EQUATORIAL PI",0.94669,2026-01-01,2026-12-01,0
"CAPITAO GERVASIO OLIVEIRA",PI,"EQUATORIAL PI",0.94669,2026-01-01,2026-12-01,0
"LAGOA DO BARRO DO PIAUI",PI,"EQUATORIAL PI",0.94669,2026-01-01,2026-12-01,0
"QUEIMADA NOVA",PI,"EQUATORIAL PI",0.94669,2026-01-01,2026-12-01,0
LUZILANDIA,PI,"EQUATORIAL PI",0.94669,2026-01-01,2026-12-01,0
"MATIAS OLIMPIO",PI,"EQUATORIAL PI",0.94669,2026-01-01,2026-12-01,0
"MONTE ALEGRE DO PIAUI",PI,"EQUATORIAL PI",0.94669,2026-01-01,2026-12-01,0
"CAMPO LARGO DO PIAUI",PI,"EQUATORIAL PI",0.94669,2026-01-01,2026-12-01,0
"NOSSA SENHORA DOS REMEDIOS",PI,"EQUATORIAL PI",0.94669,2026-01-01,2026-12-01,0
PORTO,PI,"EQUATORIAL PI",0.94669,2026-01-01,2026-12-01,0
"SAO JOAO DO ARRAIAL",PI,"EQUATORIAL PI",0.94669,2026-01-01,2026-12-01,0
OEIRAS,PI,"EQUATORIAL PI",0.94669,2026-01-01,2026-12-01,0
"ALEGRETE DO PIAUI",PI,"EQUATORIAL PI",0.94669,2026-01-01,2026-12-01,0
"PADRE MARCOS",PI,"EQUATORIAL PI",0.94669,2026-01-01,2026-12-01,0
"VILA NOVA DO PIAUI",PI,"EQUATORIAL PI",0.94669,2026-01-01,2026-12-01,0
"PAES LANDIM",PI,"EQUATORIAL PI",0.94669,2026-01-01,2026-12-01,0
"SAO MIGUEL DO FIDALGO",PI,"EQUATORIAL PI",0.94669,2026-01-01,2026-12-01,0
"SOCORRO DO PIAUI",PI,"EQUATORIAL PI",0.94669,2026-01-01,2026-12-01,0
"CAJUEIRO DA PRAIA",PI,"EQUATORIAL PI",0.94669,2026-01-01,2026-12-01,0
"ILHA GRANDE",PI,"EQUATORIAL PI",0.94669,2026-01-01,2026-12-01,0
"LUIS CORREIA",PI,"EQUATORIAL PI",0.94669,2026-01-01,2026-12-01,0
PARNAIBA,PI,"EQUATORIAL PI",0.94669,2026-01-01,2026-12-01,0
ACAUA,PI,"EQUATORIAL PI",0.94669,2026-01-01,2026-12-01,0
PAULISTANA,PI,"EQUATORIAL PI",0.94669,2026-01-01,2026-12-01,0
"DOMINGOS MOURAO",PI,"EQUATORIAL PI",0.94669,2026-01-01,2026-12-01,0
"LAGOA DE SAO FRANCISCO",PI,"EQUATORIAL PI",0.94669,2026-01-01,2026-12-01,0
"MILTON BRANDAO",PI,"EQUATORIAL PI",0.94669,2026-01-01,2026-12-01,0
"PEDRO II",PI,"EQUATORIAL PI",0.94669,2026-01-01,2026-12-01,0
PIRACURUCA,PI,"EQUATORIAL PI",0.94669,2026-01-01,2026-12-01,0
"SAO JOAO DA FRONTEIRA",PI,"EQUATORIAL PI",0.94669,2026-01-01,2026-12-01,0
"SAO JOSE DO DIVINO",PI,"EQUATORIAL PI",0.94669,2026-01-01,2026-12-01,0
BRASILEIRA,PI,"EQUATORIAL PI",0.94669,2026-01-01,2026-12-01,0
"CAPITAO DE CAMPOS",PI,"EQUATORIAL PI",0.94669,2026-01-01,2026-12-01,0
"COCAL DE TELHA",PI,"EQUATORIAL PI",0.94669,2026-01-01,2026-12-01,0
PIRIPIRI,PI,"EQUATORIAL PI",0.94669,2026-01-01,2026-12-01,0
REGENERACAO,PI,"EQUATORIAL PI",0.94669,2026-01-01,2026-12-01,0
"JOAO COSTA",PI,"EQUATORIAL PI",0.94669,2026-01-01,2026-12-01,0
"SAO JOAO DO PIAUI",PI,"EQUATORIAL PI",0.94669,2026-01-01,2026-12-01,0
"RIBEIRA DO PIAUI",PI,"EQUATORIAL PI",0.94669,2026-01-01,2026-12-01,0
"SAO JOSE DO PEIXE",PI,"EQUATORIAL PI",0.94669,2026-01-01,2026-12-01,0
"SAO PEDRO DO PIAUI",PI,"EQUATORIAL PI",0.94669,2026-01-01,2026-12-01,0
"JATOBA DO PIAUI",PI,"EQUATORIAL PI",0.94669,2026-01-01,2026-12-01,0
"JUAZEIRO DO PIAUI",PI,"EQUATORIAL PI",0.94669,2026-01-01,2026-12-01,0
"SAO JOAO DA SERRA",PI,"EQUATORIAL PI",0.94669,2026-01-01,2026-12-01,0
"SIGEFREDO PACHECO",PI,"EQUATORIAL PI",0.94669,2026-01-01,2026-12-01,0
"CARIDADE DO PIAUI",PI,"EQUATORIAL PI",0.94669,2026-01-01,2026-12-01,0
"CURRAL NOVO DO PIAUI",PI,"EQUATORIAL PI",0.94669,2026-01-01,2026-12-01,0
SIMOES,PI,"EQUATORIAL PI",0.94669,2026-01-01,2026-12-01,0
"LAGOA ALEGRE",PI,"EQUATORIAL PI",0.94669,2026-01-01,2026-12-01,0
"MIGUEL ALVES",PI,"EQUATORIAL PI",0.94669,2026-01-01,2026-12-01,0
UNIAO,PI,"EQUATORIAL PI",0.94669,2026-01-01,2026-12-01,0
"AGUA BRANCA",PI,"EQUATORIAL PI",0.94669,2026-01-01,2026-12-01,0
"ALTO LONGA",PI,"EQUATORIAL PI",0.94669,2026-01-01,2026-12-01,0
COIVARAS,PI,"EQUATORIAL PI",0.94669,2026-01-01,2026-12-01,0
"NOVO SANTO ANTONIO",PI,"EQUATORIAL PI",0.94669,2026-01-01,2026-12-01,0
AMARANTE,PI,"EQUATORIAL PI",0.94669,2026-01-01,2026-12-01,0
AROAZES,PI,"EQUATORIAL PI",0.94669,2026-01-01,2026-12-01,0
"SANTA CRUZ DOS MILAGRES",PI,"EQUATORIAL PI",0.94669,2026-01-01,2026-12-01,0
"BAIXA GRANDE DO RIBEIRO",PI,"EQUATORIAL PI",0.94669,2026-01-01,2026-12-01,0
"RIBEIRO GONCALVES",PI,"EQUATORIAL PI",0.94669,2026-01-01,2026-12-01,0
BARRAS,PI,"EQUATORIAL PI",0.94669,2026-01-01,2026-12-01,0
"BOA HORA",PI,"EQUATORIAL PI",0.94669,2026-01-01,2026-12-01,0
"CABECEIRAS DO PIAUI",PI,"EQUATORIAL PI",0.94669,2026-01-01,2026-12-01,0
"BARRO DURO",PI,"EQUATORIAL PI",0.94669,2026-01-01,2026-12-01,0
"OLHO D'AGUA DO PIAUI",PI,"EQUATORIAL PI",0.94669,2026-01-01,2026-12-01,0
"PASSAGEM FRANCA DO PIAUI",PI,"EQUATORIAL PI",0.94669,2026-01-01,2026-12-01,0
BERTOLINIA,PI,"EQUATORIAL PI",0.94669,2026-01-01,2026-12-01,0
CANAVIEIRA,PI,"EQUATORIAL PI",0.94669,2026-01-01,2026-12-01,0
"SEBASTIAO LEAL",PI,"EQUATORIAL PI",0.94669,2026-01-01,2026-12-01,0
"BOM JESUS",PI,"EQUATORIAL PI",0.94669,2026-01-01,2026-12-01,0
CURRAIS,PI,"EQUATORIAL PI",0.94669,2026-01-01,2026-12-01,0
"BREJO DO PIAUI",PI,"EQUATORIAL PI",0.94669,2026-01-01,2026-12-01,0
"TAMBORIL DO PIAUI",PI,"EQUATORIAL PI",0.94669,2026-01-01,2026-12-01,0
"BURITI DOS LOPES",PI,"EQUATORIAL PI",0.94669,2026-01-01,2026-12-01,0
"CARAUBAS DO PIAUI",PI,"EQUATORIAL PI",0.94669,2026-01-01,2026-12-01,0
CAXINGO,PI,"EQUATORIAL PI",0.94669,2026-01-01,2026-12-01,0
"CAMPINAS DO PIAUI",PI,"EQUATORIAL PI",0.94669,2026-01-01,2026-12-01,0
"ISAIAS COELHO",PI,"EQUATORIAL PI",0.94669,2026-01-01,2026-12-01,0
"CAMPO MAIOR",PI,"EQUATORIAL PI",0.94669,2026-01-01,2026-12-01,0
CARACOL,PI,"EQUATORIAL PI",0.94669,2026-01-01,2026-12-01,0
GUARIBAS,PI,"EQUATORIAL PI",0.94669,2026-01-01,2026-12-01,0
"BURITI DOS MONTES",PI,"EQUATORIAL PI",0.94669,2026-01-01,2026-12-01,0
"CASTELO DO PIAUI",PI,"EQUATORIAL PI",0.94669,2026-01-01,2026-12-01,0
"BOM PRINCIPIO DO PIAUI",PI,"EQUATORIAL PI",0.94669,2026-01-01,2026-12-01,0
COCAL,PI,"EQUATORIAL PI",0.94669,2026-01-01,2026-12-01,0
"COCAL DOS ALVES",PI,"EQUATORIAL PI",0.94669,2026-01-01,2026-12-01,0
"BELA VISTA DO PIAUI",PI,"EQUATORIAL PI",0.94669,2026-01-01,2026-12-01,0
"CONCEICAO DO CANINDE",PI,"EQUATORIAL PI",0.94669,2026-01-01,2026-12-01,0
"SAO FRANCISCO DE ASSIS DO PIAUI",PI,"EQUATORIAL PI",0.94669,2026-01-01,2026-12-01,0
"CORONEL JOSE DIAS",PI,"EQUATORIAL PI",0.94669,2026-01-01,2026-12-01,0
"DOM INOCENCIO",PI,"EQUATORIAL PI",0.94669,2026-01-01,2026-12-01,0
"DOM EXPEDITO LOPES",PI,"EQUATORIAL PI",0.94669,2026-01-01,2026-12-01,0
PAQUETA,PI,"EQUATORIAL PI",0.94669,2026-01-01,2026-12-01,0
"SANTA CRUZ DO PIAUI",PI,"EQUATORIAL PI",0.94669,2026-01-01,2026-12-01,0
"WALL FERRAZ",PI,"EQUATORIAL PI",0.94669,2026-01-01,2026-12-01,0
"DEMERVAL LOBAO",PI,"EQUATORIAL PI",0.94669,2026-01-01,2026-12-01,0
"LAGOA DO PIAUI",PI,"EQUATORIAL PI",0.94669,2026-01-01,2026-12-01,0
"MONSENHOR GIL",PI,"EQUATORIAL PI",0.94669,2026-01-01,2026-12-01,0
"DIRCEU ARCOVERDE",PI,"EQUATORIAL PI",0.94669,2026-01-01,2026-12-01,0
"FARTURA DO PIAUI",PI,"EQUATORIAL PI",0.94669,2026-01-01,2026-12-01,0
"SAO LOURENCO DO PIAUI",PI,"EQUATORIAL PI",0.94669,2026-01-01,2026-12-01,0
"ELESBAO VELOSO",PI,"EQUATORIAL PI",0.94669,2026-01-01,2026-12-01,0
"SAO FELIX DO PIAUI",PI,"EQUATORIAL PI",0.94669,2026-01-01,2026-12-01,0
"SAO MIGUEL DA BAIXA GRANDE",PI,"EQUATORIAL PI",0.94669,2026-01-01,2026-12-01,0
"ELISEU MARTINS",PI,"EQUATORIAL PI",0.94669,2026-01-01,2026-12-01,0
"MANOEL EMIDIO",PI,"EQUATORIAL PI",0.94669,2026-01-01,2026-12-01,0
BATALHA,PI,"EQUATORIAL PI",0.94669,2026-01-01,2026-12-01,0
ESPERANTINA,PI,"EQUATORIAL PI",0.94669,2026-01-01,2026-12-01,0
"MORRO DO CHAPEU DO PIAUI",PI,"EQUATORIAL PI",0.94669,2026-01-01,2026-12-01,0
FLORIANO,PI,"EQUATORIAL PI",0.94669,2026-01-01,2026-12-01,0
"CALDEIRAO GRANDE DO PIAUI",PI,"EQUATORIAL PI",0.94669,2026-01-01,2026-12-01,0
"FRANCISCO MACEDO",PI,"EQUATORIAL PI",0.94669,2026-01-01,2026-12-01,0
MARCOLANDIA,PI,"EQUATORIAL PI",0.94669,2026-01-01,2026-12-01,0
FRONTEIRAS,PI,"EQUATORIAL PI",0.94669,2026-01-01,2026-12-01,0
"PIO IX",PI,"EQUATORIAL PI",0.94669,2026-01-01,2026-12-01,0
"SAO JULIAO",PI,"EQUATORIAL PI",0.94669,2026-01-01,2026-12-01,0
"BARREIRAS DO PIAUI",PI,"EQUATORIAL PI",0.94669,2026-01-01,2026-12-01,0
GILBUES,PI,"EQUATORIAL PI",0.94669,2026-01-01,2026-12-01,0
AJURICABA,RS,RGE,0.8222,2026-01-01,2026-06-18,1
"ANTONIO PRADO",RS,RGE,0.8222,2026-01-01,2026-06-18,0
IPE,RS,RGE,0.8222,2026-01-01,2026-06-18,0
"NOVA ROMA DO SUL",RS,RGE,0.8222,2026-01-01,2026-06-18,0
ARATIBA,RS,RGE,0.8222,2026-01-01,2026-06-18,0
"BARAO DE COTEGIPE",RS,RGE,0.8222,2026-01-01,2026-06-18,0
"BARRA DO RIO AZUL",RS,RGE,0.8222,2026-01-01,2026-06-18,0
"ITATIBA DO SUL",RS,RGE,0.8222,2026-01-01,2026-06-18,0
ARVOREZINHA,RS,RGE,0.8222,2026-01-01,2026-06-18,0
"BARROS CASSAL",RS,RGE,0.8222,2026-01-01,2026-06-18,1
"FONTOURA XAVIER",RS,RGE,0.8222,2026-01-01,2026-06-18,1
ITAPUCA,RS,RGE,0.8222,2026-01-01,2026-06-18,0
MORMACO,RS,RGE,0.8222,2026-01-01,2026-06-18,1
SOLEDADE,RS,RGE,0.8222,2026-01-01,2026-06-18,0
"AUGUSTO PESTANA",RS,RGE,0.8222,2026-01-01,2026-06-18,1
"BENTO GONCALVES",RS,RGE,0.8222,2026-01-01,2026-06-18,0
"BOM JESUS",RS,RGE,0.8222,2026-01-01,2026-06-18,0
CACHOEIRINHA,RS,RGE,0.8222,2026-01-01,2026-06-18,0
"CAMBARA DO SUL",RS,RGE,0.8222,2026-01-01,2026-06-18,0
"CAMPESTRE DA SERRA",RS,RGE,0.8222,2026-01-01,2026-06-18,0
"MONTE ALEGRE DOS CAMPOS",RS,RGE,0.8222,2026-01-01,2026-06-18,0
"CAMPINAS DO SUL",RS,RGE,0.8222,2026-01-01,2026-06-18,0
ERECHIM,RS,RGE,0.8222,2026-01-01,2026-06-18,0
JACUTINGA,RS,RGE,0.8222,2026-01-01,2026-06-18,0
"PONTE PRETA",RS,RGE,0.8222,2026-01-01,2026-06-18,0
"CAMPINA DAS MISSOES",RS,RGE,0.8222,2026-01-01,2026-06-18,1
"CANDIDO GODOI",RS,RGE,0.8222,2026-01-01,2026-06-18,1
"SANTO CRISTO",RS,RGE,0.8222,2026-01-01,2026-06-18,1
"SENADOR SALGADO FILHO",RS,RGE,0.8222,2026-01-01,2026-06-18,1
UBIRETAMA,RS,RGE,0.8222,2026-01-01,2026-06-18,1
CANELA,RS,RGE,0.8222,2026-01-01,2026-06-18,0
GRAMADO,RS,RGE,0.8222,2026-01-01,2026-06-18,0
BARAO,RS,RGE,0.8222,2026-01-01,2026-06-18,1
"BOA VISTA DO SUL",RS,RGE,0.8222,2026-01-01,2026-06-18,1
"CARLOS BARBOSA",RS,RGE,0.8222,2026-01-01,2026-06-18,1
"CAXIAS DO SUL",RS,RGE,0.8222,2026-01-01,2026-06-18,0
"CERRO LARGO",RS,RGE,0.8222,2026-01-01,2026-06-18,1
"GUARANI DAS MISSOES",RS,RGE,0.8222,2026-01-01,2026-06-18,1
"ROQUE GONZALES",RS,RGE,0.8222,2026-01-01,2026-06-18,1
"SALVADOR DAS MISSOES",RS,RGE,0.8222,2026-01-01,2026-06-18,1
"SAO PAULO DAS MISSOES",RS,RGE,0.8222,2026-01-01,2026-06-18,1
"SAO PEDRO DO BUTIA",RS,RGE,0.8222,2026-01-01,2026-06-18,1
"SETE DE SETEMBRO",RS,RGE,0.8222,2026-01-01,2026-06-18,1
CHARRUA,RS,RGE,0.8222,2026-01-01,2026-06-18,1
"CERRO GRANDE",RS,RGE,0.8222,2026-01-01,2026-06-18,1
CONSTANTINA,RS,RGE,0.8222,2026-01-01,2026-06-18,0
"ENGENHO VELHO",RS,RGE,0.8222,2026-01-01,2026-06-18,0
"LIBERATO SALZANO",RS,RGE,0.8222,2026-01-01,2026-06-18,1
"NOVO TIRADENTES",RS,RGE,0.8222,2026-01-01,2026-06-18,1
BRAGA,RS,RGE,0.8222,2026-01-01,2026-06-18,1
"CORONEL BICACO",RS,RGE,0.8222,2026-01-01,2026-06-18,1
MIRAGUAI,RS,RGE,0.8222,2026-01-01,2026-06-18,1
REDENTORA,RS,RGE,0.8222,2026-01-01,2026-06-18,1
COTIPORA,RS,RGE,0.8222,2026-01-01,2026-06-18,0
"FAGUNDES VARELA",RS,RGE,0.8222,2026-01-01,2026-06-18,0
"VILA FLORES",RS,RGE,0.8222,2026-01-01,2026-06-18,0
CRISSIUMAL,RS,RGE,0.8222,2026-01-01,2026-06-18,0
"ESPERANCA DO SUL",RS,RGE,0.8222,2026-01-01,2026-06-18,0
"TIRADENTES DO SUL",RS,RGE,0.8222,2026-01-01,2026-06-18,0
"CRUZ ALTA",RS,RGE,0.8222,2026-01-01,2026-06-18,1
PEJUCARA,RS,RGE,0.8222,2026-01-01,2026-06-18,1
"BENJAMIN CONSTANT DO SUL",RS,RGE,0.8222,2026-01-01,2026-06-18,0
"ENTRE RIOS DO SUL",RS,RGE,0.8222,2026-01-01,2026-06-18,0
"ERVAL GRANDE",RS,RGE,0.8222,2026-01-01,2026-06-18,0
FAXINALZINHO,RS,RGE,0.8222,2026-01-01,2026-06-18,0
"SAO VALENTIM",RS,RGE,0.8222,2026-01-01,2026-06-18,0
CAIBATE,RS,RGE,0.8222,2026-01-01,2026-06-18,1
CATUIPE,RS,RGE,0.8222,2026-01-01,2026-06-18,1
"CORONEL BARROS",RS,RGE,0.8222,2026-01-01,2026-06-18,1
ENTRE-IJUIS,RS,RGE,0.8222,2026-01-01,2026-06-18,1
"SANTO ANGELO",RS,RGE,0.8222,2026-01-01,2026-06-18,1
"VITORIA DAS MISSOES",RS,RGE,0.8222,2026-01-01,2026-06-18,1
ERNESTINA,RS,RGE,0.8222,2026-01-01,2026-06-18,1
ESMERALDA,RS,RGE,0.8222,2026-01-01,2026-06-18,0
"LAGOA VERMELHA",RS,RGE,0.8222,2026-01-01,2026-06-18,1
ESTACAO,RS,RGE,0.8222,2026-01-01,2026-06-18,1
"GETULIO VARGAS",RS,RGE,0.8222,2026-01-01,2026-06-18,1
"IPIRANGA DO SUL",RS,RGE,0.8222,2026-01-01,2026-06-18,0
PONTAO,RS,RGE,0.8222,2026-01-01,2026-06-18,1
SERTAO,RS,RGE,0.8222,2026-01-01,2026-06-18,1
FARROUPILHA,RS,RGE,0.8222,2026-01-01,2026-06-18,1
"FLORES DA CUNHA",RS,RGE,0.8222,2026-01-01,2026-06-18,0
"NOVA PADUA",RS,RGE,0.8222,2026-01-01,2026-06-18,0
"FREDERICO WESTPHALEN",RS,RGE,0.8222,2026-01-01,2026-06-18,1
"TAQUARUCU DO SUL",RS,RGE,0.8222,2026-01-01,2026-06-18,1
GARIBALDI,RS,RGE,0.8222,2026-01-01,2026-06-18,0
AUREA,RS,RGE,0.8222,2026-01-01,2026-06-18,0
"CARLOS GOMES",RS,RGE,0.8222,2026-01-01,2026-06-18,0
CENTENARIO,RS,RGE,0.8222,2026-01-01,2026-06-18,0
"FLORIANO PEIXOTO",RS,RGE,0.8222,2026-01-01,2026-06-18,1
GAURAMA,RS,RGE,0.8222,2026-01-01,2026-06-18,0
GIRUA,RS,RGE,0.8222,2026-01-01,2026-06-18,1
GLORINHA,RS,RGE,0.8222,2026-01-01,2026-06-18,0
GRAVATAI,RS,RGE,0.8222,2026-01-01,2026-06-18,1
"ANTA GORDA",RS,RGE,0.8222,2026-01-01,2026-06-18,0
"DOIS LAJEADOS",RS,RGE,0.8222,2026-01-01,2026-06-18,0
GUAPORE,RS,RGE,0.8222,2026-01-01,2026-06-18,0
ILOPOLIS,RS,RGE,0.8222,2026-01-01,2026-06-18,1
PUTINGA,RS,RGE,0.8222,2026-01-01,2026-06-18,1
"SAO JOSE DO HERVAL",RS,RGE,0.8222,2026-01-01,2026-06-18,1
"SAO VALENTIM DO SUL",RS,RGE,0.8222,2026-01-01,2026-06-18,0
"SERAFINA CORREA",RS,RGE,0.8222,2026-01-01,2026-06-18,0
"UNIAO DA SERRA",RS,RGE,0.8222,2026-01-01,2026-06-18,0
"DOUTOR MAURICIO CARDOSO",RS,RGE,0.8222,2026-01-01,2026-06-18,0
HORIZONTINA,RS,RGE,0.8222,2026-01-01,2026-06-18,0
"NOVO MACHADO",RS,RGE,0.8222,2026-01-01,2026-06-18,0
TUCUNDUVA,RS,RGE,0.8222,2026-01-01,2026-06-18,0
CASEIROS,RS,RGE,0.8222,2026-01-01,2026-06-18,1
CIRIACO,RS,RGE,0.8222,2026-01-01,2026-06-18,1
IBIRAIARAS,RS,RGE,0.8222,2026-01-01,2026-06-18,1
MULITERNO,RS,RGE,0.8222,2026-01-01,2026-06-18,1
IBIRUBA,RS,RGE,0.8222,2026-01-01,2026-06-18,1
"SALDANHA MARINHO",RS,RGE,0.8222,2026-01-01,2026-06-18,1
"SANTA BARBARA DO SUL",RS,RGE,0.8222,2026-01-01,2026-06-18,1
JARI,RS,RGE,0.8222,2026-01-01,2026-06-18,1
"EUGENIO DE CASTRO",RS,RGE,0.8222,2026-01-01,2026-06-18,1
JOIA,RS,RGE,0.8222,2026-01-01,2026-06-18,1
"MARCELINO RAMOS",RS,RGE,0.8222,2026-01-01,2026-06-18,0
VIADUTOS,RS,RGE,0.8222,2026-01-01,2026-06-18,0
"MONTE BELO DO SUL",RS,RGE,0.8222,2026-01-01,2026-06-18,0
"SANTA TEREZA",RS,RGE,0.8222,2026-01-01,2026-06-18,1
"MUITOS CAPOES",RS,RGE,0.8222,2026-01-01,2026-06-18,0
VACARIA,RS,RGE,0.8222,2026-01-01,2026-06-18,0
"GRAMADO DOS LOUREIROS",RS,RGE,0.8222,2026-01-01,2026-06-18,0
NONOAI,RS,RGE,0.8222,2026-01-01,2026-06-18,0
"RIO DOS INDIOS",RS,RGE,0.8222,2026-01-01,2026-06-18,0
"TRES PALMEIRAS",RS,RGE,0.8222,2026-01-01,2026-06-18,0
"TRINDADE DO SUL",RS,RGE,0.8222,2026-01-01,2026-06-18,0
"NOVA ARACA",RS,RGE,0.8222,2026-01-01,2026-06-18,0
"NOVA BASSANO",RS,RGE,0.8222,2026-01-01,2026-06-18,0
"VISTA ALEGRE DO PRATA",RS,RGE,0.8222,2026-01-01,2026-06-18,0
"NOVA PETROPOLIS",RS,RGE,0.8222,2026-01-01,2026-06-18,0
"PICADA CAFE",RS,RGE,0.8222,2026-01-01,2026-06-18,0
"NOVA PRATA",RS,RGE,0.8222,2026-01-01,2026-06-18,0
"CACIQUE DOBLE",RS,RGE,0.8222,2026-01-01,2026-06-18,0
"PAIM FILHO",RS,RGE,0.8222,2026-01-01,2026-06-18,0
"SANTO EXPEDITO DO SUL",RS,RGE,0.8222,2026-01-01,2026-06-18,0
"SAO JOAO DA URTIGA",RS,RGE,0.8222,2026-01-01,2026-06-18,0
"TUPANCI DO SUL",RS,RGE,0.8222,2026-01-01,2026-06-18,0
"PALMEIRA DAS MISSOES",RS,RGE,0.8222,2026-01-01,2026-06-18,1
CAICARA,RS,RGE,0.8222,2026-01-01,2026-06-18,1
PALMITINHO,RS,RGE,0.8222,2026-01-01,2026-06-18,1
"PINHEIRINHO DO VALE",RS,RGE,0.8222,2026-01-01,2026-06-18,1
"VICENTE DUTRA",RS,RGE,0.8222,2026-01-01,2026-06-18,1
"VISTA ALEGRE",RS,RGE,0.8222,2026-01-01,2026-06-18,1
"DAVID CANABARRO",RS,RGE,0.8222,2026-01-01,2026-06-18,1
GUABIJU,RS,RGE,0.8222,2026-01-01,2026-06-18,0
PARAI,RS,RGE,0.8222,2026-01-01,2026-06-18,0
"SAO DOMINGOS DO SUL",RS,RGE,0.8222,2026-01-01,2026-06-18,0
"SAO JORGE",RS,RGE,0.8222,2026-01-01,2026-06-18,0
VANINI,RS,RGE,0.8222,2026-01-01,2026-06-18,1
COXILHA,RS,RGE,0.8222,2026-01-01,2026-06-18,1
"MATO CASTELHANO",RS,RGE,0.8222,2026-01-01,2026-06-18,1
"PASSO FUNDO",RS,RGE,0.8222,2026-01-01,2026-06-18,1
"VILA LANGARO",RS,RGE,0.8222,2026-01-01,2026-06-18,1
ALPESTRE,RS,RGE,0.8222,2026-01-01,2026-06-18,1
"AMETISTA DO SUL",RS,RGE,0.8222,2026-01-01,2026-06-18,1
IRAI,RS,RGE,0.8222,2026-01-01,2026-06-18,1
PLANALTO,RS,RGE,0.8222,2026-01-01,2026-06-18,1
"PORTO LUCENA",RS,RGE,0.8222,2026-01-01,2026-06-18,1
"PORTO XAVIER",RS,RGE,0.8222,2026-01-01,2026-06-18,1
"ANDRE DA ROCHA",RS,RGE,0.8222,2026-01-01,2026-06-18,0
"PROTASIO ALVES",RS,RGE,0.8222,2026-01-01,2026-06-18,0
"FORTALEZA DOS VALOS",RS,RGE,0.8222,2026-01-01,2026-06-18,1
"QUINZE DE NOVEMBRO",RS,RGE,0.8222,2026-01-01,2026-06-18,1
RIOZINHO,RS,RGE,0.8222,2026-01-01,2026-06-18,0
ROLANTE,RS,RGE,0.8222,2026-01-01,2026-06-18,0
"RONDA ALTA",RS,RGE,0.8222,2026-01-01,2026-06-18,1
RONDINHA,RS,RGE,0.8222,2026-01-01,2026-06-18,1
SARANDI,RS,RGE,0.8222,2026-01-01,2026-06-18,1
CHIAPETTA,RS,RGE,0.8222,2026-01-01,2026-06-18,1
INHACORA,RS,RGE,0.8222,2026-01-01,2026-06-18,1
"NOVA RAMADA",RS,RGE,0.8222,2026-01-01,2026-06-18,1
"SANTO AUGUSTO",RS,RGE,0.8222,2026-01-01,2026-06-18,1
"SAO VALERIO DO SUL",RS,RGE,0.8222,2026-01-01,2026-06-18,1
"SAO FRANCISCO DE PAULA",RS,RGE,0.8222,2026-01-01,2026-06-18,1
JABOTICABA,RS,RGE,0.8222,2026-01-01,2026-06-18,1
"LAJEADO DO BUGRE",RS,RGE,0.8222,2026-01-01,2026-06-18,1
"NOVO BARREIRO",RS,RGE,0.8222,2026-01-01,2026-06-18,1
"SAGRADA FAMILIA",RS,RGE,0.8222,2026-01-01,2026-06-18,1
"SAO JOSE DAS MISSOES",RS,RGE,0.8222,2026-01-01,2026-06-18,1
BARRACAO,RS,RGE,0.8222,2026-01-01,2026-06-18,0
MACHADINHO,RS,RGE,0.8222,2026-01-01,2026-06-18,0
"MAXIMILIANO DE ALMEIDA",RS,RGE,0.8222,2026-01-01,2026-06-18,0
"SAO JOSE DO OURO",RS,RGE,0.8222,2026-01-01,2026-06-18,0
"SAO LUIZ GONZAGA",RS,RGE,0.8222,2026-01-01,2026-06-18,1
"SAO MARCOS",RS,RGE,0.8222,2026-01-01,2026-06-18,0
"DEZESSEIS DE NOVEMBRO",RS,RGE,0.8222,2026-01-01,2026-06-18,1
PIRAPO,RS,RGE,0.8222,2026-01-01,2026-06-18,1
"SAO NICOLAU",RS,RGE,0.8222,2026-01-01,2026-06-18,1
"CRISTAL DO SUL",RS,RGE,0.8222,2026-01-01,2026-06-18,1
"DOIS IRMAOS DAS MISSOES",RS,RGE,0.8222,2026-01-01,2026-06-18,1
"ERVAL SECO",RS,RGE,0.8222,2026-01-01,2026-06-18,1
PINHAL,RS,RGE,0.8222,2026-01-01,2026-06-18,1
"RODEIO BONITO",RS,RGE,0.8222,2026-01-01,2026-06-18,1
SEBERI,RS,RGE,0.8222,2026-01-01,2026-06-18,1
"MARIANO MORO",RS,RGE,0.8222,2026-01-01,2026-06-18,0
"SEVERIANO DE ALMEIDA",RS,RGE,0.8222,2026-01-01,2026-06-18,0
"TRES ARROIOS",RS,RGE,0.8222,2026-01-01,2026-06-18,0
"ALTO ALEGRE",RS,RGE,0.8222,2026-01-01,2026-06-18,1
"CAMPOS BORGES",RS,RGE,0.8222,2026-01-01,2026-06-18,1
ESPUMOSO,RS,RGE,0.8222,2026-01-01,2026-06-18,1
"LAGOA DOS TRES CANTOS",RS,RGE,0.8222,2026-01-01,2026-06-18,1
TAPERA,RS,RGE,0.8222,2026-01-01,2026-06-18,1
TAQUARA,RS,RGE,0.8222,2026-01-01,2026-06-18,1
IGREJINHA,RS,RGE,0.8222,2026-01-01,2026-06-18,1
"TRES COROAS",RS,RGE,0.8222,2026-01-01,2026-06-18,0
"TRES PASSOS",RS,RGE,0.8222,2026-01-01,2026-06-18,1
TUPANCIRETA,RS,RGE,0.8222,2026-01-01,2026-06-18,1
"PORTO MAUA",RS,RGE,0.8222,2026-01-01,2026-06-18,0
TUPARENDI,RS,RGE,0.8222,2026-01-01,2026-06-18,1
VERANOPOLIS,RS,RGE,0.8222,2026-01-01,2026-06-18,0
CAMARGO,RS,RGE,0.8222,2026-01-01,2026-06-18,1
"VILA MARIA",RS,RGE,0.8222,2026-01-01,2026-06-18,1
SANANDUVA,RS,RGE,0.8222,2026-01-01,2026-06-18,1
ALEGRIA,RS,RGE,0.8222,2026-01-01,2026-06-18,1
INDEPENDENCIA,RS,RGE,0.8222,2026-01-01,2026-06-18,1
"SAO JOSE DO INHACORA",RS,RGE,0.8222,2026-01-01,2026-06-18,0
"TRES DE MAIO",RS,RGE,0.8222,2026-01-01,2026-06-18,1
"BARRA DO GUARITA",RS,RGE,0.8222,2026-01-01,2026-06-18,0
DERRUBADAS,RS,RGE,0.8222,2026-01-01,2026-06-18,0
"TENENTE PORTELA",RS,RGE,0.8222,2026-01-01,2026-06-18,1
"VISTA GAUCHA",RS,RGE,0.8222,2026-01-01,2026-06-18,0
CASCA,RS,RGE,0.8222,2026-01-01,2026-06-18,1
MONTAURI,RS,RGE,0.8222,2026-01-01,2026-06-18,1
"NOVA ALVORADA",RS,RGE,0.8222,2026-01-01,2026-06-18,1
"SANTO ANTONIO DO PALMA",RS,RGE,0.8222,2026-01-01,2026-06-18,1
JAQUIRANA,RS,RGE,0.8222,2026-01-01,2026-06-18,0
"SAO JOSE DOS AUSENTES",RS,RGE,0.8222,2026-01-01,2026-06-18,0
"NOVA HARTZ",RS,RGE,0.8222,2026-01-01,2026-06-18,0
PAROBE,RS,RGE,0.8222,2026-01-01,2026-06-18,0
"BOA VISTA DO BURICA",RS,RGE,0.8222,2026-01-01,2026-06-18,0
"BOM PROGRESSO",RS,RGE,0.8222,2026-01-01,2026-06-18,0
"CAMPO NOVO",RS,RGE,0.8222,2026-01-01,2026-06-18,1
HUMAITA,RS,RGE,0.8222,2026-01-01,2026-06-18,0
"NOVA CANDELARIA",RS,RGE,0.8222,2026-01-01,2026-06-18,0
"SAO MARTINHO",RS,RGE,0.8222,2026-01-01,2026-06-18,1
"SEDE NOVA",RS,RGE,0.8222,2026-01-01,2026-06-18,0
"ALTO FELIZ",RS,RGE,0.8222,2026-01-01,2026-06-18,0
FELIZ,RS,RGE,0.8222,2026-01-01,2026-06-18,0
"LINHA NOVA",RS,RGE,0.8222,2026-01-01,2026-06-18,0
"VALE REAL",RS,RGE,0.8222,2026-01-01,2026-06-18,0
"BARRA DO QUARAI",RS,"RGE SUL",,,,0
"CAMPO BOM",RS,"RGE SUL",,,,0
"FAZENDA VILANOVA",RS,"RGE SUL",,,,1
PAVERAMA,RS,"RGE SUL",,,,1
TABAI,RS,"RGE SUL",,,,1
TEUTONIA,RS,"RGE SUL",,,,1
LAGOAO,RS,"RGE SUL",,,,1
"PASSA SETE",RS,"RGE SUL",,,,0
SEGREDO,RS,"RGE SUL",,,,0
"DILERMANDO DE AGUIAR",RS,"RGE SUL",,,,0
"SAO MARTINHO DA SERRA",RS,"RGE SUL",,,,1
TRIUNFO,RS,"RGE SUL",,,,0
"SAO JOSE DO HORTENCIO",RS,"RGE SUL",,,,0
"ESTANCIA VELHA",RS,"RGE SUL",,,,0
SINIMBU,RS,"RGE SUL",,,,0
HERVEIRAS,RS,"RGE SUL",,,,0
"VALE DO SOL",RS,"RGE SUL",,,,0
COLINAS,RS,"RGE SUL",,,,1
IMIGRANTE,RS,"RGE SUL",,,,1
"CAPELA DE SANTANA",RS,"RGE SUL",,,,1
"MATO LEITAO",RS,"RGE SUL",,,,0
"SANTA CLARA DO SUL",RS,"RGE SUL",,,,1
MUCUM,RS,"RGE SUL",,,,0
"VESPASIANO CORREA",RS,"RGE SUL",,,,0
ARARICA,RS,"RGE SUL",,,,0
QUEVEDOS,RS,"RGE SUL",,,,1
TOROPI,RS,"RGE SUL",,,,0
MATA,RS,"RGE SUL",,,,0
"SAO VICENTE DO SUL",RS,"RGE SUL",,,,0
HARMONIA,RS,"RGE SUL",,,,1
"PARECI NOVO",RS,"RGE SUL",,,,0
BROCHIER,RS,"RGE SUL",,,,1
MARATA,RS,"RGE SUL",,,,1
"SALVADOR DO SUL",RS,"RGE SUL",,,,1
"SAO JOSE DO SUL",RS,"RGE SUL",,,,1
IVOTI,RS,"RGE SUL",,,,0
"LINDOLFO COLLOR",RS,"RGE SUL",,,,0
"PRESIDENTE LUCENA",RS,"RGE SUL",,,,0
"DOIS IRMAOS",RS,"RGE SUL",,,,0
"MORRO REUTER",RS,"RGE SUL",,,,0
"SANTA MARIA DO HERVAL",RS,"RGE SUL",,,,0
CAPITAO,RS,"RGE SUL",,,,1
"COQUEIRO BAIXO",RS,"RGE SUL",,,,1
"DOUTOR RICARDO",RS,"RGE SUL",,,,0
"NOVA BRESCIA",RS,"RGE SUL",,,,0
RELVADO,RS,"RGE SUL",,,,0
TRAVESSEIRO,RS,"RGE SUL",,,,1
"BOQUEIRAO DO LEAO",RS,"RGE SUL",,,,1
"GRAMADO XAVIER",RS,"RGE SUL",,,,1
"BOM PRINCIPIO",RS,"RGE SUL",,,,0
"SAO VENDELINO",RS,"RGE SUL",,,,1
TUPANDI,RS,"RGE SUL",,,,1
"PASSO DO SOBRADO",RS,"RGE SUL",,,,1
"VALE VERDE",RS,"RGE SUL",,,,1
ADAMANTINA,SP,ESS,0.74576,2026-01-01,2026-07-11,0
"INUBIA PAULISTA",SP,ESS,0.74576,2026-01-01,2026-07-11,0
LUCELIA,SP,ESS,0.74576,2026-01-01,2026-07-11,0
PRACINHA,SP,ESS,0.74576,2026-01-01,2026-07-11,0
EMILIANOPOLIS,SP,ESS,0.74576,2026-01-01,2026-07-11,0
"RIBEIRAO DOS INDIOS",SP,ESS,0.74576,2026-01-01,2026-07-11,0
"SANTO ANASTACIO",SP,ESS,0.74576,2026-01-01,2026-07-11,0
CAIUA,SP,ESS,0.74576,2026-01-01,2026-07-11,0
PIQUEROBI,SP,ESS,0.74576,2026-01-01,2026-07-11,0
"PRESIDENTE EPITACIO",SP,ESS,0.74576,2026-01-01,2026-07-11,0
"PRESIDENTE VENCESLAU",SP,ESS,0.74576,2026-01-01,2026-07-11,0
"ALFREDO MARCONDES",SP,ESS,0.74576,2026-01-01,2026-07-11,0
"SANTO EXPEDITO",SP,ESS,0.74576,2026-01-01,2026-07-11,0
CAIABU,SP,ESS,0.74576,2026-01-01,2026-07-11,0
INDIANA,SP,ESS,0.74576,2026-01-01,2026-07-11,0
MARTINOPOLIS,SP,ESS,0.74576,2026-01-01,2026-07-11,0
"REGENTE FEIJO",SP,ESS,0.74576,2026-01-01,2026-07-11,0
"OSVALDO CRUZ",SP,ESS,0.74576,2026-01-01,2026-07-11,0
PARAPUA,SP,ESS,0.74576,2026-01-01,2026-07-11,0
SAGRES,SP,ESS,0.74576,2026-01-01,2026-07-11,0
SALMOURAO,SP,ESS,0.74576,2026-01-01,2026-07-11,0
ARAGUACU,TO,ETO,0.93022,2026-01-01,2026-07-03,0
SANDOLANDIA,TO,ETO,0.93022,2026-01-01,2026-07-03,0
"JAU DO TOCANTINS",TO,ETO,0.93022,2026-01-01,2026-07-03,0
PALMEIROPOLIS,TO,ETO,0.93022,2026-01-01,2026-07-03,0
"SAO SALVADOR DO TOCANTINS",TO,ETO,0.93022,2026-01-01,2026-07-03,0
ARAGOMINAS,TO,ETO,0.93022,2026-01-01,2026-07-03,0
ARAGUANA,TO,ETO,0.93022,2026-01-01,2026-07-03,0
CARMOLANDIA,TO,ETO,0.93022,2026-01-01,2026-07-03,0
MURICILANDIA,TO,ETO,0.93022,2026-01-01,2026-07-03,0
"SANTA FE DO ARAGUAIA",TO,ETO,0.93022,2026-01-01,2026-07-03,0
BABACULANDIA,TO,ETO,0.93022,2026-01-01,2026-07-03,0
"BARRA DO OURO",TO,ETO,0.93022,2026-01-01,2026-07-03,0
"CAMPOS LINDOS",TO,ETO,0.93022,2026-01-01,2026-07-03,0
FILADELFIA,TO,ETO,0.93022,2026-01-01,2026-07-03,0
GOIATINS,TO,ETO,0.93022,2026-01-01,2026-07-03,0
PALMEIRANTE,TO,ETO,0.93022,2026-01-01,2026-07-03,0
DARCINOPOLIS,TO,ETO,0.93022,2026-01-01,2026-07-03,0
PIRAQUE,TO,ETO,0.93022,2026-01-01,2026-07-03,0
WANDERLANDIA,TO,ETO,0.93022,2026-01-01,2026-07-03,0
XAMBIOA,TO,ETO,0.93022,2026-01-01,2026-07-03,0
AUGUSTINOPOLIS,TO,ETO,0.93022,2026-01-01,2026-07-03,0
"BURITI DO TOCANTINS",TO,ETO,0.93022,2026-01-01,2026-07-03,0
"CARRASCO BONITO",TO,ETO,0.93022,2026-01-01,2026-07-03,0
ESPERANTINA,TO,ETO,0.93022,2026-01-01,2026-07-03,0
"PRAIA NORTE",TO,ETO,0.93022,2026-01-01,2026-07-03,0
SAMPAIO,TO,ETO,0.93022,2026-01-01,2026-07-03,0
"SAO SEBASTIAO DO TOCANTINS",TO,ETO,0.93022,2026-01-01,2026-07-03,0
ITACAJA,TO,ETO,0.93022,2026-01-01,2026-07-03,0
ITAPIRATINS,TO,ETO,0.93022,2026-01-01,2026-07-03,0
"PRESIDENTE KENNEDY",TO,ETO,0.93022,2026-01-01,2026-07-03,0
TUPIRATINS,TO,ETO,0.93022,2026-01-01,2026-07-03,0
"CONCEICAO DO TOCANTINS",TO,ETO,0.93022,2026-01-01,2026-07-03,0
PARANA,TO,ETO,0.93022,2026-01-01,2026-07-03,0
"TAIPAS DO TOCANTINS",TO,ETO,0.93022,2026-01-01,2026-07-03,0
"NOVO JARDIM",TO,ETO,0.93022,2026-01-01,2026-07-03,0
"PONTE ALTA DO BOM JESUS",TO,ETO,0.93022,2026-01-01,2026-07-03,0
TAGUATINGA,TO,ETO,0.93022,2026-01-01,2026-07-03,0
"COUTO DE MAGALHAES",TO,ETO,0.93022,2026-01-01,2026-07-03,0
GOIANORTE,TO,ETO,0.93022,2026-01-01,2026-07-03,0
PEQUIZEIRO,TO,ETO,0.93022,2026-01-01,2026-07-03,0
COLMEIA,TO,ETO,0.93022,2026-01-01,2026-07-03,0
TABOCAO,TO,ETO,0.93022,2026-01-01,2026-07-03,0
"RIO DOS BOIS",TO,ETO,0.93022,2026-01-01,2026-07-03,0
"ALIANCA DO TOCANTINS",TO,ETO,0.93022,2026-01-01,2026-07-03,0
"CRIXAS DO TOCANTINS",TO,ETO,0.93022,2026-01-01,2026-07-03,0
PEIXE,TO,ETO,0.93022,2026-01-01,2026-07-03,0
"SAO VALERIO DA NATIVIDADE",TO,ETO,0.93022,2026-01-01,2026-07-03,0
SUCUPIRA,TO,ETO,0.93022,2026-01-01,2026-07-03,0
ARAGUACEMA,TO,ETO,0.93022,2026-01-01,2026-07-03,0
"DOIS IRMAOS DO TOCANTINS",TO,ETO,0.93022,2026-01-01,2026-07-03,0
IPUEIRAS,TO,ETO,0.93022,2026-01-01,2026-07-03,0
"SANTA ROSA DO TOCANTINS",TO,ETO,0.93022,2026-01-01,2026-07-03,0
SILVANOPOLIS,TO,ETO,0.93022,2026-01-01,2026-07-03,0
ARAPOEMA,TO,ETO,0.93022,2026-01-01,2026-07-03,0
"BANDEIRANTES DO TOCANTINS",TO,ETO,0.93022,2026-01-01,2026-07-03,0
"BERNARDO SAYAO",TO,ETO,0.93022,2026-01-01,2026-07-03,0
JUARINA,TO,ETO,0.93022,2026-01-01,2026-07-03,0
"PAU D'ARCO",TO,ETO,0.93022,2026-01-01,2026-07-03,0
"BREJINHO DE NAZARE",TO,ETO,0.93022,2026-01-01,2026-07-03,0
FATIMA,TO,ETO,0.93022,2026-01-01,2026-07-03,0
"OLIVEIRA DE FATIMA",TO,ETO,0.93022,2026-01-01,2026-07-03,0
"SANTA RITA DO TOCANTINS",TO,ETO,0.93022,2026-01-01,2026-07-03,0
"APARECIDA DO RIO NEGRO",TO,ETO,0.93022,2026-01-01,2026-07-03,0
LAJEADO,TO,ETO,0.93022,2026-01-01,2026-07-03,0
"NOVO ACORDO",TO,ETO,0.93022,2026-01-01,2026-07-03,0
TOCANTINIA,TO,ETO,0.93022,2026-01-01,2026-07-03,0
ABREULANDIA,TO,ETO,0.93022,2026-01-01,2026-07-03,0
CASEARA,TO,ETO,0.93022,2026-01-01,2026-07-03,0
"DIVINOPOLIS DO TOCANTINS",TO,ETO,0.93022,2026-01-01,2026-07-03,0
"MARIANOPOLIS DO TOCANTINS",TO,ETO,0.93022,2026-01-01,2026-07-03,0
"MONTE SANTO DO TOCANTINS",TO,ETO,0.93022,2026-01-01,2026-07-03,0
"CHAPADA DE AREIA",TO,ETO,0.93022,2026-01-01,2026-07-03,0
CRISTALANDIA,TO,ETO,0.93022,2026-01-01,2026-07-03,0
PIUM,TO,ETO,0.93022,2026-01-01,2026-07-03,0
"BOM JESUS DO TOCANTINS",TO,ETO,0.93022,2026-01-01,2026-07-03,0
CENTENARIO,TO,ETO,0.93022,2026-01-01,2026-07-03,0
LIZARDA,TO,ETO,0.93022,2026-01-01,2026-07-03,0
"PEDRO AFONSO",TO,ETO,0.93022,2026-01-01,2026-07-03,0
RECURSOLANDIA,TO,ETO,0.93022,2026-01-01,2026-07-03,0
"RIO SONO",TO,ETO,0.93022,2026-01-01,2026-07-03,0
"SANTA MARIA DO TOCANTINS",TO,ETO,0.93022,2026-01-01,2026-07-03,0
"LAGOA DO TOCANTINS",TO,ETO,0.93022,2026-01-01,2026-07-03,0
"SANTA TEREZA DO TOCANTINS",TO,ETO,0.93022,2026-01-01,2026-07-03,0
ITAGUATINS,TO,ETO,0.93022,2026-01-01,2026-07-03,0
"MAURILANDIA DO TOCANTINS",TO,ETO,0.93022,2026-01-01,2026-07-03,0
"AXIXA DO TOCANTINS",TO,ETO,0.93022,2026-01-01,2026-07-03,0
"SAO MIGUEL DO TOCANTINS",TO,ETO,0.93022,2026-01-01,2026-07-03,0
"SITIO NOVO DO TOCANTINS",TO,ETO,0.93022,2026-01-01,2026-07-03,0
ANANAS,TO,ETO,0.93022,2026-01-01,2026-07-03,0
ANGICO,TO,ETO,0.93022,2026-01-01,2026-07-03,0
CACHOEIRINHA,TO,ETO,0.93022,2026-01-01,2026-07-03,0
LUZINOPOLIS,TO,ETO,0.93022,2026-01-01,2026-07-03,0
RIACHINHO,TO,ETO,0.93022,2026-01-01,2026-07-03,0
"SAO BENTO DO TOCANTINS",TO,ETO,0.93022,2026-01-01,2026-07-03,0
AGUIARNOPOLIS,TO,ETO,0.93022,2026-01-01,2026-07-03,0
"PALMEIRAS DO TOCANTINS",TO,ETO,0.93022,2026-01-01,2026-07-03,0
NAZARE,TO,ETO,0.93022,2026-01-01,2026-07-03,0
"SANTA TEREZINHA DO TOCANTINS",TO,ETO,0.93022,2026-01-01,2026-07-03,0
MATEIROS,TO,ETO,0.93022,2026-01-01,2026-07-03,0
"PINDORAMA DO TOCANTINS",TO,ETO,0.93022,2026-01-01,2026-07-03,0
"PONTE ALTA DO TOCANTINS",TO,ETO,0.93022,2026-01-01,2026-07-03,0
"SAO FELIX DO TOCANTINS",TO,ETO,0.93022,2026-01-01,2026-07-03,0
ARRAIAS,TO,ETO,0.93022,2026-01-01,2026-07-03,0
"AURORA DO TOCANTINS",TO,ETO,0.93022,2026-01-01,2026-07-03,0
COMBINADO,TO,ETO,0.93022,2026-01-01,2026-07-03,0
LAVANDEIRA,TO,ETO,0.93022,2026-01-01,2026-07-03,0
"NOVO ALEGRE",TO,ETO,0.93022,2026-01-01,2026-07-03,0
TUPIRAMA,TO,ETO,0.93022,2026-01-01,2026-07-03,0
"CARIRI DO TOCANTINS",TO,ETO,0.93022,2026-01-01,2026-07-03,0
"NOVA ROSALANDIA",TO,ETO,0.93022,2026-01-01,2026-07-03,0
PUGMIL,TO,ETO,0.93022,2026-01-01,2026-07-03,0
ALMAS,TO,ETO,0.93022,2026-01-01,2026-07-03,0
"CHAPADA DA NATIVIDADE",TO,ETO,0.93022,2026-01-01,2026-07-03,0
NATIVIDADE,TO,ETO,0.93022,2026-01-01,2026-07-03,0
"PORTO ALEGRE DO TOCANTINS",TO,ETO,0.93022,2026-01-01,2026-07-03,0
ECHAPORA,SP,EDEVP,,,,0
MARACAI,SP,EDEVP,,,,0
PLATINA,SP,EDEVP,,,,0
BASTOS,SP,EDEVP,,,,0
IACRI,SP,EDEVP,,,,0
IBIRAREMA,SP,EDEVP,,,,0
"RIBEIRAO DO SUL",SP,EDEVP,,,,0
"SALTO GRANDE",SP,EDEVP,,,,0
LUTECIA,SP,EDEVP,,,,0
"OSCAR BRESSANE",SP,EDEVP,,,,0
PALMITAL,SP,EDEVP,,,,0
BORA,SP,EDEVP,,,,0
"PARAGUACU PAULISTA",SP,EDEVP,,,,0
IEPE,SP,EDEVP,,,,0
NANTES,SP,EDEVP,,,,0
RANCHARIA,SP,EDEVP,,,,0
"JOAO RAMALHO",SP,EDEVP,,,,0
QUATA,SP,EDEVP,,,,0
CRUZALIA,SP,EDEVP,,,,0
FLORINEA,SP,EDEVP,,,,0
"PEDRINHAS PAULISTA",SP,EDEVP,,,,0
TARUMA,SP,EDEVP,,,,0
ARCO-IRIS,SP,EDEVP,,,,0
RINOPOLIS,SP,EDEVP,,,,0
TUPA,SP,EDEVP,,,,0
"CANDIDO MOTA",SP,EDEVP,,,,0
CUTIAS,AP,CEA,0.82515,2026-01-01,2026-12-12,0
ALHANDRA,PB,EPB,0.67565,2026-01-01,2026-08-27,0
CAAPORA,PB,EPB,0.67565,2026-01-01,2026-08-27,0
PITIMBU,PB,EPB,0.67565,2026-01-01,2026-08-27,0
CABEDELO,PB,EPB,0.67565,2026-01-01,2026-08-27,0
CONDE,PB,EPB,0.67565,2026-01-01,2026-08-27,0
GURINHEM,PB,EPB,0.67565,2026-01-01,2026-08-27,0
ITABAIANA,PB,EPB,0.67565,2026-01-01,2026-08-27,0
JURIPIRANGA,PB,EPB,0.67565,2026-01-01,2026-08-27,0
MOGEIRO,PB,EPB,0.67565,2026-01-01,2026-08-27,0
PILAR,PB,EPB,0.67565,2026-01-01,2026-08-27,0
"SALGADO DE SAO FELIX",PB,EPB,0.67565,2026-01-01,2026-08-27,0
"SAO JOSE DOS RAMOS",PB,EPB,0.67565,2026-01-01,2026-08-27,0
"SAO MIGUEL DE TAIPU",PB,EPB,0.67565,2026-01-01,2026-08-27,0
"JOAO PESSOA",PB,EPB,0.67565,2026-01-01,2026-08-27,0
LUCENA,PB,EPB,0.67565,2026-01-01,2026-08-27,0
"BAIA DA TRAICAO",PB,EPB,0.67565,2026-01-01,2026-08-27,0
ITAPOROROCA,PB,EPB,0.67565,2026-01-01,2026-08-27,0
JACARAU,PB,EPB,0.67565,2026-01-01,2026-08-27,0
MAMANGUAPE,PB,EPB,0.67565,2026-01-01,2026-08-27,0
MARCACAO,PB,EPB,0.67565,2026-01-01,2026-08-27,0
MATARACA,PB,EPB,0.67565,2026-01-01,2026-08-27,0
"PEDRO REGIS",PB,EPB,0.67565,2026-01-01,2026-08-27,0
"RIO TINTO",PB,EPB,0.67565,2026-01-01,2026-08-27,0
BAYEUX,PB,EPB,0.67565,2026-01-01,2026-08-27,0
"SANTA RITA",PB,EPB,0.67565,2026-01-01,2026-08-27,0
"CALDAS BRANDAO",PB,EPB,0.67565,2026-01-01,2026-08-27,0
CAPIM,PB,EPB,0.67565,2026-01-01,2026-08-27,0
"CRUZ DO ESPIRITO SANTO",PB,EPB,0.67565,2026-01-01,2026-08-27,0
"CUITE DE MAMANGUAPE",PB,EPB,0.67565,2026-01-01,2026-08-27,0
MARI,PB,EPB,0.67565,2026-01-01,2026-08-27,0
"RIACHAO DO POCO",PB,EPB,0.67565,2026-01-01,2026-08-27,0
SAPE,PB,EPB,0.67565,2026-01-01,2026-08-27,0
SOBRADO,PB,EPB,0.67565,2026-01-01,2026-08-27,0
ARARUNA,PB,EPB,0.67565,2026-01-01,2026-08-27,0
"CACIMBA DE DENTRO",PB,EPB,0.67565,2026-01-01,2026-08-27,0
DAMIAO,PB,EPB,0.67565,2026-01-01,2026-08-27,0
RIACHAO,PB,EPB,0.67565,2026-01-01,2026-08-27,0
TACIMA,PB,EPB,0.67565,2026-01-01,2026-08-27,0
"ALAGOA GRANDE",PB,EPB,0.67565,2026-01-01,2026-08-27,0
"ALAGOA NOVA",PB,EPB,0.67565,2026-01-01,2026-08-27,0
AREIA,PB,EPB,0.67565,2026-01-01,2026-08-27,0
"JUAREZ TAVORA",PB,EPB,0.67565,2026-01-01,2026-08-27,0
MATINHAS,PB,EPB,0.67565,2026-01-01,2026-08-27,0
MULUNGU,PB,EPB,0.67565,2026-01-01,2026-08-27,0
"SAO SEBASTIAO DE LAGOA DE ROCA",PB,EPB,0.67565,2026-01-01,2026-08-27,0
AROEIRAS,PB,EPB,0.67565,2026-01-01,2026-08-27,0
"GADO BRAVO",PB,EPB,0.67565,2026-01-01,2026-08-27,0
NATUBA,PB,EPB,0.67565,2026-01-01,2026-08-27,0
ALCANTIL,PB,EPB,0.67565,2026-01-01,2026-08-27,0
"BARRA DE SANTANA",PB,EPB,0.67565,2026-01-01,2026-08-27,1
"BARRA DE SAO MIGUEL",PB,EPB,0.67565,2026-01-01,2026-08-27,0
BOQUEIRAO,PB,EPB,0.67565,2026-01-01,2026-08-27,1
CABACEIRAS,PB,EPB,0.67565,2026-01-01,2026-08-27,0
CATURITE,PB,EPB,0.67565,2026-01-01,2026-08-27,1
"RIACHO DE SANTO ANTONIO",PB,EPB,0.67565,2026-01-01,2026-08-27,0
CAICARA,PB,EPB,0.67565,2026-01-01,2026-08-27,0
"DONA INES",PB,EPB,0.67565,2026-01-01,2026-08-27,0
"DUAS ESTRADAS",PB,EPB,0.67565,2026-01-01,2026-08-27,0
"LAGOA DE DENTRO",PB,EPB,0.67565,2026-01-01,2026-08-27,0
LOGRADOURO,PB,EPB,0.67565,2026-01-01,2026-08-27,0
"SERRA DA RAIZ",PB,EPB,0.67565,2026-01-01,2026-08-27,0
BARAUNA,PB,EPB,0.67565,2026-01-01,2026-08-27,0
"BARRA DE SANTA ROSA",PB,EPB,0.67565,2026-01-01,2026-08-27,0
CUITE,PB,EPB,0.67565,2026-01-01,2026-08-27,0
"NOVA FLORESTA",PB,EPB,0.67565,2026-01-01,2026-08-27,0
SOSSEGO,PB,EPB,0.67565,2026-01-01,2026-08-27,0
"ALGODAO DE JANDAIRA",PB,EPB,0.67565,2026-01-01,2026-08-27,0
AREIAL,PB,EPB,0.67565,2026-01-01,2026-08-27,0
ESPERANCA,PB,EPB,0.67565,2026-01-01,2026-08-27,0
MONTADAS,PB,EPB,0.67565,2026-01-01,2026-08-27,0
REMIGIO,PB,EPB,0.67565,2026-01-01,2026-08-27,0
ALAGOINHA,PB,EPB,0.67565,2026-01-01,2026-08-27,0
ARACAGI,PB,EPB,0.67565,2026-01-01,2026-08-27,0
CUITEGI,PB,EPB,0.67565,2026-01-01,2026-08-27,0
"CURRAL DE CIMA",PB,EPB,0.67565,2026-01-01,2026-08-27,0
GUARABIRA,PB,EPB,0.67565,2026-01-01,2026-08-27,0
SERTAOZINHO,PB,EPB,0.67565,2026-01-01,2026-08-27,0
INGA,PB,EPB,0.67565,2026-01-01,2026-08-27,0
ITATUBA,PB,EPB,0.67565,2026-01-01,2026-08-27,0
"RIACHAO DO BACAMARTE",PB,EPB,0.67565,2026-01-01,2026-08-27,0
"SERRA REDONDA",PB,EPB,0.67565,2026-01-01,2026-08-27,0
ASSUNCAO,PB,EPB,0.67565,2026-01-01,2026-08-27,0
JUAZEIRINHO,PB,EPB,0.67565,2026-01-01,2026-08-27,0
"JUNCO DO SERIDO",PB,EPB,0.67565,2026-01-01,2026-08-27,0
LIVRAMENTO,PB,EPB,0.67565,2026-01-01,2026-08-27,0
OLIVEDOS,PB,EPB,0.67565,2026-01-01,2026-08-27,0
PARARI,PB,EPB,0.67565,2026-01-01,2026-08-27,0
SALGADINHO,PB,EPB,0.67565,2026-01-01,2026-08-27,0
"SANTO ANDRE",PB,EPB,0.67565,2026-01-01,2026-08-27,0
SOLEDADE,PB,EPB,0.67565,2026-01-01,2026-08-27,1
TAPEROA,PB,EPB,0.67565,2026-01-01,2026-08-27,0
TENORIO,PB,EPB,0.67565,2026-01-01,2026-08-27,0
CAMALAU,PB,EPB,0.67565,2026-01-01,2026-08-27,0
MONTEIRO,PB,EPB,0.67565,2026-01-01,2026-08-27,0
CUBATI,PB,EPB,0.67565,2026-01-01,2026-08-27,0
"NOVA PALMEIRA",PB,EPB,0.67565,2026-01-01,2026-08-27,0
"PEDRA LAVRADA",PB,EPB,0.67565,2026-01-01,2026-08-27,0
"FREI MARTINHO",PB,EPB,0.67565,2026-01-01,2026-08-27,0
PICUI,PB,EPB,0.67565,2026-01-01,2026-08-27,0
ARARA,PB,EPB,0.67565,2026-01-01,2026-08-27,0
BORBOREMA,PB,EPB,0.67565,2026-01-01,2026-08-27,0
CASSERENGUE,PB,EPB,0.67565,2026-01-01,2026-08-27,0
PILOES,PB,EPB,0.67565,2026-01-01,2026-08-27,0
PILOEZINHOS,PB,EPB,0.67565,2026-01-01,2026-08-27,0
PIRPIRITUBA,PB,EPB,0.67565,2026-01-01,2026-08-27,0
SERRARIA,PB,EPB,0.67565,2026-01-01,2026-08-27,0
POCINHOS,PB,EPB,0.67565,2026-01-01,2026-08-27,0
PUXINANA,PB,EPB,0.67565,2026-01-01,2026-08-27,0
CARAUBAS,PB,EPB,0.67565,2026-01-01,2026-08-27,0
COXIXOLA,PB,EPB,0.67565,2026-01-01,2026-08-27,0
GURJAO,PB,EPB,0.67565,2026-01-01,2026-08-27,0
"SAO DOMINGOS DO CARIRI",PB,EPB,0.67565,2026-01-01,2026-08-27,0
"SAO JOAO DO CARIRI",PB,EPB,0.67565,2026-01-01,2026-08-27,0
"SAO JOSE DOS CORDEIROS",PB,EPB,0.67565,2026-01-01,2026-08-27,0
"SAO JOAO DO TIGRE",PB,EPB,0.67565,2026-01-01,2026-08-27,0
"SAO SEBASTIAO DO UMBUZEIRO",PB,EPB,0.67565,2026-01-01,2026-08-27,0
ZABELE,PB,EPB,0.67565,2026-01-01,2026-08-27,0
BANANEIRAS,PB,EPB,0.67565,2026-01-01,2026-08-27,0
BELEM,PB,EPB,0.67565,2026-01-01,2026-08-27,0
SOLANEA,PB,EPB,0.67565,2026-01-01,2026-08-27,0
AMPARO,PB,EPB,0.67565,2026-01-01,2026-08-27,0
CONGO,PB,EPB,0.67565,2026-01-01,2026-08-27,0
"OURO VELHO",PB,EPB,0.67565,2026-01-01,2026-08-27,0
PRATA,PB,EPB,0.67565,2026-01-01,2026-08-27,0
SUME,PB,EPB,0.67565,2026-01-01,2026-08-27,0
"SANTA CECILIA",PB,EPB,0.67565,2026-01-01,2026-08-27,0
UMBUZEIRO,PB,EPB,0.67565,2026-01-01,2026-08-27,0
"BONITO DE SANTA FE",PB,EPB,0.67565,2026-01-01,2026-08-27,0
"MONTE HOREBE",PB,EPB,0.67565,2026-01-01,2026-08-27,0
"SAO JOSE DE CAIANA",PB,EPB,0.67565,2026-01-01,2026-08-27,0
"SERRA GRANDE",PB,EPB,0.67565,2026-01-01,2026-08-27,0
"BELEM DO BREJO DO CRUZ",PB,EPB,0.67565,2026-01-01,2026-08-27,0
"BREJO DO CRUZ",PB,EPB,0.67565,2026-01-01,2026-08-27,0
"SAO BENTO",PB,EPB,0.67565,2026-01-01,2026-08-27,0
"SAO JOSE DO BREJO DO CRUZ",PB,EPB,0.67565,2026-01-01,2026-08-27,0
"BOM JESUS",PB,EPB,0.67565,2026-01-01,2026-08-27,0
"CACHOEIRA DOS INDIOS",PB,EPB,0.67565,2026-01-01,2026-08-27,0
CAJAZEIRAS,PB,EPB,0.67565,2026-01-01,2026-08-27,0
CARRAPATEIRA,PB,EPB,0.67565,2026-01-01,2026-08-27,0
"SAO JOSE DE PIRANHAS",PB,EPB,0.67565,2026-01-01,2026-08-27,0
"BOM SUCESSO",PB,EPB,0.67565,2026-01-01,2026-08-27,0
"BREJO DOS SANTOS",PB,EPB,0.67565,2026-01-01,2026-08-27,0
"CATOLE DO ROCHA",PB,EPB,0.67565,2026-01-01,2026-08-27,0
JERICO,PB,EPB,0.67565,2026-01-01,2026-08-27,0
"MATO GROSSO",PB,EPB,0.67565,2026-01-01,2026-08-27,0
PAULISTA,PB,EPB,0.67565,2026-01-01,2026-08-27,0
"RIACHO DOS CAVALOS",PB,EPB,0.67565,2026-01-01,2026-08-27,0
CATINGUEIRA,PB,EPB,0.67565,2026-01-01,2026-08-27,0
COREMAS,PB,EPB,0.67565,2026-01-01,2026-08-27,0
EMAS,PB,EPB,0.67565,2026-01-01,2026-08-27,0
CONCEICAO,PB,EPB,0.67565,2026-01-01,2026-08-27,0
"CURRAL VELHO",PB,EPB,0.67565,2026-01-01,2026-08-27,0
DIAMANTE,PB,EPB,0.67565,2026-01-01,2026-08-27,0
IBIARA,PB,EPB,0.67565,2026-01-01,2026-08-27,0
"SANTA INES",PB,EPB,0.67565,2026-01-01,2026-08-27,0
"SANTANA DE MANGUEIRA",PB,EPB,0.67565,2026-01-01,2026-08-27,0
"AGUA BRANCA",PB,EPB,0.67565,2026-01-01,2026-08-27,0
"BOA VENTURA",PB,EPB,0.67565,2026-01-01,2026-08-27,0
ITAPORANGA,PB,EPB,0.67565,2026-01-01,2026-08-27,0
"NOVA OLINDA",PB,EPB,0.67565,2026-01-01,2026-08-27,0
"PEDRA BRANCA",PB,EPB,0.67565,2026-01-01,2026-08-27,0
"AREIA DE BARAUNAS",PB,EPB,0.67565,2026-01-01,2026-08-27,0
"CACIMBA DE AREIA",PB,EPB,0.67565,2026-01-01,2026-08-27,0
CONDADO,PB,EPB,0.67565,2026-01-01,2026-08-27,0
"VISTA SERRANA",PB,EPB,0.67565,2026-01-01,2026-08-27,0
MALTA,PB,EPB,0.67565,2026-01-01,2026-08-27,0
PASSAGEM,PB,EPB,0.67565,2026-01-01,2026-08-27,0
PATOS,PB,EPB,0.67565,2026-01-01,2026-08-27,0
QUIXABA,PB,EPB,0.67565,2026-01-01,2026-08-27,0
"SANTA TERESINHA",PB,EPB,0.67565,2026-01-01,2026-08-27,0
"SAO JOSE DE ESPINHARAS",PB,EPB,0.67565,2026-01-01,2026-08-27,0
AGUIAR,PB,EPB,0.67565,2026-01-01,2026-08-27,0
IGARACY,PB,EPB,0.67565,2026-01-01,2026-08-27,0
"OLHO D'AGUA",PB,EPB,0.67565,2026-01-01,2026-08-27,0
PIANCO,PB,EPB,0.67565,2026-01-01,2026-08-27,0
"SANTANA DOS GARROTES",PB,EPB,0.67565,2026-01-01,2026-08-27,0
CAJAZEIRINHAS,PB,EPB,0.67565,2026-01-01,2026-08-27,0
POMBAL,PB,EPB,0.67565,2026-01-01,2026-08-27,0
"SAO BENTINHO",PB,EPB,0.67565,2026-01-01,2026-08-27,0
JURU,PB,EPB,0.67565,2026-01-01,2026-08-27,0
MANAIRA,PB,EPB,0.67565,2026-01-01,2026-08-27,0
"PRINCESA ISABEL",PB,EPB,0.67565,2026-01-01,2026-08-27,0
"SAO JOSE DE PRINCESA",PB,EPB,0.67565,2026-01-01,2026-08-27,0
TAVARES,PB,EPB,0.67565,2026-01-01,2026-08-27,0
"SAO JOAO DO RIO DO PEIXE",PB,EPB,0.67565,2026-01-01,2026-08-27,0
"BERNARDINO BATISTA",PB,EPB,0.67565,2026-01-01,2026-08-27,0
"POCO DE JOSE DE MOURA",PB,EPB,0.67565,2026-01-01,2026-08-27,0
"SANTA HELENA",PB,EPB,0.67565,2026-01-01,2026-08-27,0
TRIUNFO,PB,EPB,0.67565,2026-01-01,2026-08-27,1
"SANTA LUZIA",PB,EPB,0.67565,2026-01-01,2026-08-27,0
"SAO JOSE DO SABUGI",PB,EPB,0.67565,2026-01-01,2026-08-27,0
"SAO MAMEDE",PB,EPB,0.67565,2026-01-01,2026-08-27,0
VARZEA,PB,EPB,0.67565,2026-01-01,2026-08-27,0
APARECIDA,PB,EPB,0.67565,2026-01-01,2026-08-27,0
LAGOA,PB,EPB,0.67565,2026-01-01,2026-08-27,0
LASTRO,PB,EPB,0.67565,2026-01-01,2026-08-27,0
MARIZOPOLIS,PB,EPB,0.67565,2026-01-01,2026-08-27,0
NAZAREZINHO,PB,EPB,0.67565,2026-01-01,2026-08-27,0
"SANTA CRUZ",PB,EPB,0.67565,2026-01-01,2026-08-27,0
"SAO DOMINGOS",PB,EPB,0.67565,2026-01-01,2026-08-27,0
"SAO FRANCISCO",PB,EPB,0.67565,2026-01-01,2026-08-27,0
"SAO JOSE DA LAGOA TAPADA",PB,EPB,0.67565,2026-01-01,2026-08-27,0
SOUSA,PB,EPB,0.67565,2026-01-01,2026-08-27,0
VIEIROPOLIS,PB,EPB,0.67565,2026-01-01,2026-08-27,0
CACIMBAS,PB,EPB,0.67565,2026-01-01,2026-08-27,0
DESTERRO,PB,EPB,0.67565,2026-01-01,2026-08-27,0
"MAE D'AGUA",PB,EPB,0.67565,2026-01-01,2026-08-27,0
MATUREIA,PB,EPB,0.67565,2026-01-01,2026-08-27,0
"SAO JOSE DO BONFIM",PB,EPB,0.67565,2026-01-01,2026-08-27,0
TEIXEIRA,PB,EPB,0.67565,2026-01-01,2026-08-27,0
"POCO DANTAS",PB,EPB,0.67565,2026-01-01,2026-08-27,0
"JOCA CLAUDINO",PB,EPB,0.67565,2026-01-01,2026-08-27,0
UIRAUNA,PB,EPB,0.67565,2026-01-01,2026-08-27,0
"CONQUISTA D'OESTE",MT,EMT,0.89942,2026-04-08,2027-04-07,0
"CAMPO MAGRO",PR,COPEL-DIS,0.64242,2026-01-01,2026-06-23,0
CURITIBA,PR,COPEL-DIS,0.64242,2026-01-01,2026-06-23,0
ANTONINA,PR,COPEL-DIS,0.64242,2026-01-01,2026-06-23,0
GUARAQUECABA,PR,COPEL-DIS,0.64242,2026-01-01,2026-06-23,0
MORRETES,PR,COPEL-DIS,0.64242,2026-01-01,2026-06-23,0
APUCARANA,PR,COPEL-DIS,0.64242,2026-01-01,2026-06-23,0
"BOM SUCESSO",PR,COPEL-DIS,0.64242,2026-01-01,2026-06-23,0
BORRAZOPOLIS,PR,COPEL-DIS,0.64242,2026-01-01,2026-06-23,0
CALIFORNIA,PR,COPEL-DIS,0.64242,2026-01-01,2026-06-23,0
CAMBIRA,PR,COPEL-DIS,0.64242,2026-01-01,2026-06-23,0
"JANDAIA DO SUL",PR,COPEL-DIS,0.64242,2026-01-01,2026-06-23,0
KALORE,PR,COPEL-DIS,0.64242,2026-01-01,2026-06-23,0
"MARILANDIA DO SUL",PR,COPEL-DIS,0.64242,2026-01-01,2026-06-23,0
MARUMBI,PR,COPEL-DIS,0.64242,2026-01-01,2026-06-23,0
"SAO PEDRO DO IVAI",PR,COPEL-DIS,0.64242,2026-01-01,2026-06-23,0
ANGULO,PR,COPEL-DIS,0.64242,2026-01-01,2026-06-23,0
ARAPONGAS,PR,COPEL-DIS,0.64242,2026-01-01,2026-06-23,0
ASTORGA,PR,COPEL-DIS,0.64242,2026-01-01,2026-06-23,0
FLORIDA,PR,COPEL-DIS,0.64242,2026-01-01,2026-06-23,0
IGUARACU,PR,COPEL-DIS,0.64242,2026-01-01,2026-06-23,0
LOBATO,PR,COPEL-DIS,0.64242,2026-01-01,2026-06-23,0
"MUNHOZ DE MELO",PR,COPEL-DIS,0.64242,2026-01-01,2026-06-23,0
PITANGUEIRAS,PR,COPEL-DIS,0.64242,2026-01-01,2026-06-23,0
SABAUDIA,PR,COPEL-DIS,0.64242,2026-01-01,2026-06-23,0
"SANTA FE",PR,COPEL-DIS,0.64242,2026-01-01,2026-06-23,0
ABATIA,PR,COPEL-DIS,0.64242,2026-01-01,2026-06-23,0
ANDIRA,PR,COPEL-DIS,0.64242,2026-01-01,2026-06-23,0
BANDEIRANTES,PR,COPEL-DIS,0.64242,2026-01-01,2026-06-23,0
CAMBARA,PR,COPEL-DIS,0.64242,2026-01-01,2026-06-23,0
ITAMBARACA,PR,COPEL-DIS,0.64242,2026-01-01,2026-06-23,0
"SANTA AMELIA",PR,COPEL-DIS,0.64242,2026-01-01,2026-06-23,0
ANAHY,PR,COPEL-DIS,0.64242,2026-01-01,2026-06-23,0
"BOA VISTA DA APARECIDA",PR,COPEL-DIS,0.64242,2026-01-01,2026-06-23,0
BRAGANEY,PR,COPEL-DIS,0.64242,2026-01-01,2026-06-23,0
CAFELANDIA,PR,COPEL-DIS,0.64242,2026-01-01,2026-06-23,0
"CAMPO BONITO",PR,COPEL-DIS,0.64242,2026-01-01,2026-06-23,0
"CAPITAO LEONIDAS MARQUES",PR,COPEL-DIS,0.64242,2026-01-01,2026-06-23,0
CASCAVEL,PR,COPEL-DIS,0.64242,2026-01-01,2026-06-23,0
CATANDUVAS,PR,COPEL-DIS,0.64242,2026-01-01,2026-06-23,0
CORBELIA,PR,COPEL-DIS,0.64242,2026-01-01,2026-06-23,0
"DIAMANTE DO SUL",PR,COPEL-DIS,0.64242,2026-01-01,2026-06-23,0
GUARANIACU,PR,COPEL-DIS,0.64242,2026-01-01,2026-06-23,0
IBEMA,PR,COPEL-DIS,0.64242,2026-01-01,2026-06-23,0
IGUATU,PR,COPEL-DIS,0.64242,2026-01-01,2026-06-23,0
LINDOESTE,PR,COPEL-DIS,0.64242,2026-01-01,2026-06-23,0
"NOVA AURORA",PR,COPEL-DIS,0.64242,2026-01-01,2026-06-23,0
"SANTA LUCIA",PR,COPEL-DIS,0.64242,2026-01-01,2026-06-23,0
"SANTA TEREZA DO OESTE",PR,COPEL-DIS,0.64242,2026-01-01,2026-06-23,0
CASTRO,PR,COPEL-DIS,0.64242,2026-01-01,2026-06-23,0
"PIRAI DO SUL",PR,COPEL-DIS,0.64242,2026-01-01,2026-06-23,1
ARAUCARIA,PR,COPEL-DIS,0.64242,2026-01-01,2026-06-23,0
"BALSA NOVA",PR,COPEL-DIS,0.64242,2026-01-01,2026-06-23,0
CONTENDA,PR,COPEL-DIS,0.64242,2026-01-01,2026-06-23,0
"ALVORADA DO SUL",PR,COPEL-DIS,0.64242,2026-01-01,2026-06-23,0
"BELA VISTA DO PARAISO",PR,COPEL-DIS,0.64242,2026-01-01,2026-06-23,0
CAMBE,PR,COPEL-DIS,0.64242,2026-01-01,2026-06-23,0
"PRIMEIRO DE MAIO",PR,COPEL-DIS,0.64242,2026-01-01,2026-06-23,0
SERTANOPOLIS,PR,COPEL-DIS,0.64242,2026-01-01,2026-06-23,0
ARARUNA,PR,COPEL-DIS,0.64242,2026-01-01,2026-06-23,0
"BARBOSA FERRAZ",PR,COPEL-DIS,0.64242,2026-01-01,2026-06-23,0
"CAMPO MOURAO",PR,COPEL-DIS,0.64242,2026-01-01,2026-06-23,0
"CORUMBATAI DO SUL",PR,COPEL-DIS,0.64242,2026-01-01,2026-06-23,0
"ENGENHEIRO BELTRAO",PR,COPEL-DIS,0.64242,2026-01-01,2026-06-23,0
FAROL,PR,COPEL-DIS,0.64242,2026-01-01,2026-06-23,0
FENIX,PR,COPEL-DIS,0.64242,2026-01-01,2026-06-23,0
MAMBORE,PR,COPEL-DIS,0.64242,2026-01-01,2026-06-23,0
PEABIRU,PR,COPEL-DIS,0.64242,2026-01-01,2026-06-23,0
"QUINTA DO SOL",PR,COPEL-DIS,0.64242,2026-01-01,2026-06-23,0
"ASSIS CHATEAUBRIAND",PR,COPEL-DIS,0.64242,2026-01-01,2026-06-23,0
"FORMOSA DO OESTE",PR,COPEL-DIS,0.64242,2026-01-01,2026-06-23,0
"IRACEMA DO OESTE",PR,COPEL-DIS,0.64242,2026-01-01,2026-06-23,0
JESUITAS,PR,COPEL-DIS,0.64242,2026-01-01,2026-06-23,0
MARIPA,PR,COPEL-DIS,0.64242,2026-01-01,2026-06-23,0
PALOTINA,PR,COPEL-DIS,0.64242,2026-01-01,2026-06-23,0
TUPASSI,PR,COPEL-DIS,0.64242,2026-01-01,2026-06-23,0
CAFEARA,PR,COPEL-DIS,0.64242,2026-01-01,2026-06-23,0
"CENTENARIO DO SUL",PR,COPEL-DIS,0.64242,2026-01-01,2026-06-23,0
FLORESTOPOLIS,PR,COPEL-DIS,0.64242,2026-01-01,2026-06-23,0
GUARACI,PR,COPEL-DIS,0.64242,2026-01-01,2026-06-23,0
LUPIONOPOLIS,PR,COPEL-DIS,0.64242,2026-01-01,2026-06-23,0
MIRASELVA,PR,COPEL-DIS,0.64242,2026-01-01,2026-06-23,0
"NOSSA SENHORA DAS GRACAS",PR,COPEL-DIS,0.64242,2026-01-01,2026-06-23,0
PORECATU,PR,COPEL-DIS,0.64242,2026-01-01,2026-06-23,0
"PRADO FERREIRA",PR,COPEL-DIS,0.64242,2026-01-01,2026-06-23,0
"SANTO INACIO",PR,COPEL-DIS,0.64242,2026-01-01,2026-06-23,0
CANDOI,PR,COPEL-DIS,0.64242,2026-01-01,2026-06-23,0
CHOPINZINHO,PR,COPEL-DIS,0.64242,2026-01-01,2026-06-23,0
"FOZ DO JORDAO",PR,COPEL-DIS,0.64242,2026-01-01,2026-06-23,0
"HONORIO SERPA",PR,COPEL-DIS,0.64242,2026-01-01,2026-06-23,0
MANGUEIRINHA,PR,COPEL-DIS,0.64242,2026-01-01,2026-06-23,0
"RESERVA DO IGUACU",PR,COPEL-DIS,0.64242,2026-01-01,2026-06-23,0
"SAO JOAO",PR,COPEL-DIS,0.64242,2026-01-01,2026-06-23,0
"SAUDADE DO IGUACU",PR,COPEL-DIS,0.64242,2026-01-01,2026-06-23,0
SULINA,PR,COPEL-DIS,0.64242,2026-01-01,2026-06-23,0
CIANORTE,PR,COPEL-DIS,0.64242,2026-01-01,2026-06-23,0
INDIANOPOLIS,PR,COPEL-DIS,0.64242,2026-01-01,2026-06-23,0
JAPURA,PR,COPEL-DIS,0.64242,2026-01-01,2026-06-23,0
JUSSARA,PR,COPEL-DIS,0.64242,2026-01-01,2026-06-23,0
"SAO MANOEL DO PARANA",PR,COPEL-DIS,0.64242,2026-01-01,2026-06-23,0
"SAO TOME",PR,COPEL-DIS,0.64242,2026-01-01,2026-06-23,0
TAPEJARA,PR,COPEL-DIS,0.64242,2026-01-01,2026-06-23,1
"TERRA BOA",PR,COPEL-DIS,0.64242,2026-01-01,2026-06-23,0
"CIDADE GAUCHA",PR,COPEL-DIS,0.64242,2026-01-01,2026-06-23,0
GUAPOREMA,PR,COPEL-DIS,0.64242,2026-01-01,2026-06-23,0
"NOVA OLIMPIA",PR,COPEL-DIS,0.64242,2026-01-01,2026-06-23,0
RONDON,PR,COPEL-DIS,0.64242,2026-01-01,2026-06-23,0
TAPIRA,PR,COPEL-DIS,0.64242,2026-01-01,2026-06-23,0
ADRIANOPOLIS,PR,COPEL-DIS,0.64242,2026-01-01,2026-06-23,0
"BOCAIUVA DO SUL",PR,COPEL-DIS,0.64242,2026-01-01,2026-06-23,0
"CERRO AZUL",PR,COPEL-DIS,0.64242,2026-01-01,2026-06-23,0
COLOMBO,PR,COPEL-DIS,0.64242,2026-01-01,2026-06-23,0
"TUNAS DO PARANA",PR,COPEL-DIS,0.64242,2026-01-01,2026-06-23,0
ASSAI,PR,COPEL-DIS,0.64242,2026-01-01,2026-06-23,0
CONGONHINHAS,PR,COPEL-DIS,0.64242,2026-01-01,2026-06-23,0
"CORNELIO PROCOPIO",PR,COPEL-DIS,0.64242,2026-01-01,2026-06-23,0
LEOPOLIS,PR,COPEL-DIS,0.64242,2026-01-01,2026-06-23,0
"NOVA AMERICA DA COLINA",PR,COPEL-DIS,0.64242,2026-01-01,2026-06-23,0
"NOVA FATIMA",PR,COPEL-DIS,0.64242,2026-01-01,2026-06-23,0
"NOVA SANTA BARBARA",PR,COPEL-DIS,0.64242,2026-01-01,2026-06-23,0
"RANCHO ALEGRE",PR,COPEL-DIS,0.64242,2026-01-01,2026-06-23,0
"SANTA CECILIA DO PAVAO",PR,COPEL-DIS,0.64242,2026-01-01,2026-06-23,0
"SANTA MARIANA",PR,COPEL-DIS,0.64242,2026-01-01,2026-06-23,0
"SANTO ANTONIO DO PARAISO",PR,COPEL-DIS,0.64242,2026-01-01,2026-06-23,0
"SAO JERONIMO DA SERRA",PR,COPEL-DIS,0.64242,2026-01-01,2026-06-23,0
"SAO SEBASTIAO DA AMOREIRA",PR,COPEL-DIS,0.64242,2026-01-01,2026-06-23,0
SERTANEJA,PR,COPEL-DIS,0.64242,2026-01-01,2026-06-23,0
URAI,PR,COPEL-DIS,0.64242,2026-01-01,2026-06-23,0
BITURUNA,PR,COPEL-DIS,0.64242,2026-01-01,2026-06-23,0
"CRUZ MACHADO",PR,COPEL-DIS,0.64242,2026-01-01,2026-06-23,0
"GENERAL CARNEIRO",PR,COPEL-DIS,0.64242,2026-01-01,2026-06-23,0
MALLET,PR,COPEL-DIS,0.64242,2026-01-01,2026-06-23,0
"PAULA FREITAS",PR,COPEL-DIS,0.64242,2026-01-01,2026-06-23,0
"PAULO FRONTIN",PR,COPEL-DIS,0.64242,2026-01-01,2026-06-23,0
"PORTO VITORIA",PR,COPEL-DIS,0.64242,2026-01-01,2026-06-23,0
"UNIAO DA VITORIA",PR,COPEL-DIS,0.64242,2026-01-01,2026-06-23,0
"ALTO PIQUIRI",PR,COPEL-DIS,0.64242,2026-01-01,2026-06-23,0
"BRASILANDIA DO SUL",PR,COPEL-DIS,0.64242,2026-01-01,2026-06-23,0
"CAFEZAL DO SUL",PR,COPEL-DIS,0.64242,2026-01-01,2026-06-23,0
"CRUZEIRO DO OESTE",PR,COPEL-DIS,0.64242,2026-01-01,2026-06-23,0
DOURADINA,PR,COPEL-DIS,0.64242,2026-01-01,2026-06-23,0
ICARAIMA,PR,COPEL-DIS,0.64242,2026-01-01,2026-06-23,0
IVATE,PR,COPEL-DIS,0.64242,2026-01-01,2026-06-23,0
"MARIA HELENA",PR,COPEL-DIS,0.64242,2026-01-01,2026-06-23,0
PEROBAL,PR,COPEL-DIS,0.64242,2026-01-01,2026-06-23,0
UMUARAMA,PR,COPEL-DIS,0.64242,2026-01-01,2026-06-23,0
"ALTO PARAISO",PR,COPEL-DIS,0.64242,2026-01-01,2026-06-23,0
XAMBRE,PR,COPEL-DIS,0.64242,2026-01-01,2026-06-23,0
"BOA ESPERANCA DO IGUACU",PR,COPEL-DIS,0.64242,2026-01-01,2026-06-23,0
"CRUZEIRO DO IGUACU",PR,COPEL-DIS,0.64242,2026-01-01,2026-06-23,0
"DOIS VIZINHOS",PR,COPEL-DIS,0.64242,2026-01-01,2026-06-23,0
"NOVA PRATA DO IGUACU",PR,COPEL-DIS,0.64242,2026-01-01,2026-06-23,0
"SAO JORGE D'OESTE",PR,COPEL-DIS,0.64242,2026-01-01,2026-06-23,0
VERE,PR,COPEL-DIS,0.64242,2026-01-01,2026-06-23,0
"AGUDOS DO SUL",PR,COPEL-DIS,0.64242,2026-01-01,2026-06-23,0
"FAZENDA RIO GRANDE",PR,COPEL-DIS,0.64242,2026-01-01,2026-06-23,0
MANDIRITUBA,PR,COPEL-DIS,0.64242,2026-01-01,2026-06-23,0
PIEN,PR,COPEL-DIS,0.64242,2026-01-01,2026-06-23,0
QUITANDINHA,PR,COPEL-DIS,0.64242,2026-01-01,2026-06-23,0
CRUZMALTINA,PR,COPEL-DIS,0.64242,2026-01-01,2026-06-23,0
FAXINAL,PR,COPEL-DIS,0.64242,2026-01-01,2026-06-23,0
"GRANDES RIOS",PR,COPEL-DIS,0.64242,2026-01-01,2026-06-23,0
"MAUA DA SERRA",PR,COPEL-DIS,0.64242,2026-01-01,2026-06-23,0
"NOVO ITACOLOMI",PR,COPEL-DIS,0.64242,2026-01-01,2026-06-23,0
"RIO BOM",PR,COPEL-DIS,0.64242,2026-01-01,2026-06-23,0
"RIO BRANCO DO IVAI",PR,COPEL-DIS,0.64242,2026-01-01,2026-06-23,0
"ROSARIO DO IVAI",PR,COPEL-DIS,0.64242,2026-01-01,2026-06-23,0
"FOZ DO IGUACU",PR,COPEL-DIS,0.64242,2026-01-01,2026-06-23,0
"SANTA TEREZINHA DE ITAIPU",PR,COPEL-DIS,0.64242,2026-01-01,2026-06-23,0
"BOA VENTURA DE SAO ROQUE",PR,COPEL-DIS,0.64242,2026-01-01,2026-06-23,0
PINHAO,PR,COPEL-DIS,0.64242,2026-01-01,2026-06-23,0
TURVO,PR,COPEL-DIS,0.64242,2026-01-01,2026-06-23,0
ALTONIA,PR,COPEL-DIS,0.64242,2026-01-01,2026-06-23,0
"ESPERANCA NOVA",PR,COPEL-DIS,0.64242,2026-01-01,2026-06-23,0
"FRANCISCO ALVES",PR,COPEL-DIS,0.64242,2026-01-01,2026-06-23,0
IPORA,PR,COPEL-DIS,0.64242,2026-01-01,2026-06-23,0
PEROLA,PR,COPEL-DIS,0.64242,2026-01-01,2026-06-23,0
"SAO JORGE DO PATROCINIO",PR,COPEL-DIS,0.64242,2026-01-01,2026-06-23,0
"FERNANDES PINHEIRO",PR,COPEL-DIS,0.64242,2026-01-01,2026-06-23,0
IMBITUVA,PR,COPEL-DIS,0.64242,2026-01-01,2026-06-23,0
"INACIO MARTINS",PR,COPEL-DIS,0.64242,2026-01-01,2026-06-23,0
IRATI,PR,COPEL-DIS,0.64242,2026-01-01,2026-06-23,0
IVAI,PR,COPEL-DIS,0.64242,2026-01-01,2026-06-23,0
REBOUCAS,PR,COPEL-DIS,0.64242,2026-01-01,2026-06-23,0
"RIO AZUL",PR,COPEL-DIS,0.64242,2026-01-01,2026-06-23,0
"TEIXEIRA SOARES",PR,COPEL-DIS,0.64242,2026-01-01,2026-06-23,0
BARRACAO,PR,COPEL-DIS,0.64242,2026-01-01,2026-06-23,0
"ENEAS MARQUES",PR,COPEL-DIS,0.64242,2026-01-01,2026-06-23,0
"FLOR DA SERRA DO SUL",PR,COPEL-DIS,0.64242,2026-01-01,2026-06-23,0
"FRANCISCO BELTRAO",PR,COPEL-DIS,0.64242,2026-01-01,2026-06-23,0
MANFRINOPOLIS,PR,COPEL-DIS,0.64242,2026-01-01,2026-06-23,0
MARMELEIRO,PR,COPEL-DIS,0.64242,2026-01-01,2026-06-23,0
"NOVA ESPERANCA DO SUDOESTE",PR,COPEL-DIS,0.64242,2026-01-01,2026-06-23,0
"PINHAL DE SAO BENTO",PR,COPEL-DIS,0.64242,2026-01-01,2026-06-23,0
RENASCENCA,PR,COPEL-DIS,0.64242,2026-01-01,2026-06-23,0
"SALGADO FILHO",PR,COPEL-DIS,0.64242,2026-01-01,2026-06-23,0
"BOA ESPERANCA",PR,COPEL-DIS,0.64242,2026-01-01,2026-06-23,0
GOIOERE,PR,COPEL-DIS,0.64242,2026-01-01,2026-06-23,0
JANIOPOLIS,PR,COPEL-DIS,0.64242,2026-01-01,2026-06-23,0
MARILUZ,PR,COPEL-DIS,0.64242,2026-01-01,2026-06-23,0
"MOREIRA SALES",PR,COPEL-DIS,0.64242,2026-01-01,2026-06-23,0
"QUARTO CENTENARIO",PR,COPEL-DIS,0.64242,2026-01-01,2026-06-23,0
"RANCHO ALEGRE D'OESTE",PR,COPEL-DIS,0.64242,2026-01-01,2026-06-23,0
ARAPUA,PR,COPEL-DIS,0.64242,2026-01-01,2026-06-23,0
"ARIRANHA DO IVAI",PR,COPEL-DIS,0.64242,2026-01-01,2026-06-23,0
"CANDIDO DE ABREU",PR,COPEL-DIS,0.64242,2026-01-01,2026-06-23,0
"GODOY MOREIRA",PR,COPEL-DIS,0.64242,2026-01-01,2026-06-23,0
IVAIPORA,PR,COPEL-DIS,0.64242,2026-01-01,2026-06-23,0
"JARDIM ALEGRE",PR,COPEL-DIS,0.64242,2026-01-01,2026-06-23,0
LIDIANOPOLIS,PR,COPEL-DIS,0.64242,2026-01-01,2026-06-23,0
LUNARDELLI,PR,COPEL-DIS,0.64242,2026-01-01,2026-06-23,0
"MANOEL RIBAS",PR,COPEL-DIS,0.64242,2026-01-01,2026-06-23,0
"SAO JOAO DO IVAI",PR,COPEL-DIS,0.64242,2026-01-01,2026-06-23,0
ARAPOTI,PR,COPEL-DIS,0.64242,2026-01-01,2026-06-23,1
JAGUARIAIVA,PR,COPEL-DIS,0.64242,2026-01-01,2026-06-23,1
SENGES,PR,COPEL-DIS,0.64242,2026-01-01,2026-06-23,0
"DOUTOR ULYSSES",PR,COPEL-DIS,0.64242,2026-01-01,2026-06-23,0
"CAMPO DO TENENTE",PR,COPEL-DIS,0.64242,2026-01-01,2026-06-23,0
LAPA,PR,COPEL-DIS,0.64242,2026-01-01,2026-06-23,0
CANTAGALO,PR,COPEL-DIS,0.64242,2026-01-01,2026-06-23,0
"ESPIGAO ALTO DO IGUACU",PR,COPEL-DIS,0.64242,2026-01-01,2026-06-23,0
GOIOXIM,PR,COPEL-DIS,0.64242,2026-01-01,2026-06-23,0
"LARANJEIRAS DO SUL",PR,COPEL-DIS,0.64242,2026-01-01,2026-06-23,0
MARQUINHO,PR,COPEL-DIS,0.64242,2026-01-01,2026-06-23,0
"NOVA LARANJEIRAS",PR,COPEL-DIS,0.64242,2026-01-01,2026-06-23,0
"PORTO BARREIRO",PR,COPEL-DIS,0.64242,2026-01-01,2026-06-23,0
"QUEDAS DO IGUACU",PR,COPEL-DIS,0.64242,2026-01-01,2026-06-23,0
"RIO BONITO DO IGUACU",PR,COPEL-DIS,0.64242,2026-01-01,2026-06-23,0
"TRES BARRAS DO PARANA",PR,COPEL-DIS,0.64242,2026-01-01,2026-06-23,0
VIRMOND,PR,COPEL-DIS,0.64242,2026-01-01,2026-06-23,0
"DIAMANTE DO NORTE",PR,COPEL-DIS,0.64242,2026-01-01,2026-06-23,0
"ITAUNA DO SUL",PR,COPEL-DIS,0.64242,2026-01-01,2026-06-23,0
LOANDA,PR,COPEL-DIS,0.64242,2026-01-01,2026-06-23,0
MARILENA,PR,COPEL-DIS,0.64242,2026-01-01,2026-06-23,0
"NOVA LONDRINA",PR,COPEL-DIS,0.64242,2026-01-01,2026-06-23,0
"PORTO RICO",PR,COPEL-DIS,0.64242,2026-01-01,2026-06-23,0
"QUERENCIA DO NORTE",PR,COPEL-DIS,0.64242,2026-01-01,2026-06-23,0
"SANTA CRUZ DE MONTE CASTELO",PR,COPEL-DIS,0.64242,2026-01-01,2026-06-23,0
"SANTA ISABEL DO IVAI",PR,COPEL-DIS,0.64242,2026-01-01,2026-06-23,0
"SANTA MONICA",PR,COPEL-DIS,0.64242,2026-01-01,2026-06-23,0
"SAO PEDRO DO PARANA",PR,COPEL-DIS,0.64242,2026-01-01,2026-06-23,0
"TERRA RICA",PR,COPEL-DIS,0.64242,2026-01-01,2026-06-23,0
IBIPORA,PR,COPEL-DIS,0.64242,2026-01-01,2026-06-23,0
JATAIZINHO,PR,COPEL-DIS,0.64242,2026-01-01,2026-06-23,0
TAMARANA,PR,COPEL-DIS,0.64242,2026-01-01,2026-06-23,0
MANDAGUARI,PR,COPEL-DIS,0.64242,2026-01-01,2026-06-23,0
MARIALVA,PR,COPEL-DIS,0.64242,2026-01-01,2026-06-23,0
"ENTRE RIOS DO OESTE",PR,COPEL-DIS,0.64242,2026-01-01,2026-06-23,0
GUAIRA,PR,COPEL-DIS,0.64242,2026-01-01,2026-06-23,0
"MARECHAL CANDIDO RONDON",PR,COPEL-DIS,0.64242,2026-01-01,2026-06-23,0
MERCEDES,PR,COPEL-DIS,0.64242,2026-01-01,2026-06-23,0
"NOVA SANTA ROSA",PR,COPEL-DIS,0.64242,2026-01-01,2026-06-23,0
"PATO BRAGADO",PR,COPEL-DIS,0.64242,2026-01-01,2026-06-23,0
"QUATRO PONTES",PR,COPEL-DIS,0.64242,2026-01-01,2026-06-23,0
"TERRA ROXA",PR,COPEL-DIS,0.64242,2026-01-01,2026-06-23,0
MANDAGUACU,PR,COPEL-DIS,0.64242,2026-01-01,2026-06-23,0
MARINGA,PR,COPEL-DIS,0.64242,2026-01-01,2026-06-23,0
OURIZONA,PR,COPEL-DIS,0.64242,2026-01-01,2026-06-23,0
"PRESIDENTE CASTELO BRANCO",PR,COPEL-DIS,0.64242,2026-01-01,2026-06-23,0
"SAO JORGE DO IVAI",PR,COPEL-DIS,0.64242,2026-01-01,2026-06-23,0
"CEU AZUL",PR,COPEL-DIS,0.64242,2026-01-01,2026-06-23,0
"DIAMANTE D'OESTE",PR,COPEL-DIS,0.64242,2026-01-01,2026-06-23,0
ITAIPULANDIA,PR,COPEL-DIS,0.64242,2026-01-01,2026-06-23,0
MATELANDIA,PR,COPEL-DIS,0.64242,2026-01-01,2026-06-23,0
MEDIANEIRA,PR,COPEL-DIS,0.64242,2026-01-01,2026-06-23,0
MISSAL,PR,COPEL-DIS,0.64242,2026-01-01,2026-06-23,0
RAMILANDIA,PR,COPEL-DIS,0.64242,2026-01-01,2026-06-23,0
"SANTA HELENA",PR,COPEL-DIS,0.64242,2026-01-01,2026-06-23,0
"SAO MIGUEL DO IGUACU",PR,COPEL-DIS,0.64242,2026-01-01,2026-06-23,0
"SAO PEDRO DO IGUACU",PR,COPEL-DIS,0.64242,2026-01-01,2026-06-23,0
"SERRANOPOLIS DO IGUACU",PR,COPEL-DIS,0.64242,2026-01-01,2026-06-23,0
"VERA CRUZ DO OESTE",PR,COPEL-DIS,0.64242,2026-01-01,2026-06-23,0
ATALAIA,PR,COPEL-DIS,0.64242,2026-01-01,2026-06-23,0
COLORADO,PR,COPEL-DIS,0.64242,2026-01-01,2026-06-23,1
"CRUZEIRO DO SUL",PR,COPEL-DIS,0.64242,2026-01-01,2026-06-23,0
FLORAI,PR,COPEL-DIS,0.64242,2026-01-01,2026-06-23,0
ITAGUAJE,PR,COPEL-DIS,0.64242,2026-01-01,2026-06-23,0
"JARDIM OLINDA",PR,COPEL-DIS,0.64242,2026-01-01,2026-06-23,0
"NOVA ESPERANCA",PR,COPEL-DIS,0.64242,2026-01-01,2026-06-23,0
PARANACITY,PR,COPEL-DIS,0.64242,2026-01-01,2026-06-23,0
PARANAPOEMA,PR,COPEL-DIS,0.64242,2026-01-01,2026-06-23,0
"SANTA INES",PR,COPEL-DIS,0.64242,2026-01-01,2026-06-23,0
UNIFLOR,PR,COPEL-DIS,0.64242,2026-01-01,2026-06-23,0
"DOUTOR CAMARGO",PR,COPEL-DIS,0.64242,2026-01-01,2026-06-23,0
FLORESTA,PR,COPEL-DIS,0.64242,2026-01-01,2026-06-23,0
ITAMBE,PR,COPEL-DIS,0.64242,2026-01-01,2026-06-23,0
IVATUBA,PR,COPEL-DIS,0.64242,2026-01-01,2026-06-23,0
PAICANDU,PR,COPEL-DIS,0.64242,2026-01-01,2026-06-23,0
CLEVELANDIA,PR,COPEL-DIS,0.64242,2026-01-01,2026-06-23,0
"CORONEL DOMINGOS SOARES",PR,COPEL-DIS,0.64242,2026-01-01,2026-06-23,0
PALMAS,PR,COPEL-DIS,0.64242,2026-01-01,2026-06-23,0
PALMEIRA,PR,COPEL-DIS,0.64242,2026-01-01,2026-06-23,0
"PORTO AMAZONAS",PR,COPEL-DIS,0.64242,2026-01-01,2026-06-23,0
"ALTO PARANA",PR,COPEL-DIS,0.64242,2026-01-01,2026-06-23,0
AMAPORA,PR,COPEL-DIS,0.64242,2026-01-01,2026-06-23,0
GUAIRACA,PR,COPEL-DIS,0.64242,2026-01-01,2026-06-23,0
INAJA,PR,COPEL-DIS,0.64242,2026-01-01,2026-06-23,0
MIRADOR,PR,COPEL-DIS,0.64242,2026-01-01,2026-06-23,0
"NOVA ALIANCA DO IVAI",PR,COPEL-DIS,0.64242,2026-01-01,2026-06-23,0
"PARAISO DO NORTE",PR,COPEL-DIS,0.64242,2026-01-01,2026-06-23,0
PARANAVAI,PR,COPEL-DIS,0.64242,2026-01-01,2026-06-23,0
"PLANALTINA DO PARANA",PR,COPEL-DIS,0.64242,2026-01-01,2026-06-23,0
"SANTO ANTONIO DO CAIUA",PR,COPEL-DIS,0.64242,2026-01-01,2026-06-23,0
"SAO CARLOS DO IVAI",PR,COPEL-DIS,0.64242,2026-01-01,2026-06-23,0
"SAO JOAO DO CAIUA",PR,COPEL-DIS,0.64242,2026-01-01,2026-06-23,0
TAMBOARA,PR,COPEL-DIS,0.64242,2026-01-01,2026-06-23,0
GUAMIRANGA,PR,COPEL-DIS,0.64242,2026-01-01,2026-06-23,0
PRUDENTOPOLIS,PR,COPEL-DIS,0.64242,2026-01-01,2026-06-23,0
CARAMBEI,PR,COPEL-DIS,0.64242,2026-01-01,2026-06-23,0
IPIRANGA,PR,COPEL-DIS,0.64242,2026-01-01,2026-06-23,0
"PONTA GROSSA",PR,COPEL-DIS,0.64242,2026-01-01,2026-06-23,0
"BOM SUCESSO DO SUL",PR,COPEL-DIS,0.64242,2026-01-01,2026-06-23,0
"ITAPEJARA D'OESTE",PR,COPEL-DIS,0.64242,2026-01-01,2026-06-23,0
MARIOPOLIS,PR,COPEL-DIS,0.64242,2026-01-01,2026-06-23,0
"PATO BRANCO",PR,COPEL-DIS,0.64242,2026-01-01,2026-06-23,0
VITORINO,PR,COPEL-DIS,0.64242,2026-01-01,2026-06-23,0
AMPERE,PR,COPEL-DIS,0.64242,2026-01-01,2026-06-23,0
"BELA VISTA DA CAROBA",PR,COPEL-DIS,0.64242,2026-01-01,2026-06-23,0
"BOM JESUS DO SUL",PR,COPEL-DIS,0.64242,2026-01-01,2026-06-23,0
CAPANEMA,PR,COPEL-DIS,0.64242,2026-01-01,2026-06-23,0
"PEROLA D'OESTE",PR,COPEL-DIS,0.64242,2026-01-01,2026-06-23,0
PLANALTO,PR,COPEL-DIS,0.64242,2026-01-01,2026-06-23,0
PRANCHITA,PR,COPEL-DIS,0.64242,2026-01-01,2026-06-23,0
REALEZA,PR,COPEL-DIS,0.64242,2026-01-01,2026-06-23,0
"SALTO DO LONTRA",PR,COPEL-DIS,0.64242,2026-01-01,2026-06-23,0
"SANTA IZABEL DO OESTE",PR,COPEL-DIS,0.64242,2026-01-01,2026-06-23,0
"SANTO ANTONIO DO SUDOESTE",PR,COPEL-DIS,0.64242,2026-01-01,2026-06-23,0
JAGUAPITA,PR,COPEL-DIS,0.64242,2026-01-01,2026-06-23,0
ROLANDIA,PR,COPEL-DIS,0.64242,2026-01-01,2026-06-23,0
"SAO JOSE DOS PINHAIS",PR,COPEL-DIS,0.64242,2026-01-01,2026-06-23,0
"TIJUCAS DO SUL",PR,COPEL-DIS,0.64242,2026-01-01,2026-06-23,0
CARLOPOLIS,PR,COPEL-DIS,0.64242,2026-01-01,2026-06-23,0
GUAPIRAMA,PR,COPEL-DIS,0.64242,2026-01-01,2026-06-23,0
"JOAQUIM TAVORA",PR,COPEL-DIS,0.64242,2026-01-01,2026-06-23,0
"JUNDIAI DO SUL",PR,COPEL-DIS,0.64242,2026-01-01,2026-06-23,0
QUATIGUA,PR,COPEL-DIS,0.64242,2026-01-01,2026-06-23,0
"RIBEIRAO DO PINHAL",PR,COPEL-DIS,0.64242,2026-01-01,2026-06-23,0
"SANTO ANTONIO DA PLATINA",PR,COPEL-DIS,0.64242,2026-01-01,2026-06-23,0
"CONSELHEIRO MAIRINCK",PR,COPEL-DIS,0.64242,2026-01-01,2026-06-23,0
IBAITI,PR,COPEL-DIS,0.64242,2026-01-01,2026-06-23,0
JABOTI,PR,COPEL-DIS,0.64242,2026-01-01,2026-06-23,0
JAPIRA,PR,COPEL-DIS,0.64242,2026-01-01,2026-06-23,0
PINHALAO,PR,COPEL-DIS,0.64242,2026-01-01,2026-06-23,0
"SALTO DO ITARARE",PR,COPEL-DIS,0.64242,2026-01-01,2026-06-23,0
"SANTANA DO ITARARE",PR,COPEL-DIS,0.64242,2026-01-01,2026-06-23,0
"SAO JOSE DA BOA VISTA",PR,COPEL-DIS,0.64242,2026-01-01,2026-06-23,1
"SIQUEIRA CAMPOS",PR,COPEL-DIS,0.64242,2026-01-01,2026-06-23,0
TOMAZINA,PR,COPEL-DIS,0.64242,2026-01-01,2026-06-23,0
"WENCESLAU BRAZ",PR,COPEL-DIS,0.64242,2026-01-01,2026-06-23,0
CURIUVA,PR,COPEL-DIS,0.64242,2026-01-01,2026-06-23,0
FIGUEIRA,PR,COPEL-DIS,0.64242,2026-01-01,2026-06-23,0
IMBAU,PR,COPEL-DIS,0.64242,2026-01-01,2026-06-23,0
ORTIGUEIRA,PR,COPEL-DIS,0.64242,2026-01-01,2026-06-23,0
RESERVA,PR,COPEL-DIS,0.64242,2026-01-01,2026-06-23,0
SAPOPEMA,PR,COPEL-DIS,0.64242,2026-01-01,2026-06-23,0
"TELEMACO BORBA",PR,COPEL-DIS,0.64242,2026-01-01,2026-06-23,0
TIBAGI,PR,COPEL-DIS,0.64242,2026-01-01,2026-06-23,0
VENTANIA,PR,COPEL-DIS,0.64242,2026-01-01,2026-06-23,0
"OURO VERDE DO OESTE",PR,COPEL-DIS,0.64242,2026-01-01,2026-06-23,0
"SAO JOSE DAS PALMEIRAS",PR,COPEL-DIS,0.64242,2026-01-01,2026-06-23,0
TOLEDO,PR,COPEL-DIS,0.64242,2026-01-01,2026-06-23,0
"ALTAMIRA DO PARANA",PR,COPEL-DIS,0.64242,2026-01-01,2026-06-23,0
"CAMPINA DA LAGOA",PR,COPEL-DIS,0.64242,2026-01-01,2026-06-23,0
JURANDA,PR,COPEL-DIS,0.64242,2026-01-01,2026-06-23,0
"NOVA CANTU",PR,COPEL-DIS,0.64242,2026-01-01,2026-06-23,0
UBIRATA,PR,COPEL-DIS,0.64242,2026-01-01,2026-06-23,0
IRETAMA,PR,COPEL-DIS,0.64242,2026-01-01,2026-06-23,0
LUIZIANA,PR,COPEL-DIS,0.64242,2026-01-01,2026-06-23,0
"MATO RICO",PR,COPEL-DIS,0.64242,2026-01-01,2026-06-23,0
"NOVA TEBAS",PR,COPEL-DIS,0.64242,2026-01-01,2026-06-23,0
RONCADOR,PR,COPEL-DIS,0.64242,2026-01-01,2026-06-23,0
"MONTEIRO LOBATO",SP,"EDP SP",0.7867,2026-01-01,2026-10-22,0
"CAMPO LARGO",PR,COPEL-DIS,0.64242,2026-01-01,2026-06-23,1
ACAILANDIA,MA,"EQUATORIAL MA",0.84318,2026-01-01,2026-08-27,0
"SAO LUIS",MA,"EQUATORIAL MA",0.84318,2026-01-01,2026-08-27,0
"SAO JOSE DE RIBAMAR",MA,"EQUATORIAL MA",0.84318,2026-01-01,2026-08-27,0
"PACO DO LUMIAR",MA,"EQUATORIAL MA",0.84318,2026-01-01,2026-08-27,0
RAPOSA,MA,"EQUATORIAL MA",0.84318,2026-01-01,2026-08-27,0
"ALTO ALEGRE",RR,CERR,,,,0
AMAJARI,RR,CERR,,,,0
BONFIM,RR,CERR,,,,0
CANTA,RR,CERR,,,,0
CARACARAI,RR,CERR,,,,0
CAROEBE,RR,CERR,,,,0
IRACEMA,RR,CERR,,,,0
MUCAJAI,RR,CERR,,,,0
NORMANDIA,RR,CERR,,,,0
RORAINOPOLIS,RR,CERR,,,,0
"SAO JOAO DA BALIZA",RR,CERR,,,,0
"SAO LUIZ",RR,CERR,,,,0
UIRAMUTA,RR,CERR,,,,0
PACARAIMA,RR,CERR,,,,0
"CORONEL PILAR",RS,RGE,0.8222,2026-01-01,2026-06-18,1
"CAPAO BONITO DO SUL",RS,RGE,0.8222,2026-01-01,2026-06-18,0
"PINHAL DA SERRA",RS,RGE,0.8222,2026-01-01,2026-06-18,0
"SANTA CECILIA DO SUL",RS,RGE,0.8222,2026-01-01,2026-06-18,1
EREBANGO,RS,RGE,0.8222,2026-01-01,2026-06-18,0
CRUZALTENSE,RS,RGE,0.8222,2026-01-01,2026-06-18,0
"PAULO BENTO",RS,RGE,0.8222,2026-01-01,2026-06-18,0
"QUATRO IRMAOS",RS,RGE,0.8222,2026-01-01,2026-06-18,0
"NICOLAU VERGUEIRO",RS,RGE,0.8222,2026-01-01,2026-06-18,1
"TIO HUGO",RS,RGE,0.8222,2026-01-01,2026-06-18,1
"BOA VISTA DAS MISSOES",RS,RGE,0.8222,2026-01-01,2026-06-18,1
"NOVO XINGU",RS,RGE,0.8222,2026-01-01,2026-06-18,0
"SAO PEDRO DAS MISSOES",RS,RGE,0.8222,2026-01-01,2026-06-18,1
"BOA VISTA DO CADEADO",RS,RGE,0.8222,2026-01-01,2026-06-18,1
"BOA VISTA DO INCRA",RS,RGE,0.8222,2026-01-01,2026-06-18,1
BOZANO,RS,RGE,0.8222,2026-01-01,2026-06-18,1
ROLADOR,RS,RGE,0.8222,2026-01-01,2026-06-18,1
BUJARI,AC,EAC,0.87381,2026-01-01,2026-12-12,0
"TREZE DE MAIO",SC,COORSEL,0.74692,2026-01-01,2026-09-29,0
ARMAZEM,SC,CERGRAL,0.9343,2026-01-01,2026-09-29,1
GRAVATAL,SC,CERGRAL,0.9343,2026-01-01,2026-09-29,1
ERMO,SC,CEJAMA,0.79054,2026-01-01,2026-09-29,1
"JACINTO MACHADO",SC,CEJAMA,0.79054,2026-01-01,2026-09-29,1
"PRAIA GRANDE",SC,CEJAMA,0.79054,2026-01-01,2026-09-29,1
"TIMBE DO SUL",SC,CEJAMA,0.79054,2026-01-01,2026-09-29,1
TURVO,SC,CEJAMA,0.79054,2026-01-01,2026-09-29,1
"PAULO LOPES",SC,CERPALO,1.01522,2026-01-01,2026-09-29,0
FORQUILHINHA,SC,COOPERA,0.66432,2026-01-01,2026-09-29,1
MELEIRO,SC,CERSUL,0.58063,2026-01-01,2026-09-29,0
"MORRO GRANDE",SC,CERSUL,0.58063,2026-01-01,2026-09-29,0
GUAPIACU,SP,CPFL-PAULISTA,0.73945,2026-04-08,2027-04-07,1
IPIGUA,SP,CPFL-PAULISTA,0.73945,2026-04-08,2027-04-07,1
MIRASSOLANDIA,SP,CPFL-PAULISTA,0.73945,2026-04-08,2027-04-07,1
ANITAPOLIS,SC,"CERAL ANITAPOLIS",1.0019,2026-01-01,2026-11-29,0
"SANTA ROSA DE LIMA",SC,"CERAL ANITAPOLIS",1.0019,2026-01-01,2026-11-29,1
MANAUS,AM,AME,0.87571,2026-05-26,2027-05-25,0
BARREIRINHA,AM,AME,0.87571,2026-05-26,2027-05-25,0
"BOA VISTA DO RAMOS",AM,AME,0.87571,2026-05-26,2027-05-25,0
ITACOATIARA,AM,AME,0.87571,2026-05-26,2027-05-25,0
ITAPIRANGA,AM,AME,0.87571,2026-05-26,2027-05-25,0
MAUES,AM,AME,0.87571,2026-05-26,2027-05-25,0
NHAMUNDA,AM,AME,0.87571,2026-05-26,2027-05-25,0
"NOVA OLINDA DO NORTE",AM,AME,0.87571,2026-05-26,2027-05-25,0
PARINTINS,AM,AME,0.87571,2026-05-26,2027-05-25,0
"PRESIDENTE FIGUEIREDO",AM,AME,0.87571,2026-05-26,2027-05-25,0
"RIO PRETO DA EVA",AM,AME,0.87571,2026-05-26,2027-05-25,0
"SAO SEBASTIAO DO UATUMA",AM,AME,0.87571,2026-05-26,2027-05-25,0
SILVES,AM,AME,0.87571,2026-05-26,2027-05-25,0
URUCARA,AM,AME,0.87571,2026-05-26,2027-05-25,0
URUCURITUBA,AM,AME,0.87571,2026-05-26,2027-05-25,0
APUI,AM,AME,0.87571,2026-05-26,2027-05-25,0
"BOCA DO ACRE",AM,AME,0.87571,2026-05-26,2027-05-25,0
BORBA,AM,AME,0.87571,2026-05-26,2027-05-25,0
CANUTAMA,AM,AME,0.87571,2026-05-26,2027-05-25,0
HUMAITA,AM,AME,0.87571,2026-05-26,2027-05-25,0
LABREA,AM,AME,0.87571,2026-05-26,2027-05-25,0
MANICORE,AM,AME,0.87571,2026-05-26,2027-05-25,0
"NOVO ARIPUANA",AM,AME,0.87571,2026-05-26,2027-05-25,0
PAUINI,AM,AME,0.87571,2026-05-26,2027-05-25,0
TAPAUA,AM,AME,0.87571,2026-05-26,2027-05-25,0
ALVARAES,AM,AME,0.87571,2026-05-26,2027-05-25,0
CARAUARI,AM,AME,0.87571,2026-05-26,2027-05-25,0
COARI,AM,AME,0.87571,2026-05-26,2027-05-25,0
CODAJAS,AM,AME,0.87571,2026-05-26,2027-05-25,0
EIRUNEPE,AM,AME,0.87571,2026-05-26,2027-05-25,0
ENVIRA,AM,AME,0.87571,2026-05-26,2027-05-25,0
"FONTE BOA",AM,AME,0.87571,2026-05-26,2027-05-25,0
GUAJARA,AM,AME,0.87571,2026-05-26,2027-05-25,0
IPIXUNA,AM,AME,0.87571,2026-05-26,2027-05-25,0
ITAMARATI,AM,AME,0.87571,2026-05-26,2027-05-25,0
JAPURA,AM,AME,0.87571,2026-05-26,2027-05-25,0
JURUA,AM,AME,0.87571,2026-05-26,2027-05-25,0
JUTAI,AM,AME,0.87571,2026-05-26,2027-05-25,0
MARAA,AM,AME,0.87571,2026-05-26,2027-05-25,0
TEFE,AM,AME,0.87571,2026-05-26,2027-05-25,0
UARINI,AM,AME,0.87571,2026-05-26,2027-05-25,0
AMATURA,AM,AME,0.87571,2026-05-26,2027-05-25,0
"ATALAIA DO NORTE",AM,AME,0.87571,2026-05-26,2027-05-25,0
"BENJAMIN CONSTANT",AM,AME,0.87571,2026-05-26,2027-05-25,0
"SANTO ANTONIO DO ICA",AM,AME,0.87571,2026-05-26,2027-05-25,0
"SAO PAULO DE OLIVENCA",AM,AME,0.87571,2026-05-26,2027-05-25,0
TABATINGA,AM,AME,0.87571,2026-05-26,2027-05-25,0
TONANTINS,AM,AME,0.87571,2026-05-26,2027-05-25,0
ANAMA,AM,AME,0.87571,2026-05-26,2027-05-25,0
ANORI,AM,AME,0.87571,2026-05-26,2027-05-25,0
AUTAZES,AM,AME,0.87571,2026-05-26,2027-05-25,0
BARCELOS,AM,AME,0.87571,2026-05-26,2027-05-25,0
BERURI,AM,AME,0.87571,2026-05-26,2027-05-25,0
CAAPIRANGA,AM,AME,0.87571,2026-05-26,2027-05-25,0
CAREIRO,AM,AME,0.87571,2026-05-26,2027-05-25,0
"CAREIRO DA VARZEA",AM,AME,0.87571,2026-05-26,2027-05-25,0
IRANDUBA,AM,AME,0.87571,2026-05-26,2027-05-25,0
MANACAPURU,AM,AME,0.87571,2026-05-26,2027-05-25,0
MANAQUIRI,AM,AME,0.87571,2026-05-26,2027-05-25,0
"NOVO AIRAO",AM,AME,0.87571,2026-05-26,2027-05-25,0
"SANTA ISABEL DO RIO NEGRO",AM,AME,0.87571,2026-05-26,2027-05-25,0
"SAO GABRIEL DA CACHOEIRA",AM,AME,0.87571,2026-05-26,2027-05-25,0
EPITACIOLANDIA,AC,EAC,0.87381,2026-01-01,2026-12-12,0
"LAGOA SANTA",GO,"EQUATORIAL GO",0.89181,2026-01-01,2026-10-21,0
"GAMELEIRA DE GOIAS",GO,"EQUATORIAL GO",0.89181,2026-01-01,2026-10-21,0
"BRACO DO NORTE",SC,CERBRANORTE,0.6314,2026-01-01,2026-09-29,1
"GRAO PARA",SC,CERBRANORTE,0.6314,2026-01-01,2026-09-29,1
"RIO FORTUNA",SC,CERBRANORTE,0.6314,2026-01-01,2026-09-29,1
CASTANHEIRAS,RO,ERO,0.84139,2026-01-01,2026-12-12,0
PARECIS,RO,ERO,0.84139,2026-01-01,2026-12-12,0
"PAU D'ARCO DO PIAUI",PI,"EQUATORIAL PI",0.94669,2026-01-01,2026-12-01,0
"COLONIA DO GURGUEIA",PI,"EQUATORIAL PI",0.94669,2026-01-01,2026-12-01,0
"MORRO CABECA NO TEMPO",PI,"EQUATORIAL PI",0.94669,2026-01-01,2026-12-01,0
"AROEIRAS DO ITAIM",PI,"EQUATORIAL PI",0.94669,2026-01-01,2026-12-01,0
"PARAISO DAS AGUAS",MS,EMS,0.9866,2026-04-22,2027-04-21,0
"JEQUIA DA PRAIA",AL,"EQUATORIAL AL",0.85141,2026-05-03,2027-05-02,0
"PESCARIA BRAVA",SC,CELESC,0.69568,2026-01-01,2026-08-21,0
"SAO VICENTE DO SERIDO",PB,EPB,0.67565,2026-01-01,2026-08-27,0
"SANTA ISABEL",GO,CHESP,0.81975,2026-01-01,2026-11-21,1
"IPIRANGA DE GOIAS",GO,"EQUATORIAL GO",0.89181,2026-01-01,2026-10-21,1
"BADY BASSITT",SP,CPFL-PAULISTA,0.73945,2026-04-08,2027-04-07,0
JUNDIA,RN,COSERN,0.7758,2026-04-22,2027-04-21,0
"TENENTE ANANIAS",RN,COSERN,0.7758,2026-04-22,2027-04-21,0
"BOA SAUDE",RN,COSERN,0.7758,2026-04-22,2027-04-21,0
ABAIRA,BA,COELBA,0.87773,2026-04-22,2027-04-21,0
"LUIS EDUARDO MAGALHAES",BA,COELBA,0.87773,2026-04-22,2027-04-21,0
BARROCAS,BA,COELBA,0.87773,2026-04-22,2027-04-21,0
SANTALUZ,BA,COELBA,0.87773,2026-04-22,2027-04-21,0
"ALMIRANTE TAMANDARE DO SUL",RS,ELETROCAR,0.68472,2026-01-01,2026-07-21,0
ACARA,PA,"EQUATORIAL PA",0.9783,2026-01-01,2026-08-06,0
BUJARU,PA,"EQUATORIAL PA",0.9783,2026-01-01,2026-08-06,0
"SANTA BARBARA DO PARA",PA,"EQUATORIAL PA",0.9783,2026-01-01,2026-08-06,0
"SANTA ISABEL DO PARA",PA,"EQUATORIAL PA",0.9783,2026-01-01,2026-08-06,0
BONITO,PA,"EQUATORIAL PA",0.9783,2026-01-01,2026-08-06,0
"CACHOEIRA DO PIRIA",PA,"EQUATORIAL PA",0.9783,2026-01-01,2026-08-06,0
PEIXE-BOI,PA,"EQUATORIAL PA",0.9783,2026-01-01,2026-08-06,0
"SANTAREM NOVO",PA,"EQUATORIAL PA",0.9783,2026-01-01,2026-08-06,0
"SAO DOMINGOS DO CAPIM",PA,"EQUATORIAL PA",0.9783,2026-01-01,2026-08-06,0
"SAO JOAO DE PIRABAS",PA,"EQUATORIAL PA",0.9783,2026-01-01,2026-08-06,0
"MAGALHAES BARATA",PA,"EQUATORIAL PA",0.9783,2026-01-01,2026-08-06,0
PRACUUBA,AP,CEA,0.82515,2026-01-01,2026-12-12,0
"TUNEIRAS DO OESTE",PR,COPEL-DIS,0.64242,2026-01-01,2026-06-23,0
"MARAJA DO SENA",MA,"EQUATORIAL MA",0.84318,2026-01-01,2026-08-27,0
"ITAIPAVA DO GRAJAU",MA,"EQUATORIAL MA",0.84318,2026-01-01,2026-08-27,0
"FERNANDO FALCAO",MA,"EQUATORIAL MA",0.84318,2026-01-01,2026-08-27,0
"NOVA NAZARE",MT,EMT,0.89942,2026-04-08,2027-04-07,0
"BOM JESUS DO ARAGUAIA",MT,EMT,0.89942,2026-04-08,2027-04-07,0
"NOVO SANTO ANTONIO",MT,EMT,0.89942,2026-04-08,2027-04-07,0
"SERRA NOVA DOURADA",MT,EMT,0.89942,2026-04-08,2027-04-07,0
COLNIZA,MT,EMT,0.89942,2026-04-08,2027-04-07,0
RONDOLANDIA,MT,EMT,0.89942,2026-04-08,2027-04-07,0
"SANTA RITA DO TRIVELATO",MT,EMT,0.89942,2026-04-08,2027-04-07,0
"IPIRANGA DO NORTE",MT,EMT,0.89942,2026-04-08,2027-04-07,0
ITANHANGA,MT,EMT,0.89942,2026-04-08,2027-04-07,0
"SANTA CRUZ DO XINGU",MT,EMT,0.89942,2026-04-08,2027-04-07,0
"CAMPO LIMPO DE GOIAS",GO,"EQUATORIAL GO",0.89181,2026-01-01,2026-10-21,0
CAMPINACU,GO,"EQUATORIAL GO",0.89181,2026-01-01,2026-10-21,0
"GOVERNADOR LINDENBERG",ES,ELFSM,0.74537,2026-01-01,2026-09-21,1
TREVISO,SC,CERTREL,1.12729,2026-01-01,2026-09-29,1
"PASSO DE TORRES",SC,CEPRAG,0.86385,2026-01-01,2026-12-21,0
"CANUDOS DO VALE",RS,"CERTEL ENERGIA",0.73632,2026-01-01,2026-07-29,0
FORQUETINHA,RS,"CERTEL ENERGIA",0.73632,2026-01-01,2026-07-29,0
"MARQUES DE SOUZA",RS,"CERTEL ENERGIA",0.73632,2026-01-01,2026-07-29,0
"POUSO NOVO",RS,"CERTEL ENERGIA",0.73632,2026-01-01,2026-07-29,0
PROGRESSO,RS,"CERTEL ENERGIA",0.73632,2026-01-01,2026-07-29,0
"POCO DAS ANTAS",RS,"CERTEL ENERGIA",0.73632,2026-01-01,2026-07-29,0
WESTFALIA,RS,"CERTEL ENERGIA",0.73632,2026-01-01,2026-07-29,0
"SAO PEDRO DA SERRA",RS,"CERTEL ENERGIA",0.73632,2026-01-01,2026-07-29,0
"SAO JOAO DO SUL",SC,CEPRAG,0.86385,2026-01-01,2026-12-21,0
"COCAL DO SUL",SC,CERMOFUL,0.7157,2026-01-01,2026-09-29,1
"MORRO DA FUMACA",SC,CERMOFUL,0.7157,2026-01-01,2026-09-29,1
"MATO QUEIMADO",RS,CERMISSOES,0.71398,2026-01-01,2026-07-29,0
JACUIZINHO,RS,COPREL,0.60418,2026-01-01,2026-07-29,0
CUNHATAI,SC,CERACA,0.7955,2026-01-01,2026-09-29,0
