"municipality","state","latitude","longitude"
"ABADIA DE GOIAS","GO","-16.75","-49.43"
"ABADIA DOS DOURADOS","MG","-18.48","-47.4"
"ABADIANIA","GO","-16.2","-48.7"
"ABAETE","MG","-19.16","-45.44"
"ABAETETUBA","PA","-1.71","-48.88"
"ABAIARA","CE","-7.35","-39.04"
"ABAIRA","BA","-13.25","-41.66"
"ABARE","BA","-8.7200000000000006","-39.11"
"ABATIA","PR","-23.3","-50.31"
"ABDON BATISTA","SC","-27.61","-51.02"
"ABEL FIGUEIREDO","PA","-4.95","-48.39"
"ABELARDO LUZ","SC","-26.56","-52.32"
"ABRE CAMPO","MG","-20.3","-42.47"
"ABREU E LIMA","PE","-7.91","-34.9"
"ABREULANDIA","TO","-9.6199999999999992","-49.15"
"ACAIACA","MG","-20.36","-43.14"
"ACAILANDIA","MA","-4.9400000000000004","-47.5"
"ACAJUTIBA","BA","-11.66","-38.01"
"ACARA","PA","-1.96","-48.19"
"ACARAPE","CE","-4.22","-38.700000000000003"
"ACARAU","CE","-2.88","-40.119999999999997"
"ACARI","RN","-6.43","-36.630000000000003"
"ACAUA","PI","-8.2100000000000009","-41.08"
"ACOPIARA","CE","-6.09","-39.450000000000003"
"ACORIZAL","MT","-15.2","-56.36"
"ACRELANDIA","AC","-9.82","-66.88"
"ACREUNA","GO","-17.39","-50.37"
"ACU","RN","-5.57","-36.9"
"ACUCENA","MG","-19.07","-42.54"
"ADAMANTINA","SP","-21.68","-51.07"
"ADELANDIA","GO","-16.41","-50.16"
"ADOLFO","SP","-21.23","-49.64"
"ADRIANOPOLIS","PR","-24.65","-48.99"
"ADUSTINA","BA","-10.53","-38.1"
"AFOGADOS DA INGAZEIRA","PE","-7.75","-37.630000000000003"
"AFONSO BEZERRA","RN","-5.49","-36.5"
"AFONSO CLAUDIO","ES","-20.07","-41.12"
"AFONSO CUNHA","MA","-4.13","-43.32"
"AFRANIO","PE","-8.51","-41"
"AFUA","PA","-0.15","-50.38"
"AGRESTINA","PE","-8.4499999999999993","-35.94"
"AGRICOLANDIA","PI","-5.79","-42.66"
"AGROLANDIA","SC","-27.41","-49.82"
"AGRONOMICA","SC","-27.26","-49.71"
"AGUA AZUL DO NORTE","PA","-6.79","-50.46"
"AGUA BOA","MG","-17.989999999999998","-42.38"
"AGUA BOA","MT","-14.05","-52.15"
"AGUA BRANCA","AL","-9.26","-37.93"
"AGUA BRANCA","PB","-7.51","-37.64"
"AGUA BRANCA","PI","-5.89","-42.63"
"AGUA CLARA","MS","-20.440000000000001","-52.87"
"AGUA COMPRIDA","MG","-20.05","-48.1"
"AGUA DOCE","SC","-26.99","-51.55"
"AGUA DOCE DO MARANHAO","MA","-2.84","-42.11"
"AGUA DOCE DO NORTE","ES","-18.54","-40.97"
"AGUA FRIA","BA","-11.86","-38.76"
"AGUA FRIA DE GOIAS","GO","-14.98","-47.78"
"AGUA LIMPA","GO","-18.07","-48.76"
"AGUA NOVA","RN","-6.2","-38.29"
"AGUA PRETA","PE","-8.6999999999999993","-35.53"
"AGUA SANTA","RS","-28.17","-52.03"
"AGUAI","SP","-22.05","-46.97"
"AGUANIL","MG","-20.94","-45.39"
"AGUAS BELAS","PE","-9.11","-37.119999999999997"
"AGUAS DA PRATA","SP","-21.93","-46.71"
"AGUAS DE CHAPECO","SC","-27.07","-52.98"
"AGUAS DE LINDOIA","SP","-22.47","-46.63"
"AGUAS DE SANTA BARBARA","SP","-22.88","-49.23"
"AGUAS DE SAO PEDRO","SP","-22.59","-47.87"
"AGUAS FORMOSAS","MG","-17.079999999999998","-40.93"
"AGUAS FRIAS","SC","-26.88","-52.85"
"AGUAS LINDAS DE GOIAS","GO","-15.76","-48.28"
"AGUAS MORNAS","SC","-27.69","-48.82"
"AGUAS VERMELHAS","MG","-15.74","-41.46"
"AGUDO","RS","-29.64","-53.24"
"AGUDOS","SP","-22.46","-48.98"
"AGUDOS DO SUL","PR","-25.99","-49.33"
"AGUIA BRANCA","ES","-18.98","-40.74"
"AGUIAR","PB","-7.09","-38.17"
"AGUIARNOPOLIS","TO","-6.56","-47.46"
"AIMORES","MG","-19.489999999999998","-41.06"
"AIQUARA","BA","-14.12","-39.880000000000003"
"AIUABA","CE","-6.57","-40.119999999999997"
"AIURUOCA","MG","-21.97","-44.6"
"AJURICABA","RS","-28.23","-53.77"
"ALAGOA","MG","-22.17","-44.64"
"ALAGOA GRANDE","PB","-7.08","-35.630000000000003"
"ALAGOA NOVA","PB","-7.07","-35.75"
"ALAGOINHA","PB","-6.95","-35.54"
"ALAGOINHA","PE","-8.4600000000000009","-36.770000000000003"
"ALAGOINHA DO PIAUI","PI","-7","-40.93"
"ALAGOINHAS","BA","-12.13","-38.409999999999997"
"ALAMBARI","SP","-23.55","-47.89"
"ALBERTINA","MG","-22.2","-46.61"
"ALCANTARA","MA","-2.4","-44.41"
"ALCANTARAS","CE","-3.58","-40.54"
"ALCANTIL","PB","-7.74","-36.049999999999997"
"ALCINOPOLIS","MS","-18.32","-53.7"
"ALCOBACA","BA","-17.510000000000002","-39.19"
"ALDEIAS ALTAS","MA","-4.62","-43.47"
"ALECRIM","RS","-27.65","-54.76"
"ALEGRE","ES","-20.76","-41.53"
"ALEGRETE","RS","-29.78","-55.79"
"ALEGRETE DO PIAUI","PI","-7.24","-40.85"
"ALEGRIA","RS","-27.82","-54.05"
"ALEM PARAIBA","MG","-21.88","-42.7"
"ALENQUER","PA","-1.94","-54.73"
"ALEXANDRIA","RN","-6.41","-38.01"
"ALEXANIA","GO","-16.079999999999998","-48.5"
"ALFENAS","MG","-21.42","-45.94"
"ALFREDO CHAVES","ES","-20.63","-40.75"
"ALFREDO MARCONDES","SP","-21.95","-51.41"
"ALFREDO VASCONCELOS","MG","-21.14","-43.77"
"ALFREDO WAGNER","SC","-27.7","-49.33"
"ALGODAO DE JANDAIRA","PB","-6.81","-35.92"
"ALHANDRA","PB","-7.43","-34.909999999999997"
"ALIANCA","PE","-7.6","-35.229999999999997"
"ALIANCA DO TOCANTINS","TO","-11.3","-48.93"
"ALMADINA","BA","-14.7","-39.630000000000003"
"ALMAS","TO","-11.57","-47.17"
"ALMEIRIM","PA","-1.52","-52.58"
"ALMENARA","MG","-16.18","-40.69"
"ALMINO AFONSO","RN","-6.15","-37.76"
"ALMIRANTE TAMANDARE","PR","-25.32","-49.31"
"ALOANDIA","GO","-17.72","-49.48"
"ALPERCATA","MG","-18.97","-41.97"
"ALPESTRE","RS","-27.24","-53.03"
"ALPINOPOLIS","MG","-20.86","-46.38"
"ALTA FLORESTA","MT","-9.8699999999999992","-56.08"
"ALTA FLORESTA D'OESTE","RO","-11.94","-61.9"
"ALTAIR","SP","-20.52","-49.05"
"ALTAMIRA","PA","-3.2","-52.2"
"ALTAMIRA DO MARANHAO","MA","-4.16","-45.47"
"ALTAMIRA DO PARANA","PR","-24.79","-52.71"
"ALTANEIRA","CE","-7","-39.74"
"ALTEROSA","MG","-21.24","-46.14"
"ALTINHO","PE","-8.49","-36.049999999999997"
"ALTINOPOLIS","SP","-21.02","-47.37"
"ALTO ALEGRE","RR","2.89","-61.49"
"ALTO ALEGRE","RS","-28.77","-52.99"
"ALTO ALEGRE","SP","-21.58","-50.16"
"ALTO ALEGRE DO MARANHAO","MA","-4.21","-44.44"
"ALTO ALEGRE DO PARECIS","RO","-12.12","-61.85"
"ALTO ALEGRE DO PINDARE","MA","-3.69","-45.9"
"ALTO ARAGUAIA","MT","-17.309999999999999","-53.21"
"ALTO BELA VISTA","SC","-27.45","-51.87"
"ALTO BOA VISTA","MT","-11.67","-51.38"
"ALTO CAPARAO","MG","-20.52","-41.89"
"ALTO DO RODRIGUES","RN","-5.28","-36.76"
"ALTO FELIZ","RS","-29.39","-51.31"
"ALTO GARCAS","MT","-16.940000000000001","-53.52"
"ALTO HORIZONTE","GO","-14.19","-49.33"
"ALTO JEQUITIBA","MG","-20.420000000000002","-41.96"
"ALTO LONGA","PI","-5.25","-42.21"
"ALTO PARAGUAI","MT","-14.51","-56.48"
"ALTO PARAISO","RO","-9.7100000000000009","-63.32"
"ALTO PARAISO DE GOIAS","GO","-14.13","-47.51"
"ALTO PARANA","PR","-23.12","-52.31"
"ALTO PARNAIBA","MA","-9.11","-45.93"
"ALTO PIQUIRI","PR","-24.02","-53.44"
"ALTO RIO DOCE","MG","-21.02","-43.41"
"ALTO RIO NOVO","ES","-19.05","-41.01"
"ALTO SANTO","CE","-5.52","-38.270000000000003"
"ALTO TAQUARI","MT","-17.82","-53.28"
"ALTONIA","PR","-23.87","-53.9"
"ALTOS","PI","-5.03","-42.46"
"ALUMINIO","SP","-23.53","-47.26"
"ALVARAES","AM","-3.22","-64.8"
"ALVARENGA","MG","-19.41","-41.72"
"ALVARES FLORENCE","SP","-20.32","-49.91"
"ALVARES MACHADO","SP","-22.07","-51.47"
"ALVARO DE CARVALHO","SP","-22.08","-49.71"
"ALVINLANDIA","SP","-22.44","-49.76"
"ALVINOPOLIS","MG","-20.100000000000001","-43.04"
"ALVORADA","RS","-29.99","-51.08"
"ALVORADA","TO","-12.48","-49.12"
"ALVORADA DE MINAS","MG","-18.73","-43.36"
"ALVORADA DO GURGUEIA","PI","-8.42","-43.77"
"ALVORADA DO NORTE","GO","-14.48","-46.49"
"ALVORADA DO SUL","PR","-22.78","-51.23"
"ALVORADA D'OESTE","RO","-11.4","-62.38"
"AMAJARI","RR","3.65","-61.37"
"AMAMBAI","MS","-23.1","-55.22"
"AMAPA","AP","2.0499999999999998","-50.79"
"AMAPA DO MARANHAO","MA","-1.56","-45.93"
"AMAPORA","PR","-23.09","-52.78"
"AMARAJI","PE","-8.3800000000000008","-35.450000000000003"
"AMARAL FERRADOR","RS","-30.87","-52.25"
"AMARALINA","GO","-13.92","-49.29"
"AMARANTE","PI","-6.24","-42.85"
"AMARANTE DO MARANHAO","MA","-5.56","-46.74"
"AMARGOSA","BA","-13.03","-39.6"
"AMATURA","AM","-3.36","-68.19"
"AMELIA RODRIGUES","BA","-12.39","-38.75"
"AMERICA DOURADA","BA","-11.45","-41.43"
"AMERICANA","SP","-22.73","-47.33"
"AMERICANO DO BRASIL","GO","-16.25","-49.98"
"AMERICO BRASILIENSE","SP","-21.72","-48.1"
"AMERICO DE CAMPOS","SP","-20.29","-49.73"
"AMETISTA DO SUL","RS","-27.36","-53.18"
"AMONTADA","CE","-3.49","-39.57"
"AMORINOPOLIS","GO","-16.61","-51.09"
"AMPARO","PB","-7.56","-37.06"
"AMPARO","SP","-22.7","-46.76"
"AMPARO DE SAO FRANCISCO","SE","-10.130000000000001","-36.93"
"AMPARO DO SERRA","MG","-20.5","-42.8"
"AMPERE","PR","-25.91","-53.47"
"ANADIA","AL","-9.68","-36.299999999999997"
"ANAGE","BA","-14.61","-41.13"
"ANAHY","PR","-24.71","-53.08"
"ANAJAS","PA","-0.98","-49.94"
"ANAJATUBA","MA","-3.26","-44.62"
"ANALANDIA","SP","-22.12","-47.66"
"ANAMA","AM","-3.58","-61.4"
"ANANAS","TO","-6.36","-48.07"
"ANANINDEUA","PA","-1.36","-48.37"
"ANAPOLIS","GO","-16.32","-48.95"
"ANAPU","PA","-3.47","-51.19"
"ANAPURUS","MA","-3.67","-43.11"
"ANASTACIO","MS","-20.48","-55.8"
"ANAURILANDIA","MS","-22.18","-52.71"
"ANCHIETA","ES","-20.79","-40.65"
"ANCHIETA","SC","-26.53","-53.33"
"ANDARAI","BA","-12.8","-41.33"
"ANDIRA","PR","-23.05","-50.22"
"ANDORINHA","BA","-10.34","-39.83"
"ANDRADAS","MG","-22.06","-46.56"
"ANDRADINA","SP","-20.89","-51.37"
"ANDRE DA ROCHA","RS","-28.63","-51.57"
"ANDRELANDIA","MG","-21.74","-44.3"
"ANGATUBA","SP","-23.49","-48.41"
"ANGELANDIA","MG","-17.600000000000001","-42.16"
"ANGELICA","MS","-22.15","-53.77"
"ANGELIM","PE","-8.89","-36.28"
"ANGELINA","SC","-27.56","-48.98"
"ANGICAL","BA","-12","-44.69"
"ANGICAL DO PIAUI","PI","-6.08","-42.73"
"ANGICO","TO","-6.39","-47.86"
"ANGICOS","RN","-5.66","-36.6"
"ANGRA DOS REIS","RJ","-23","-44.31"
"ANGUERA","BA","-12.15","-39.24"
"ANGULO","PR","-23.19","-51.91"
"ANHANGUERA","GO","-18.329999999999998","-48.21"
"ANHEMBI","SP","-22.78","-48.12"
"ANHUMAS","SP","-22.29","-51.38"
"ANICUNS","GO","-16.46","-49.96"
"ANISIO DE ABREU","PI","-9.18","-43.04"
"ANITA GARIBALDI","SC","-27.68","-51.13"
"ANITAPOLIS","SC","-27.9","-49.12"
"ANORI","AM","-3.77","-61.64"
"ANTA GORDA","RS","-28.97","-52"
"ANTAS","BA","-10.4","-38.33"
"ANTONINA","PR","-25.42","-48.71"
"ANTONINA DO NORTE","CE","-6.77","-39.979999999999997"
"ANTONIO ALMEIDA","PI","-7.21","-44.19"
"ANTONIO CARDOSO","BA","-12.43","-39.119999999999997"
"ANTONIO CARLOS","MG","-21.31","-43.74"
"ANTONIO CARLOS","SC","-27.51","-48.76"
"ANTONIO DIAS","MG","-19.649999999999999","-42.87"
"ANTONIO GONCALVES","BA","-10.57","-40.270000000000003"
"ANTONIO JOAO","MS","-22.19","-55.94"
"ANTONIO MARTINS","RN","-6.21","-37.9"
"ANTONIO OLINTO","PR","-25.98","-50.19"
"ANTONIO PRADO","RS","-28.85","-51.28"
"ANTONIO PRADO DE MINAS","MG","-21.01","-42.1"
"APARECIDA","PB","-6.78","-38.08"
"APARECIDA","SP","-22.84","-45.23"
"APARECIDA DE GOIANIA","GO","-16.82","-49.24"
"APARECIDA DO RIO DOCE","GO","-18.29","-51.14"
"APARECIDA DO RIO NEGRO","TO","-9.9499999999999993","-47.97"
"APARECIDA DO TABOADO","MS","-20.079999999999998","-51.09"
"APARECIDA D'OESTE","SP","-20.440000000000001","-50.88"
"APERIBE","RJ","-21.62","-42.1"
"APIACA","ES","-21.15","-41.56"
"APIACAS","MT","-9.5399999999999991","-57.44"
"APIAI","SP","-24.5","-48.84"
"APICUM-ACU","MA","-1.46","-45.1"
"APIUNA","SC","-27.03","-49.39"
"APODI","RN","-5.66","-37.79"
"APORA","BA","-11.66","-38.08"
"APORE","GO","-18.96","-51.92"
"APUAREMA","BA","-13.85","-39.74"
"APUCARANA","PR","-23.55","-51.46"
"APUI","AM","-7.19","-59.89"
"APUIARES","CE","-3.94","-39.43"
"AQUIDABA","SE","-10.28","-37.01"
"AQUIDAUANA","MS","-20.47","-55.78"
"AQUIRAZ","CE","-3.9","-38.39"
"ARABUTA","SC","-27.16","-52.14"
"ARACAGI","PB","-6.85","-35.380000000000003"
"ARACAI","MG","-19.190000000000001","-44.24"
"ARACAJU","SE","-10.91","-37.07"
"ARACARIGUAMA","SP","-23.43","-47.06"
"ARACAS","BA","-12.22","-38.200000000000003"
"ARACATI","CE","-4.5599999999999996","-37.770000000000003"
"ARACATU","BA","-14.42","-41.46"
"ARACATUBA","SP","-21.2","-50.43"
"ARACI","BA","-11.33","-38.96"
"ARACITABA","MG","-21.34","-43.37"
"ARACOIABA","CE","-4.37","-38.81"
"ARACOIABA","PE","-7.79","-35.090000000000003"
"ARACOIABA DA SERRA","SP","-23.5","-47.61"
"ARACRUZ","ES","-19.82","-40.270000000000003"
"ARACU","GO","-16.350000000000001","-49.68"
"ARACUAI","MG","-16.850000000000001","-42.07"
"ARAGARCAS","GO","-15.89","-52.25"
"ARAGOIANIA","GO","-16.91","-49.45"
"ARAGOMINAS","TO","-7.16","-48.52"
"ARAGUACEMA","TO","-8.8000000000000007","-49.55"
"ARAGUACU","TO","-12.93","-49.82"
"ARAGUAIANA","MT","-15.73","-51.83"
"ARAGUAINA","TO","-7.19","-48.2"
"ARAGUAINHA","MT","-16.850000000000001","-53.03"
"ARAGUANA","MA","-2.95","-45.66"
"ARAGUANA","TO","-6.58","-48.64"
"ARAGUAPAZ","GO","-15.09","-50.63"
"ARAGUARI","MG","-18.64","-48.18"
"ARAGUATINS","TO","-5.65","-48.12"
"ARAIOSES","MA","-2.89","-41.9"
"ARAL MOREIRA","MS","-22.93","-55.63"
"ARAMARI","BA","-12.08","-38.49"
"ARAMBARE","RS","-30.91","-51.49"
"ARAME","MA","-4.7300000000000004","-45.9"
"ARAMINA","SP","-20.09","-47.78"
"ARANDU","SP","-23.13","-49.05"
"ARANTINA","MG","-21.91","-44.25"
"ARAPEI","SP","-22.67","-44.44"
"ARAPIRACA","AL","-9.75","-36.659999999999997"
"ARAPOEMA","TO","-7.65","-49.06"
"ARAPONGA","MG","-20.66","-42.52"
"ARAPONGAS","PR","-23.41","-51.42"
"ARAPORA","MG","-18.43","-49.18"
"ARAPOTI","PR","-24.15","-49.82"
"ARAPUA","MG","-19.03","-46.15"
"ARAPUA","PR","-24.31","-51.78"
"ARAPUTANGA","MT","-15.47","-58.35"
"ARAQUARI","SC","-26.37","-48.72"
"ARARA","PB","-6.82","-35.75"
"ARARANGUA","SC","-28.93","-49.48"
"ARARAQUARA","SP","-21.79","-48.17"
"ARARAS","SP","-22.35","-47.38"
"ARARENDA","CE","-4.75","-40.83"
"ARARI","MA","-3.45","-44.78"
"ARARICA","RS","-29.61","-50.92"
"ARARIPE","CE","-7.21","-40.04"
"ARARIPINA","PE","-7.57","-40.49"
"ARARUAMA","RJ","-22.87","-42.34"
"ARARUNA","PB","-6.55","-35.74"
"ARARUNA","PR","-23.93","-52.49"
"ARATACA","BA","-15.26","-39.409999999999997"
"ARATIBA","RS","-27.39","-52.3"
"ARATUBA","CE","-4.41","-39.04"
"ARATUIPE","BA","-13.07","-39"
"ARAUA","SE","-11.26","-37.619999999999997"
"ARAUCARIA","PR","-25.59","-49.41"
"ARAUJOS","MG","-19.940000000000001","-45.16"
"ARAXA","MG","-19.59","-46.94"
"ARCEBURGO","MG","-21.36","-46.94"
"ARCO-IRIS","SP","-21.77","-50.46"
"ARCOS","MG","-20.28","-45.53"
"ARCOVERDE","PE","-8.41","-37.049999999999997"
"AREADO","MG","-21.35","-46.14"
"AREAL","RJ","-22.23","-43.1"
"AREALVA","SP","-22.02","-48.91"
"AREIA","PB","-6.96","-35.69"
"AREIA BRANCA","RN","-4.95","-37.130000000000003"
"AREIA BRANCA","SE","-10.75","-37.31"
"AREIA DE BARAUNAS","PB","-7.12","-36.94"
"AREIAL","PB","-7.02","-35.9"
"AREIAS","SP","-22.58","-44.69"
"AREIOPOLIS","SP","-22.66","-48.66"
"ARENAPOLIS","MT","-14.45","-56.84"
"ARENOPOLIS","GO","-16.38","-51.56"
"ARES","RN","-6.19","-35.159999999999997"
"ARGIRITA","MG","-21.61","-42.83"
"ARICANDUVA","MG","-17.86","-42.55"
"ARINOS","MG","-15.91","-46.1"
"ARIPUANA","MT","-10.16","-59.45"
"ARIQUEMES","RO","-9.91","-63.04"
"ARIRANHA","SP","-21.18","-48.78"
"ARIRANHA DO IVAI","PR","-24.38","-51.58"
"ARMACAO DE BUZIOS","RJ","-22.74","-41.88"
"ARMAZEM","SC","-28.26","-49.01"
"ARNEIROZ","CE","-6.32","-40.159999999999997"
"AROAZES","PI","-6.11","-41.79"
"AROEIRAS","PB","-7.54","-35.700000000000003"
"ARRAIAL","PI","-6.65","-42.53"
"ARRAIAL DO CABO","RJ","-22.96","-42.02"
"ARRAIAS","TO","-12.93","-46.93"
"ARROIO DO MEIO","RS","-29.4","-51.94"
"ARROIO DO SAL","RS","-29.55","-49.88"
"ARROIO DO TIGRE","RS","-29.33","-53.09"
"ARROIO DOS RATOS","RS","-30.07","-51.72"
"ARROIO GRANDE","RS","-32.229999999999997","-53.08"
"ARROIO TRINTA","SC","-26.93","-51.33"
"ARTUR NOGUEIRA","SP","-22.57","-47.17"
"ARUANA","GO","-14.92","-51.08"
"ARUJA","SP","-23.39","-46.32"
"ARVOREDO","SC","-27.07","-52.45"
"ARVOREZINHA","RS","-28.87","-52.17"
"ASCURRA","SC","-26.95","-49.37"
"ASPASIA","SP","-20.149999999999999","-50.72"
"ASSAI","PR","-23.37","-50.84"
"ASSARE","CE","-6.87","-39.869999999999997"
"ASSIS","SP","-22.66","-50.41"
"ASSIS BRASIL","AC","-10.94","-69.56"
"ASSIS CHATEAUBRIAND","PR","-24.42","-53.52"
"ASSUNCAO","PB","-7.07","-36.729999999999997"
"ASSUNCAO DO PIAUI","PI","-5.86","-41.03"
"ASTOLFO DUTRA","MG","-21.31","-42.86"
"ASTORGA","PR","-23.23","-51.66"
"ATALAIA","AL","-9.5","-36.020000000000003"
"ATALAIA","PR","-23.15","-52.05"
"ATALAIA DO NORTE","AM","-4.37","-70.19"
"ATALANTA","SC","-27.42","-49.78"
"ATALEIA","MG","-18.04","-41.11"
"ATIBAIA","SP","-23.11","-46.55"
"ATILIO VIVACQUA","ES","-20.91","-41.19"
"AUGUSTINOPOLIS","TO","-5.46","-47.88"
"AUGUSTO CORREA","PA","-1.02","-46.64"
"AUGUSTO DE LIMA","MG","-18.100000000000001","-44.26"
"AUGUSTO PESTANA","RS","-28.51","-53.99"
"AUGUSTO SEVERO","RN","-5.86","-37.31"
"AUREA","RS","-27.69","-52.04"
"AURELINO LEAL","BA","-14.31","-39.32"
"AURIFLAMA","SP","-20.68","-50.55"
"AURILANDIA","GO","-16.68","-50.46"
"AURORA","CE","-6.94","-38.96"
"AURORA","SC","-27.31","-49.63"
"AURORA DO PARA","PA","-2.13","-47.56"
"AURORA DO TOCANTINS","TO","-12.71","-46.4"
"AUTAZES","AM","-3.58","-59.13"
"AVAI","SP","-22.14","-49.33"
"AVANHANDAVA","SP","-21.46","-49.95"
"AVARE","SP","-23.09","-48.92"
"AVEIRO","PA","-3.6","-55.33"
"AVELINO LOPES","PI","-10.130000000000001","-43.94"
"AVELINOPOLIS","GO","-16.46","-49.75"
"AXIXA","MA","-2.83","-44.05"
"AXIXA DO TOCANTINS","TO","-5.61","-47.76"
"BABACULANDIA","TO","-7.2","-47.75"
"BACABAL","MA","-4.22","-44.78"
"BACABEIRA","MA","-2.97","-44.31"
"BACURI","MA","-1.7","-45.13"
"BACURITUBA","MA","-2.7","-44.73"
"BADY BASSITT","SP","-20.91","-49.44"
"BAEPENDI","MG","-21.95","-44.89"
"BAGE","RS","-31.33","-54.1"
"BAGRE","PA","-1.9","-50.16"
"BAIA DA TRAICAO","PB","-6.68","-34.93"
"BAIA FORMOSA","RN","-6.36","-35"
"BAIANOPOLIS","BA","-12.3","-44.53"
"BAIAO","PA","-2.79","-49.67"
"BAIXA GRANDE","BA","-11.96","-40.159999999999997"
"BAIXA GRANDE DO RIBEIRO","PI","-7.85","-45.21"
"BAIXIO","CE","-6.73","-38.71"
"BAIXO GUANDU","ES","-19.510000000000002","-41.01"
"BALBINOS","SP","-21.9","-49.35"
"BALDIM","MG","-19.28","-43.95"
"BALIZA","GO","-16.190000000000001","-52.54"
"BALNEARIO ARROIO DO SILVA","SC","-28.98","-49.41"
"BALNEARIO BARRA DO SUL","SC","-26.45","-48.61"
"BALNEARIO CAMBORIU","SC","-26.99","-48.63"
"BALNEARIO GAIVOTA","SC","-29.15","-49.57"
"BALNEARIO PINHAL","RS","-30.24","-50.23"
"BALSA NOVA","PR","-25.58","-49.63"
"BALSAMO","SP","-20.73","-49.58"
"BALSAS","MA","-7.53","-46.03"
"BAMBUI","MG","-20","-45.97"
"BANABUIU","CE","-5.31","-38.92"
"BANANAL","SP","-22.68","-44.32"
"BANANEIRAS","PB","-6.75","-35.630000000000003"
"BANDEIRA","MG","-15.88","-40.549999999999997"
"BANDEIRA DO SUL","MG","-21.72","-46.38"
"BANDEIRANTE","SC","-26.76","-53.63"
"BANDEIRANTES","MS","-19.91","-54.36"
"BANDEIRANTES","PR","-23.11","-50.36"
"BANDEIRANTES DO TOCANTINS","TO","-7.75","-48.58"
"BANNACH","PA","-7.34","-50.39"
"BANZAE","BA","-10.57","-38.61"
"BARAO","RS","-29.37","-51.49"
"BARAO DE ANTONINA","SP","-23.62","-49.56"
"BARAO DE COCAIS","MG","-19.940000000000001","-43.48"
"BARAO DE COTEGIPE","RS","-27.62","-52.38"
"BARAO DE GRAJAU","MA","-6.75","-43.02"
"BARAO DE MELGACO","MT","-16.27","-55.95"
"BARAO DE MONTE ALTO","MG","-21.24","-42.23"
"BARAO DO TRIUNFO","RS","-30.38","-51.73"
"BARAUNA","PB","-6.64","-36.25"
"BARAUNA","RN","-5.08","-37.61"
"BARBACENA","MG","-21.22","-43.77"
"BARBALHA","CE","-7.3","-39.299999999999997"
"BARBOSA","SP","-21.26","-49.94"
"BARBOSA FERRAZ","PR","-24.03","-52.01"
"BARCARENA","PA","-1.5","-48.62"
"BARCELONA","RN","-5.95","-35.92"
"BARCELOS","AM","-0.97","-62.92"
"BARIRI","SP","-22.07","-48.74"
"BARRA","BA","-11.08","-43.14"
"BARRA BONITA","SC","-26.65","-53.44"
"BARRA BONITA","SP","-22.49","-48.55"
"BARRA DA ESTIVA","BA","-13.62","-41.32"
"BARRA D'ALCANTARA","PI","-6.51","-42.11"
"BARRA DE GUABIRABA","PE","-8.42","-35.65"
"BARRA DE SANTA ROSA","PB","-6.72","-36.06"
"BARRA DE SANTANA","PB","-7.52","-36"
"BARRA DE SANTO ANTONIO","AL","-9.4","-35.5"
"BARRA DE SAO FRANCISCO","ES","-18.75","-40.89"
"BARRA DE SAO MIGUEL","AL","-9.84","-35.9"
"BARRA DE SAO MIGUEL","PB","-7.75","-36.31"
"BARRA DO BUGRES","MT","-15.07","-57.18"
"BARRA DO CHAPEU","SP","-24.47","-49.02"
"BARRA DO CHOCA","BA","-14.88","-40.57"
"BARRA DO CORDA","MA","-5.5","-45.24"
"BARRA DO GARCAS","MT","-15.89","-52.25"
"BARRA DO GUARITA","RS","-27.19","-53.71"
"BARRA DO JACARE","PR","-23.11","-50.18"
"BARRA DO MENDES","BA","-11.81","-42.05"
"BARRA DO OURO","TO","-7.68","-47.68"
"BARRA DO PIRAI","RJ","-22.47","-43.82"
"BARRA DO QUARAI","RS","-30.2","-57.55"
"BARRA DO RIBEIRO","RS","-30.29","-51.3"
"BARRA DO RIO AZUL","RS","-27.4","-52.41"
"BARRA DO ROCHA","BA","-14.21","-39.6"
"BARRA DO TURVO","SP","-24.75","-48.5"
"BARRA DOS COQUEIROS","SE","-10.9","-37.03"
"BARRA FUNDA","RS","-27.92","-53.03"
"BARRA LONGA","MG","-20.28","-43.04"
"BARRA MANSA","RJ","-22.54","-44.17"
"BARRA VELHA","SC","-26.63","-48.68"
"BARRACAO","PR","-26.25","-53.63"
"BARRACAO","RS","-27.67","-51.46"
"BARRAS","PI","-4.24","-42.29"
"BARREIRA","CE","-4.28","-38.64"
"BARREIRAS","BA","-12.15","-44.99"
"BARREIRAS DO PIAUI","PI","-9.92","-45.47"
"BARREIRINHA","AM","-2.79","-57.07"
"BARREIRINHAS","MA","-2.74","-42.82"
"BARREIROS","PE","-8.81","-35.18"
"BARRETOS","SP","-20.55","-48.56"
"BARRINHA","SP","-21.19","-48.16"
"BARRO","CE","-7.17","-38.78"
"BARRO ALTO","BA","-11.76","-41.91"
"BARRO ALTO","GO","-14.97","-48.91"
"BARRO DURO","PI","-5.81","-42.51"
"BARRO PRETO","BA","-14.81","-39.47"
"BARROLANDIA","TO","-9.83","-48.72"
"BARROQUINHA","CE","-3.01","-41.13"
"BARROS CASSAL","RS","-29.09","-52.58"
"BARROSO","MG","-21.18","-43.97"
"BARUERI","SP","-23.51","-46.87"
"BASTOS","SP","-21.92","-50.73"
"BATAGUASSU","MS","-21.71","-52.42"
"BATAIPORA","MS","-22.29","-53.27"
"BATALHA","AL","-9.67","-37.119999999999997"
"BATALHA","PI","-4.0199999999999996","-42.07"
"BATATAIS","SP","-20.89","-47.58"
"BATURITE","CE","-4.32","-38.880000000000003"
"BAURU","SP","-22.31","-49.06"
"BAYEUX","PB","-7.12","-34.93"
"BEBEDOURO","SP","-20.94","-48.47"
"BEBERIBE","CE","-4.18","-38.130000000000003"
"BELA CRUZ","CE","-3.05","-40.159999999999997"
"BELA VISTA","MS","-22.1","-56.52"
"BELA VISTA DA CAROBA","PR","-25.88","-53.66"
"BELA VISTA DE GOIAS","GO","-16.97","-48.95"
"BELA VISTA DE MINAS","MG","-19.829999999999998","-43.09"
"BELA VISTA DO MARANHAO","MA","-3.73","-45.31"
"BELA VISTA DO PARAISO","PR","-22.99","-51.19"
"BELA VISTA DO PIAUI","PI","-7.98","-41.86"
"BELA VISTA DO TOLDO","SC","-26.27","-50.46"
"BELAGUA","MA","-3.15","-43.51"
"BELEM","AL","-9.57","-36.49"
"BELEM","PA","-1.45","-48.5"
"BELEM","PB","-6.74","-35.51"
"BELEM DE MARIA","PE","-8.61","-35.799999999999997"
"BELEM DE SAO FRANCISCO","PE","-8.75","-38.96"
"BELEM DO BREJO DO CRUZ","PB","-6.18","-37.53"
"BELEM DO PIAUI","PI","-7.37","-40.97"
"BELFORD ROXO","RJ","-22.76","-43.39"
"BELMIRO BRAGA","MG","-21.94","-43.41"
"BELMONTE","BA","-15.86","-38.880000000000003"
"BELMONTE","SC","-26.84","-53.57"
"BELO CAMPO","BA","-15.03","-41.26"
"BELO HORIZONTE","MG","-19.809999999999999","-43.95"
"BELO JARDIM","PE","-8.33","-36.42"
"BELO MONTE","AL","-9.82","-37.28"
"BELO ORIENTE","MG","-19.22","-42.48"
"BELO VALE","MG","-20.399999999999999","-44.02"
"BELTERRA","PA","-2.63","-54.93"
"BENEDITINOS","PI","-5.45","-42.36"
"BENEDITO LEITE","MA","-7.22","-44.55"
"BENEDITO NOVO","SC","-26.78","-49.36"
"BENEVIDES","PA","-1.36","-48.24"
"BENJAMIN CONSTANT","AM","-4.38","-70.03"
"BENJAMIN CONSTANT DO SUL","RS","-27.51","-52.59"
"BENTO DE ABREU","SP","-21.27","-50.81"
"BENTO FERNANDES","RN","-5.69","-35.82"
"BENTO GONCALVES","RS","-29.17","-51.51"
"BEQUIMAO","MA","-2.44","-44.78"
"BERILO","MG","-16.95","-42.46"
"BERIZAL","MG","-15.61","-41.74"
"BERNARDINO BATISTA","PB","-6.45","-38.549999999999997"
"BERNARDINO DE CAMPOS","SP","-23.01","-49.47"
"BERNARDO DO MEARIM","MA","-4.58","-44.76"
"BERNARDO SAYAO","TO","-7.87","-48.88"
"BERTIOGA","SP","-23.85","-46.13"
"BERTOLINIA","PI","-7.64","-43.95"
"BERTOPOLIS","MG","-17.059999999999999","-40.57"
"BERURI","AM","-3.89","-61.37"
"BETANIA","PE","-8.27","-38.03"
"BETANIA DO PIAUI","PI","-8.14","-40.79"
"BETIM","MG","-19.96","-44.19"
"BEZERROS","PE","-8.23","-35.79"
"BIAS FORTES","MG","-21.6","-43.75"
"BICAS","MG","-21.72","-43.05"
"BIGUACU","SC","-27.49","-48.65"
"BILAC","SP","-21.4","-50.47"
"BIQUINHAS","MG","-18.78","-45.5"
"BIRIGUI","SP","-21.28","-50.34"
"BIRITIBA-MIRIM","SP","-23.57","-46.03"
"BIRITINGA","BA","-11.61","-38.799999999999997"
"BITURUNA","PR","-26.16","-51.55"
"BLUMENAU","SC","-26.91","-49.06"
"BOA ESPERANCA","ES","-18.54","-40.29"
"BOA ESPERANCA","MG","-21.09","-45.56"
"BOA ESPERANCA","PR","-24.24","-52.78"
"BOA ESPERANCA DO IGUACU","PR","-25.63","-53.21"
"BOA ESPERANCA DO SUL","SP","-21.99","-48.39"
"BOA HORA","PI","-4.41","-42.08"
"BOA NOVA","BA","-14.36","-40.200000000000003"
"BOA VENTURA","PB","-7.41","-38.21"
"BOA VENTURA DE SAO ROQUE","PR","-24.86","-51.62"
"BOA VIAGEM","CE","-5.12","-39.729999999999997"
"BOA VISTA","PB","-7.25","-36.24"
"BOA VISTA","RR","2.82","-60.67"
"BOA VISTA DA APARECIDA","PR","-25.43","-53.4"
"BOA VISTA DAS MISSOES","RS","-27.66","-53.31"
"BOA VISTA DO BURICA","RS","-27.66","-54.11"
"BOA VISTA DO GURUPI","MA","-1.78","-46.3"
"BOA VISTA DO RAMOS","AM","-2.97","-57.59"
"BOA VISTA DO SUL","RS","-29.35","-51.67"
"BOA VISTA DO TUPIM","BA","-12.66","-40.6"
"BOCA DA MATA","AL","-9.64","-36.22"
"BOCA DO ACRE","AM","-8.75","-67.39"
"BOCAINA","PI","-6.94","-41.32"
"BOCAINA","SP","-22.13","-48.51"
"BOCAINA DE MINAS","MG","-22.16","-44.39"
"BOCAINA DO SUL","SC","-27.74","-49.94"
"BOCAIUVA","MG","-17.100000000000001","-43.81"
"BOCAIUVA DO SUL","PR","-25.2","-49.11"
"BODO","RN","-5.98","-36.409999999999997"
"BODOCO","PE","-7.77","-39.94"
"BODOQUENA","MS","-20.53","-56.71"
"BOFETE","SP","-23.1","-48.25"
"BOITUVA","SP","-23.28","-47.67"
"BOM CONSELHO","PE","-9.17","-36.68"
"BOM DESPACHO","MG","-19.73","-45.25"
"BOM JARDIM","MA","-3.56","-45.99"
"BOM JARDIM","PE","-7.79","-35.58"
"BOM JARDIM","RJ","-22.15","-42.41"
"BOM JARDIM DA SERRA","SC","-28.33","-49.62"
"BOM JARDIM DE GOIAS","GO","-16.21","-52.17"
"BOM JARDIM DE MINAS","MG","-21.94","-44.19"
"BOM JESUS","PB","-6.81","-38.65"
"BOM JESUS","PI","-9.07","-44.35"
"BOM JESUS","RN","-5.98","-35.58"
"BOM JESUS","RS","-28.66","-50.41"
"BOM JESUS","SC","-26.73","-52.39"
"BOM JESUS DA LAPA","BA","-13.25","-43.41"
"BOM JESUS DA PENHA","MG","-21.01","-46.52"
"BOM JESUS DA SERRA","BA","-14.37","-40.5"
"BOM JESUS DAS SELVAS","MA","-4.42","-46.76"
"BOM JESUS DE GOIAS","GO","-18.21","-49.74"
"BOM JESUS DO AMPARO","MG","-19.7","-43.47"
"BOM JESUS DO GALHO","MG","-19.82","-42.31"
"BOM JESUS DO ITABAPOANA","RJ","-21.13","-41.68"
"BOM JESUS DO NORTE","ES","-21.11","-41.67"
"BOM JESUS DO OESTE","SC","-26.69","-53.09"
"BOM JESUS DO SUL","PR","-26.19","-53.59"
"BOM JESUS DO TOCANTINS","PA","-5.05","-48.6"
"BOM JESUS DO TOCANTINS","TO","-8.9600000000000009","-48.16"
"BOM JESUS DOS PERDOES","SP","-23.13","-46.46"
"BOM LUGAR","MA","-4.22","-45.03"
"BOM PRINCIPIO","RS","-29.48","-51.35"
"BOM PRINCIPIO DO PIAUI","PI","-3.19","-41.64"
"BOM PROGRESSO","RS","-27.54","-53.86"
"BOM REPOUSO","MG","-22.47","-46.14"
"BOM RETIRO","SC","-27.79","-49.48"
"BOM RETIRO DO SUL","RS","-29.6","-51.94"
"BOM SUCESSO","MG","-21.03","-44.75"
"BOM SUCESSO","PB","-6.44","-37.92"
"BOM SUCESSO","PR","-23.71","-51.76"
"BOM SUCESSO DE ITARARE","SP","-24.31","-49.14"
"BOM SUCESSO DO SUL","PR","-26.07","-52.83"
"BOMBINHAS","SC","-27.13","-48.51"
"BONFIM","MG","-20.32","-44.23"
"BONFIM","RR","3.36","-59.83"
"BONFIM DO PIAUI","PI","-9.16","-42.87"
"BONFINOPOLIS","GO","-16.61","-48.96"
"BONFINOPOLIS DE MINAS","MG","-16.559999999999999","-45.99"
"BONINAL","BA","-12.7","-41.82"
"BONITO","BA","-11.96","-41.26"
"BONITO","MS","-21.12","-56.48"
"BONITO","PA","-1.36","-47.3"
"BONITO","PE","-8.4700000000000006","-35.72"
"BONITO DE MINAS","MG","-15.32","-44.75"
"BONITO DE SANTA FE","PB","-7.31","-38.51"
"BONOPOLIS","GO","-13.63","-49.81"
"BOQUEIRAO","PB","-7.48","-36.130000000000003"
"BOQUEIRAO DO LEAO","RS","-29.3","-52.42"
"BOQUEIRAO DO PIAUI","PI","-4.4800000000000004","-42.07"
"BOQUIM","SE","-11.14","-37.619999999999997"
"BOQUIRA","BA","-12.82","-42.73"
"BORA","SP","-22.27","-50.53"
"BORACEIA","SP","-22.19","-48.77"
"BORBA","AM","-4.38","-59.59"
"BORBOREMA","PB","-6.8","-35.619999999999997"
"BORBOREMA","SP","-21.62","-49.07"
"BORDA DA MATA","MG","-22.27","-46.16"
"BOREBI","SP","-22.56","-48.97"
"BORRAZOPOLIS","PR","-23.94","-51.58"
"BOSSOROCA","RS","-28.73","-54.9"
"BOTELHOS","MG","-21.63","-46.39"
"BOTUCATU","SP","-22.88","-48.44"
"BOTUMIRIM","MG","-16.87","-43.01"
"BOTUPORA","BA","-13.38","-42.52"
"BOTUVERA","SC","-27.19","-49.07"
"BRACO DO NORTE","SC","-28.27","-49.16"
"BRACO DO TROMBUDO","SC","-27.35","-49.88"
"BRAGA","RS","-27.61","-53.73"
"BRAGANCA","PA","-1.06","-46.77"
"BRAGANCA PAULISTA","SP","-22.95","-46.54"
"BRAGANEY","PR","-24.81","-53.12"
"BRANQUINHA","AL","-9.24","-36.01"
"BRAS PIRES","MG","-20.92","-43.24"
"BRASIL NOVO","PA","-3.26","-52.66"
"BRASILANDIA","MS","-21.25","-52.03"
"BRASILANDIA DE MINAS","MG","-17.010000000000002","-46"
"BRASILANDIA DO SUL","PR","-24.19","-53.52"
"BRASILANDIA DO TOCANTINS","TO","-8.3800000000000008","-48.48"
"BRASILEIA","AC","-11.01","-68.739999999999995"
"BRASILEIRA","PI","-4.13","-41.78"
"BRASILIA","DF","-15.78","-47.93"
"BRASILIA DE MINAS","MG","-16.2","-44.42"
"BRASNORTE","MT","-12.15","-57.97"
"BRASOPOLIS","MG","-22.47","-45.6"
"BRAUNA","SP","-21.49","-50.31"
"BRAUNAS","MG","-19.05","-42.71"
"BRAZABRANTES","GO","-16.43","-49.38"
"BREJAO","PE","-9.0299999999999994","-36.56"
"BREJETUBA","ES","-20.14","-41.29"
"BREJINHO","PE","-7.34","-37.28"
"BREJINHO","RN","-6.19","-35.35"
"BREJINHO DE NAZARE","TO","-11","-48.56"
"BREJO","MA","-3.68","-42.75"
"BREJO ALEGRE","SP","-21.16","-50.18"
"BREJO DA MADRE DE DEUS","PE","-8.14","-36.369999999999997"
"BREJO DE AREIA","MA","-4.08","-45.49"
"BREJO DO CRUZ","PB","-6.34","-37.49"
"BREJO DO PIAUI","PI","-8.2100000000000009","-42.82"
"BREJO DOS SANTOS","PB","-6.37","-37.82"
"BREJO GRANDE","SE","-10.42","-36.46"
"BREJO GRANDE DO ARAGUAIA","PA","-5.69","-48.41"
"BREJO SANTO","CE","-7.49","-38.979999999999997"
"BREJOES","BA","-13.1","-39.79"
"BREJOLANDIA","BA","-12.48","-43.96"
"BREU BRANCO","PA","-4","-49.46"
"BREVES","PA","-1.68","-50.48"
"BRITANIA","GO","-15.24","-51.16"
"BROCHIER","RS","-29.55","-51.59"
"BRODOSQUI","SP","-20.99","-47.65"
"BROTAS","SP","-22.28","-48.12"
"BROTAS DE MACAUBAS","BA","-11.99","-42.62"
"BRUMADINHO","MG","-20.14","-44.2"
"BRUMADO","BA","-14.2","-41.66"
"BRUNOPOLIS","SC","-27.3","-50.86"
"BRUSQUE","SC","-27.09","-48.91"
"BUENO BRANDAO","MG","-22.44","-46.35"
"BUENOPOLIS","MG","-17.87","-44.18"
"BUENOS AIRES","PE","-7.72","-35.32"
"BUERAREMA","BA","-14.95","-39.299999999999997"
"BUGRE","MG","-19.420000000000002","-42.24"
"BUIQUE","PE","-8.6199999999999992","-37.15"
"BUJARI","AC","-9.83","-67.95"
"BUJARU","PA","-1.51","-48.04"
"BURI","SP","-23.79","-48.59"
"BURITAMA","SP","-21.06","-50.14"
"BURITI","MA","-3.94","-42.92"
"BURITI ALEGRE","GO","-18.14","-49.04"
"BURITI BRAVO","MA","-5.83","-43.83"
"BURITI DE GOIAS","GO","-16.18","-50.43"
"BURITI DO TOCANTINS","TO","-5.31","-48.22"
"BURITI DOS LOPES","PI","-3.17","-41.86"
"BURITI DOS MONTES","PI","-5.31","-41.09"
"BURITICUPU","MA","-4.34","-46.4"
"BURITINOPOLIS","GO","-14.47","-46.4"
"BURITIRAMA","BA","-10.7","-43.63"
"BURITIRANA","MA","-5.59","-47.01"
"BURITIS","MG","-15.61","-46.42"
"BURITIS","RO","-10.210000000000001","-63.82"
"BURITIZAL","SP","-20.190000000000001","-47.7"
"BURITIZEIRO","MG","-17.350000000000001","-44.96"
"BUTIA","RS","-30.12","-51.96"
"CAAPIRANGA","AM","-3.32","-61.2"
"CAAPORA","PB","-7.51","-34.9"
"CAARAPO","MS","-22.63","-54.82"
"CAATIBA","BA","-14.97","-40.4"
"CABACEIRAS","PB","-7.48","-36.28"
"CABACEIRAS DO PARAGUACU","BA","-12.53","-39.19"
"CABECEIRA GRANDE","MG","-16.03","-47.09"
"CABECEIRAS","GO","-15.8","-46.92"
"CABECEIRAS DO PIAUI","PI","-4.47","-42.3"
"CABEDELO","PB","-6.98","-34.83"
"CABIXI","RO","-13.49","-60.55"
"CABO DE SANTO AGOSTINHO","PE","-8.2799999999999994","-35.03"
"CABO FRIO","RJ","-22.87","-42.01"
"CABO VERDE","MG","-21.47","-46.39"
"CABRALIA PAULISTA","SP","-22.45","-49.33"
"CABREUVA","SP","-23.3","-47.13"
"CABROBO","PE","-8.51","-39.299999999999997"
"CACADOR","SC","-26.77","-51.01"
"CACAPAVA","SP","-23.1","-45.7"
"CACAPAVA DO SUL","RS","-30.51","-53.49"
"CACAULANDIA","RO","-10.34","-62.89"
"CACEQUI","RS","-29.88","-54.82"
"CACERES","MT","-16.07","-57.67"
"CACHOEIRA","BA","-12.61","-38.950000000000003"
"CACHOEIRA ALTA","GO","-18.760000000000002","-50.94"
"CACHOEIRA DA PRATA","MG","-19.52","-44.45"
"CACHOEIRA DE GOIAS","GO","-16.66","-50.64"
"CACHOEIRA DE MINAS","MG","-22.35","-45.77"
"CACHOEIRA DE PAJEU","MG","-15.96","-41.49"
"CACHOEIRA DO ARARI","PA","-1.01","-48.96"
"CACHOEIRA DO PIRIA","PA","-1.67","-46.52"
"CACHOEIRA DO SUL","RS","-30.03","-52.89"
"CACHOEIRA DOS INDIOS","PB","-6.92","-38.67"
"CACHOEIRA DOURADA","GO","-18.489999999999998","-49.47"
"CACHOEIRA DOURADA","MG","-18.510000000000002","-49.5"
"CACHOEIRA GRANDE","MA","-2.92","-44.05"
"CACHOEIRA PAULISTA","SP","-22.66","-45"
"CACHOEIRAS DE MACACU","RJ","-22.46","-42.65"
"CACHOEIRINHA","PE","-8.48","-36.229999999999997"
"CACHOEIRINHA","RS","-29.95","-51.09"
"CACHOEIRINHA","TO","-6.12","-47.92"
"CACHOEIRO DE ITAPEMIRIM","ES","-20.84","-41.11"
"CACIMBA DE AREIA","PB","-7.12","-37.15"
"CACIMBA DE DENTRO","PB","-6.64","-35.79"
"CACIMBAS","PB","-7.21","-37.049999999999997"
"CACIMBINHAS","AL","-9.4","-36.99"
"CACIQUE DOBLE","RS","-27.77","-51.66"
"CACOAL","RO","-11.43","-61.44"
"CACONDE","SP","-21.52","-46.64"
"CACU","GO","-18.55","-51.13"
"CACULE","BA","-14.5","-42.22"
"CAEM","BA","-11.09","-40.43"
"CAETANOPOLIS","MG","-19.29","-44.41"
"CAETANOS","BA","-14.33","-40.909999999999997"
"CAETE","MG","-19.88","-43.67"
"CAETES","PE","-8.77","-36.619999999999997"
"CAETITE","BA","-14.06","-42.47"
"CAFARNAUM","BA","-11.69","-41.46"
"CAFEARA","PR","-22.79","-51.71"
"CAFELANDIA","PR","-24.61","-53.32"
"CAFELANDIA","SP","-21.8","-49.61"
"CAFEZAL DO SUL","PR","-23.9","-53.51"
"CAIABU","SP","-22.01","-51.23"
"CAIANA","MG","-20.69","-41.92"
"CAIAPONIA","GO","-16.95","-51.81"
"CAIBATE","RS","-28.28","-54.63"
"CAIBI","SC","-27.07","-53.24"
"CAICARA","PB","-6.55","-35.409999999999997"
"CAICARA","RS","-27.27","-53.43"
"CAICARA DO NORTE","RN","-5.09","-35.950000000000003"
"CAICARA DO RIO DO VENTO","RN","-5.76","-35.99"
"CAICO","RN","-6.45","-37.090000000000003"
"CAIEIRAS","SP","-23.36","-46.74"
"CAIRU","BA","-13.48","-39.04"
"CAIUA","SP","-21.83","-51.99"
"CAJAMAR","SP","-23.35","-46.87"
"CAJAPIO","MA","-2.88","-44.67"
"CAJARI","MA","-3.32","-45.01"
"CAJATI","SP","-24.73","-48.12"
"CAJAZEIRAS","PB","-6.89","-38.56"
"CAJAZEIRAS DO PIAUI","PI","-6.76","-42.39"
"CAJAZEIRINHAS","PB","-6.96","-37.799999999999997"
"CAJOBI","SP","-20.88","-48.8"
"CAJUEIRO","AL","-9.39","-36.15"
"CAJUEIRO DA PRAIA","PI","-2.92","-41.33"
"CAJURI","MG","-20.79","-42.79"
"CAJURU","SP","-21.27","-47.3"
"CALCADO","PE","-8.74","-36.33"
"CALCOENE","AP","2.4900000000000002","-50.94"
"CALDAS","MG","-21.92","-46.38"
"CALDAS BRANDAO","PB","-7.1","-35.32"
"CALDAS NOVAS","GO","-17.739999999999998","-48.62"
"CALDAZINHA","GO","-16.71","-49"
"CALDEIRAO GRANDE","BA","-11.02","-40.299999999999997"
"CALDEIRAO GRANDE DO PIAUI","PI","-7.33","-40.630000000000003"
"CALIFORNIA","PR","-23.65","-51.35"
"CALMON","SC","-26.6","-51.09"
"CALUMBI","PE","-7.94","-38.15"
"CAMACAN","BA","-15.41","-39.49"
"CAMACARI","BA","-12.69","-38.32"
"CAMACHO","MG","-20.62","-45.15"
"CAMALAU","PB","-7.88","-36.82"
"CAMAMU","BA","-13.94","-39.1"
"CAMANDUCAIA","MG","-22.75","-46.14"
"CAMAPUA","MS","-19.53","-54.04"
"CAMAQUA","RS","-30.85","-51.81"
"CAMARAGIBE","PE","-8.02","-34.979999999999997"
"CAMARGO","RS","-28.58","-52.2"
"CAMBARA","PR","-23.04","-50.07"
"CAMBARA DO SUL","RS","-29.04","-50.14"
"CAMBE","PR","-23.27","-51.27"
"CAMBIRA","PR","-23.58","-51.57"
"CAMBORIU","SC","-27.02","-48.65"
"CAMBUCI","RJ","-21.57","-41.91"
"CAMBUI","MG","-22.61","-46.05"
"CAMBUQUIRA","MG","-21.85","-45.29"
"CAMETA","PA","-2.2400000000000002","-49.49"
"CAMOCIM","CE","-2.9","-40.840000000000003"
"CAMOCIM DE SAO FELIX","PE","-8.35","-35.76"
"CAMPANARIO","MG","-18.23","-41.74"
"CAMPANHA","MG","-21.83","-45.4"
"CAMPESTRE","AL","-8.84","-35.56"
"CAMPESTRE","MG","-21.71","-46.24"
"CAMPESTRE DA SERRA","RS","-28.79","-51.09"
"CAMPESTRE DE GOIAS","GO","-16.760000000000002","-49.69"
"CAMPESTRE DO MARANHAO","MA","-6.17","-47.36"
"CAMPINA DA LAGOA","PR","-24.59","-52.79"
"CAMPINA DAS MISSOES","RS","-27.98","-54.83"
"CAMPINA DO MONTE ALEGRE","SP","-23.59","-48.47"
"CAMPINA DO SIMAO","PR","-25.07","-51.82"
"CAMPINA GRANDE","PB","-7.23","-35.880000000000003"
"CAMPINA GRANDE DO SUL","PR","-25.3","-49.05"
"CAMPINA VERDE","MG","-19.53","-49.48"
"CAMPINACU","GO","-13.79","-48.57"
"CAMPINAPOLIS","MT","-14.51","-52.89"
"CAMPINAS","SP","-22.9","-47.06"
"CAMPINAS DO PIAUI","PI","-7.66","-41.88"
"CAMPINAS DO SUL","RS","-27.71","-52.62"
"CAMPINORTE","GO","-14.31","-49.15"
"CAMPO ALEGRE","AL","-9.7799999999999994","-36.35"
"CAMPO ALEGRE","SC","-26.19","-49.26"
"CAMPO ALEGRE DE GOIAS","GO","-17.63","-47.78"
"CAMPO ALEGRE DE LOURDES","BA","-9.51","-43.01"
"CAMPO ALEGRE DO FIDALGO","PI","-8.3699999999999992","-41.83"
"CAMPO AZUL","MG","-16.5","-44.81"
"CAMPO BELO","MG","-20.89","-45.27"
"CAMPO BELO DO SUL","SC","-27.89","-50.76"
"CAMPO BOM","RS","-29.67","-51.05"
"CAMPO BONITO","PR","-25.03","-52.99"
"CAMPO DO BRITO","SE","-10.73","-37.49"
"CAMPO DO MEIO","MG","-21.1","-45.83"
"CAMPO DO TENENTE","PR","-25.97","-49.68"
"CAMPO ERE","SC","-26.39","-53.07"
"CAMPO FLORIDO","MG","-19.760000000000002","-48.57"
"CAMPO FORMOSO","BA","-10.5","-40.32"
"CAMPO GRANDE","AL","-9.9499999999999993","-36.79"
"CAMPO GRANDE","MS","-20.440000000000001","-54.64"
"CAMPO GRANDE DO PIAUI","PI","-7.13","-41.03"
"CAMPO LARGO","PR","-25.45","-49.52"
"CAMPO LARGO DO PIAUI","PI","-3.81","-42.62"
"CAMPO LIMPO PAULISTA","SP","-23.2","-46.78"
"CAMPO MAGRO","PR","-25.36","-49.45"
"CAMPO MAIOR","PI","-4.82","-42.16"
"CAMPO MOURAO","PR","-24.04","-52.38"
"CAMPO NOVO","RS","-27.67","-53.8"
"CAMPO NOVO DE RONDONIA","RO","-10.59","-63.61"
"CAMPO NOVO DO PARECIS","MT","-13.67","-57.89"
"CAMPO REDONDO","RN","-6.24","-36.18"
"CAMPO VERDE","MT","-15.54","-55.16"
"CAMPOS ALTOS","MG","-19.690000000000001","-46.17"
"CAMPOS BELOS","GO","-13.03","-46.77"
"CAMPOS BORGES","RS","-28.88","-52.99"
"CAMPOS DE JULIO","MT","-13.89","-59.14"
"CAMPOS DO JORDAO","SP","-22.73","-45.59"
"CAMPOS DOS GOYTACAZES","RJ","-21.75","-41.32"
"CAMPOS GERAIS","MG","-21.23","-45.75"
"CAMPOS LINDOS","TO","-7.99","-46.86"
"CAMPOS NOVOS","SC","-27.4","-51.22"
"CAMPOS NOVOS PAULISTA","SP","-22.6","-50"
"CAMPOS SALES","CE","-7.07","-40.369999999999997"
"CAMPOS VERDES","GO","-14.25","-49.65"
"CAMUTANGA","PE","-7.4","-35.270000000000003"
"CANA VERDE","MG","-21.02","-45.18"
"CANAA","MG","-20.68","-42.62"
"CANAA DOS CARAJAS","PA","-6.49","-49.87"
"CANABRAVA DO NORTE","MT","-11.05","-51.83"
"CANANEIA","SP","-25.01","-47.92"
"CANAPI","AL","-9.1199999999999992","-37.6"
"CANAPOLIS","BA","-13.07","-44.2"
"CANAPOLIS","MG","-18.72","-49.2"
"CANARANA","BA","-11.68","-41.76"
"CANARANA","MT","-13.55","-52.16"
"CANAS","SP","-22.7","-45.05"
"CANAVIEIRA","PI","-7.68","-43.72"
"CANAVIEIRAS","BA","-15.67","-38.94"
"CANDEAL","BA","-11.8","-39.11"
"CANDEIAS","BA","-12.66","-38.549999999999997"
"CANDEIAS","MG","-20.76","-45.27"
"CANDEIAS DO JAMARI","RO","-8.81","-63.69"
"CANDELARIA","RS","-29.66","-52.78"
"CANDIBA","BA","-14.41","-42.86"
"CANDIDO DE ABREU","PR","-24.56","-51.33"
"CANDIDO GODOI","RS","-27.95","-54.75"
"CANDIDO MENDES","MA","-1.44","-45.71"
"CANDIDO MOTA","SP","-22.74","-50.38"
"CANDIDO RODRIGUES","SP","-21.32","-48.63"
"CANDIDO SALES","BA","-15.5","-41.23"
"CANDIOTA","RS","-31.55","-53.67"
"CANDOI","PR","-25.66","-52.12"
"CANELA","RS","-29.36","-50.81"
"CANELINHA","SC","-27.26","-48.76"
"CANGUARETAMA","RN","-6.38","-35.119999999999997"
"CANGUCU","RS","-31.39","-52.67"
"CANHOBA","SE","-10.130000000000001","-36.979999999999997"
"CANHOTINHO","PE","-8.8800000000000008","-36.19"
"CANINDE","CE","-4.3499999999999996","-39.31"
"CANINDE DE SAO FRANCISCO","SE","-9.64","-37.78"
"CANITAR","SP","-23","-49.78"
"CANOAS","RS","-29.91","-51.18"
"CANOINHAS","SC","-26.17","-50.39"
"CANSANCAO","BA","-10.67","-39.49"
"CANTA","RR","2.61","-60.59"
"CANTAGALO","MG","-18.52","-42.62"
"CANTAGALO","PR","-25.37","-52.12"
"CANTAGALO","RJ","-21.98","-42.36"
"CANTANHEDE","MA","-3.63","-44.37"
"CANTO DO BURITI","PI","-8.11","-42.94"
"CANUDOS","BA","-9.9","-39.130000000000003"
"CANUTAMA","AM","-6.53","-64.38"
"CAPANEMA","PA","-1.19","-47.18"
"CAPANEMA","PR","-25.67","-53.8"
"CAPAO ALTO","SC","-27.93","-50.51"
"CAPAO BONITO","SP","-24","-48.34"
"CAPAO DA CANOA","RS","-29.76","-50.03"
"CAPAO DO LEAO","RS","-31.76","-52.48"
"CAPARAO","MG","-20.43","-41.86"
"CAPELA","AL","-9.4","-36.07"
"CAPELA","SE","-10.5","-37.049999999999997"
"CAPELA DE SANTANA","RS","-29.7","-51.32"
"CAPELA DO ALTO","SP","-23.47","-47.73"
"CAPELA DO ALTO ALEGRE","BA","-11.66","-39.83"
"CAPELA NOVA","MG","-20.92","-43.61"
"CAPELINHA","MG","-17.690000000000001","-42.51"
"CAPETINGA","MG","-20.61","-47.05"
"CAPIM","PB","-6.91","-35.17"
"CAPIM BRANCO","MG","-19.54","-44.11"
"CAPIM GROSSO","BA","-11.38","-40.01"
"CAPINOPOLIS","MG","-18.68","-49.57"
"CAPINZAL","SC","-27.34","-51.61"
"CAPINZAL DO NORTE","MA","-4.72","-44.32"
"CAPISTRANO","CE","-4.47","-38.9"
"CAPITAO","RS","-29.26","-51.98"
"CAPITAO ANDRADE","MG","-19.059999999999999","-41.85"
"CAPITAO DE CAMPOS","PI","-4.45","-41.94"
"CAPITAO ENEAS","MG","-16.32","-43.71"
"CAPITAO GERVASIO OLIVEIRA","PI","-8.49","-41.82"
"CAPITAO LEONIDAS MARQUES","PR","-25.47","-53.61"
"CAPITAO POCO","PA","-1.74","-47.06"
"CAPITOLIO","MG","-20.61","-46.05"
"CAPIVARI","SP","-22.99","-47.5"
"CAPIVARI DE BAIXO","SC","-28.44","-48.95"
"CAPIVARI DO SUL","RS","-30.14","-50.51"
"CAPIXABA","AC","-10.57","-67.67"
"CAPOEIRAS","PE","-8.73","-36.619999999999997"
"CAPUTIRA","MG","-20.170000000000002","-42.27"
"CARAA","RS","-29.79","-50.43"
"CARACARAI","RR","1.81","-61.12"
"CARACOL","MS","-22.01","-57.02"
"CARACOL","PI","-9.27","-43.33"
"CARAGUATATUBA","SP","-23.62","-45.41"
"CARAI","MG","-17.18","-41.69"
"CARAIBAS","BA","-14.6","-41.33"
"CARAMBEI","PR","-24.91","-50.09"
"CARANAIBA","MG","-20.87","-43.73"
"CARANDAI","MG","-20.95","-43.8"
"CARANGOLA","MG","-20.73","-42.02"
"CARAPEBUS","RJ","-22.18","-41.66"
"CARAPICUIBA","SP","-23.52","-46.83"
"CARATINGA","MG","-19.79","-42.13"
"CARAUARI","AM","-4.88","-66.89"
"CARAUBAS","PB","-7.72","-36.49"
"CARAUBAS","RN","-5.79","-37.549999999999997"
"CARAUBAS DO PIAUI","PI","-3.47","-41.84"
"CARAVELAS","BA","-17.73","-39.26"
"CARAZINHO","RS","-28.28","-52.78"
"CARBONITA","MG","-17.52","-43.01"
"CARDEAL DA SILVA","BA","-11.94","-37.94"
"CARDOSO","SP","-20.079999999999998","-49.91"
"CARDOSO MOREIRA","RJ","-21.48","-41.61"
"CAREACU","MG","-22.04","-45.69"
"CAREIRO","AM","-3.76","-60.36"
"CAREIRO DA VARZEA","AM","-3.22","-59.82"
"CARIACICA","ES","-20.260000000000002","-40.42"
"CARIDADE","CE","-4.2300000000000004","-39.19"
"CARIDADE DO PIAUI","PI","-7.73","-40.99"
"CARINHANHA","BA","-14.3","-43.76"
"CARIRA","SE","-10.36","-37.700000000000003"
"CARIRE","CE","-3.95","-40.47"
"CARIRI DO TOCANTINS","TO","-11.89","-49.16"
"CARIRIACU","CE","-7.04","-39.28"
"CARIUS","CE","-6.53","-39.49"
"CARLINDA","MT","-9.9499999999999993","-55.83"
"CARLOPOLIS","PR","-23.42","-49.72"
"CARLOS BARBOSA","RS","-29.29","-51.5"
"CARLOS CHAGAS","MG","-17.7","-40.76"
"CARLOS GOMES","RS","-27.71","-51.91"
"CARMESIA","MG","-19.079999999999998","-43.14"
"CARMO","RJ","-21.93","-42.6"
"CARMO DA CACHOEIRA","MG","-21.46","-45.22"
"CARMO DA MATA","MG","-20.55","-44.87"
"CARMO DE MINAS","MG","-22.12","-45.12"
"CARMO DO CAJURU","MG","-20.18","-44.77"
"CARMO DO PARANAIBA","MG","-19","-46.31"
"CARMO DO RIO CLARO","MG","-20.97","-46.11"
"CARMO DO RIO VERDE","GO","-15.35","-49.7"
"CARMOLANDIA","TO","-7.03","-48.39"
"CARMOPOLIS","SE","-10.64","-36.979999999999997"
"CARMOPOLIS DE MINAS","MG","-20.54","-44.63"
"CARNAIBA","PE","-7.8","-37.79"
"CARNAUBA DOS DANTAS","RN","-6.55","-36.590000000000003"
"CARNAUBAIS","RN","-5.34","-36.83"
"CARNAUBAL","CE","-4.16","-40.94"
"CARNAUBEIRA DA PENHA","PE","-8.32","-38.74"
"CARNEIRINHO","MG","-19.690000000000001","-50.68"
"CARNEIROS","AL","-9.48","-37.369999999999997"
"CAROEBE","RR","0.88","-59.69"
"CAROLINA","MA","-7.33","-47.46"
"CARPINA","PE","-7.85","-35.25"
"CARRANCAS","MG","-21.48","-44.64"
"CARRAPATEIRA","PB","-7.03","-38.340000000000003"
"CARRASCO BONITO","TO","-5.32","-48.03"
"CARUARU","PE","-8.2799999999999994","-35.97"
"CARUTAPERA","MA","-1.19","-46.02"
"CARVALHOPOLIS","MG","-21.77","-45.84"
"CARVALHOS","MG","-22","-44.46"
"CASA BRANCA","SP","-21.77","-47.08"
"CASA GRANDE","MG","-20.79","-43.93"
"CASA NOVA","BA","-9.16","-40.97"
"CASCA","RS","-28.56","-51.97"
"CASCALHO RICO","MG","-18.57","-47.87"
"CASCAVEL","CE","-4.13","-38.229999999999997"
"CASCAVEL","PR","-24.95","-53.45"
"CASEARA","TO","-9.27","-49.95"
"CASEIROS","RS","-28.26","-51.69"
"CASIMIRO DE ABREU","RJ","-22.48","-42.2"
"CASINHAS","PE","-7.74","-35.72"
"CASSERENGUE","PB","-6.75","-35.71"
"CASSIA","MG","-20.58","-46.92"
"CASSIA DOS COQUEIROS","SP","-21.28","-47.17"
"CASSILANDIA","MS","-19.11","-51.73"
"CASTANHAL","PA","-1.29","-47.92"
"CASTANHEIRA","MT","-11.13","-58.6"
"CASTANHEIRAS","RO","-11.41","-61.95"
"CASTELANDIA","GO","-18.09","-50.2"
"CASTELO","ES","-20.6","-41.18"
"CASTELO DO PIAUI","PI","-5.32","-41.55"
"CASTILHO","SP","-20.87","-51.48"
"CASTRO","PR","-24.79","-50.01"
"CASTRO ALVES","BA","-12.76","-39.42"
"CATAGUASES","MG","-21.38","-42.69"
"CATALAO","GO","-18.170000000000002","-47.94"
"CATANDUVA","SP","-21.13","-48.97"
"CATANDUVAS","PR","-25.2","-53.15"
"CATANDUVAS","SC","-27.07","-51.66"
"CATARINA","CE","-6.13","-39.869999999999997"
"CATAS ALTAS","MG","-20.07","-43.4"
"CATAS ALTAS DA NORUEGA","MG","-20.69","-43.49"
"CATENDE","PE","-8.66","-35.71"
"CATIGUA","SP","-21.04","-49.05"
"CATINGUEIRA","PB","-7.12","-37.6"
"CATOLANDIA","BA","-12.31","-44.86"
"CATOLE DO ROCHA","PB","-6.34","-37.74"
"CATU","BA","-12.35","-38.369999999999997"
"CATUIPE","RS","-28.25","-54.01"
"CATUJI","MG","-17.309999999999999","-41.51"
"CATUNDA","CE","-4.6399999999999997","-40.200000000000003"
"CATURAI","GO","-16.440000000000001","-49.49"
"CATURAMA","BA","-13.32","-42.29"
"CATURITE","PB","-7.42","-36.020000000000003"
"CATUTI","MG","-15.35","-42.96"
"CAUCAIA","CE","-3.73","-38.65"
"CAVALCANTE","GO","-13.79","-47.45"
"CAXAMBU","MG","-21.97","-44.93"
"CAXAMBU DO SUL","SC","-27.16","-52.87"
"CAXIAS","MA","-4.8499999999999996","-43.35"
"CAXIAS DO SUL","RS","-29.16","-51.17"
"CAXINGO","PI","-3.41","-41.89"
"CEARA-MIRIM","RN","-5.63","-35.42"
"CEDRAL","MA","-2","-44.53"
"CEDRAL","SP","-20.9","-49.26"
"CEDRO","CE","-6.6","-39.06"
"CEDRO","PE","-7.72","-39.229999999999997"
"CEDRO DE SAO JOAO","SE","-10.25","-36.880000000000003"
"CEDRO DO ABAETE","MG","-19.14","-45.71"
"CELSO RAMOS","SC","-27.63","-51.33"
"CENTENARIO","RS","-27.76","-51.99"
"CENTENARIO","TO","-8.9499999999999993","-47.33"
"CENTENARIO DO SUL","PR","-22.82","-51.59"
"CENTRAL","BA","-11.13","-42.11"
"CENTRAL DE MINAS","MG","-18.760000000000002","-41.3"
"CENTRAL DO MARANHAO","MA","-2.19","-44.82"
"CENTRALINA","MG","-18.579999999999998","-49.19"
"CENTRO DO GUILHERME","MA","-2.36","-46"
"CENTRO NOVO DO MARANHAO","MA","-2.1","-46.12"
"CEREJEIRAS","RO","-13.18","-60.81"
"CERES","GO","-15.3","-49.59"
"CERQUEIRA CESAR","SP","-23.03","-49.16"
"CERQUILHO","SP","-23.16","-47.74"
"CERRITO","RS","-31.85","-52.81"
"CERRO AZUL","PR","-24.82","-49.26"
"CERRO BRANCO","RS","-29.65","-52.93"
"CERRO CORA","RN","-6.04","-36.340000000000003"
"CERRO GRANDE","RS","-27.6","-53.16"
"CERRO GRANDE DO SUL","RS","-30.59","-51.73"
"CERRO LARGO","RS","-28.14","-54.73"
"CERRO NEGRO","SC","-27.79","-50.87"
"CESARIO LANGE","SP","-23.22","-47.95"
"CEU AZUL","PR","-25.14","-53.84"
"CEZARINA","GO","-16.97","-49.77"
"CHA DE ALEGRIA","PE","-8","-35.21"
"CHA GRANDE","PE","-8.23","-35.46"
"CHA PRETA","AL","-9.25","-36.29"
"CHACARA","MG","-21.67","-43.22"
"CHALE","MG","-20.04","-41.68"
"CHAPADA","RS","-28.05","-53.06"
"CHAPADA DA NATIVIDADE","TO","-11.61","-47.75"
"CHAPADA DE AREIA","TO","-10.14","-49.14"
"CHAPADA DO NORTE","MG","-17.079999999999998","-42.53"
"CHAPADA DOS GUIMARAES","MT","-15.46","-55.75"
"CHAPADA GAUCHA","MG","-15.3","-45.61"
"CHAPADAO DO CEU","GO","-18.399999999999999","-52.54"
"CHAPADAO DO LAGEADO","SC","-27.59","-49.55"
"CHAPADAO DO SUL","MS","-18.79","-52.62"
"CHAPADINHA","MA","-3.74","-43.36"
"CHAPECO","SC","-27.09","-52.61"
"CHARQUEADA","SP","-22.51","-47.77"
"CHARQUEADAS","RS","-29.95","-51.62"
"CHARRUA","RS","-27.95","-52.01"
"CHAVAL","CE","-3.03","-41.24"
"CHAVANTES","SP","-23.03","-49.7"
"CHAVES","PA","-0.16","-49.98"
"CHIADOR","MG","-22","-43.05"
"CHIAPETA","RS","-27.92","-53.94"
"CHOPINZINHO","PR","-25.85","-52.52"
"CHORO","CE","-4.84","-39.14"
"CHOROZINHO","CE","-4.3","-38.49"
"CHORROCHO","BA","-8.98","-39.090000000000003"
"CHUI","RS","-33.69","-53.45"
"CHUPINGUAIA","RO","-12.55","-60.9"
"CHUVISCA","RS","-30.75","-51.97"
"CIANORTE","PR","-23.66","-52.6"
"CICERO DANTAS","BA","-10.6","-38.380000000000003"
"CIDADE GAUCHA","PR","-23.38","-52.94"
"CIDADE OCIDENTAL","GO","-16.07","-47.92"
"CIDELANDIA","MA","-5.17","-47.78"
"CIDREIRA","RS","-30.16","-50.23"
"CIPO","BA","-11.1","-38.51"
"CIPOTANEA","MG","-20.9","-43.36"
"CIRIACO","RS","-28.34","-51.87"
"CLARAVAL","MG","-20.39","-47.26"
"CLARO DOS POCOES","MG","-17.079999999999998","-44.2"
"CLAUDIA","MT","-11.51","-54.89"
"CLAUDIO","MG","-20.440000000000001","-44.76"
"CLEMENTINA","SP","-21.56","-50.44"
"CLEVELANDIA","PR","-26.39","-52.47"
"COARACI","BA","-14.64","-39.549999999999997"
"COARI","AM","-4.08","-63.14"
"COCAL","PI","-3.47","-41.55"
"COCAL DE TELHA","PI","-4.55","-41.97"
"COCAL DO SUL","SC","-28.6","-49.32"
"COCAL DOS ALVES","PI","-3.72","-41.44"
"COCALINHO","MT","-14.39","-50.99"
"COCALZINHO DE GOIAS","GO","-15.79","-48.77"
"COCOS","BA","-14.18","-44.53"
"CODAJAS","AM","-3.83","-62.05"
"CODO","MA","-4.45","-43.88"
"COELHO NETO","MA","-4.25","-43.01"
"COIMBRA","MG","-20.85","-42.8"
"COITE DO NOIA","AL","-9.6300000000000008","-36.57"
"COIVARAS","PI","-5.0599999999999996","-42.36"
"COLARES","PA","-0.93","-48.28"
"COLATINA","ES","-19.53","-40.630000000000003"
"COLIDER","MT","-10.81","-55.45"
"COLINA","SP","-20.71","-48.54"
"COLINAS","MA","-6.02","-44.24"
"COLINAS","RS","-29.38","-51.87"
"COLINAS DO SUL","GO","-14.15","-48.07"
"COLINAS DO TOCANTINS","TO","-8.0500000000000007","-48.47"
"COLMEIA","TO","-8.7200000000000006","-48.76"
"COLOMBIA","SP","-20.170000000000002","-48.68"
"COLOMBO","PR","-25.29","-49.22"
"COLONIA DO GURGUEIA","PI","-8.18","-43.79"
"COLONIA DO PIAUI","PI","-7.23","-42.17"
"COLONIA LEOPOLDINA","AL","-8.9","-35.72"
"COLORADO","PR","-22.83","-51.97"
"COLORADO","RS","-28.52","-52.99"
"COLORADO DO OESTE","RO","-13.11","-60.54"
"COLUNA","MG","-18.23","-42.84"
"COMBINADO","TO","-12.79","-46.53"
"COMENDADOR GOMES","MG","-19.690000000000001","-49.08"
"COMENDADOR LEVY GASPARIAN","RJ","-22.02","-43.2"
"COMERCINHO","MG","-16.29","-41.79"
"COMODORO","MT","-13.66","-59.78"
"CONCEICAO","PB","-7.56","-38.5"
"CONCEICAO DA APARECIDA","MG","-21.09","-46.2"
"CONCEICAO DA BARRA","ES","-18.59","-39.729999999999997"
"CONCEICAO DA BARRA DE MINAS","MG","-21.12","-44.47"
"CONCEICAO DA FEIRA","BA","-12.5","-38.99"
"CONCEICAO DAS ALAGOAS","MG","-19.91","-48.38"
"CONCEICAO DAS PEDRAS","MG","-22.16","-45.45"
"CONCEICAO DE IPANEMA","MG","-19.920000000000002","-41.69"
"CONCEICAO DE MACABU","RJ","-22.08","-41.86"
"CONCEICAO DO ALMEIDA","BA","-12.8","-39.159999999999997"
"CONCEICAO DO ARAGUAIA","PA","-8.25","-49.26"
"CONCEICAO DO CANINDE","PI","-7.87","-41.59"
"CONCEICAO DO CASTELO","ES","-20.36","-41.24"
"CONCEICAO DO COITE","BA","-11.56","-39.28"
"CONCEICAO DO JACUIPE","BA","-12.42","-38.72"
"CONCEICAO DO LAGO-ACU","MA","-3.83","-44.89"
"CONCEICAO DO MATO DENTRO","MG","-19.03","-43.42"
"CONCEICAO DO PARA","MG","-19.75","-44.89"
"CONCEICAO DO RIO VERDE","MG","-21.88","-45.08"
"CONCEICAO DO TOCANTINS","TO","-12.21","-47.29"
"CONCEICAO DOS OUROS","MG","-22.41","-45.79"
"CONCHAL","SP","-22.33","-47.17"
"CONCHAS","SP","-23.01","-48.01"
"CONCORDIA","SC","-27.23","-52.02"
"CONCORDIA DO PARA","PA","-1.99","-47.94"
"CONDADO","PB","-6.91","-37.6"
"CONDADO","PE","-7.58","-35.1"
"CONDE","BA","-11.81","-37.61"
"CONDE","PB","-7.26","-34.9"
"CONDEUBA","BA","-14.89","-41.96"
"CONDOR","RS","-28.2","-53.48"
"CONEGO MARINHO","MG","-15.29","-44.41"
"CONFINS","MG","-19.63","-43.98"
"CONFRESA","MT","-10.64","-51.56"
"CONGO","PB","-7.79","-36.659999999999997"
"CONGONHAL","MG","-22.15","-46.03"
"CONGONHAS","MG","-20.5","-43.85"
"CONGONHAS DO NORTE","MG","-18.8","-43.68"
"CONGONHINHAS","PR","-23.55","-50.55"
"CONQUISTA","MG","-19.93","-47.54"
"CONSELHEIRO LAFAIETE","MG","-20.66","-43.78"
"CONSELHEIRO MAIRINCK","PR","-23.63","-50.16"
"CONSELHEIRO PENA","MG","-19.170000000000002","-41.47"
"CONSOLACAO","MG","-22.55","-45.92"
"CONSTANTINA","RS","-27.73","-52.99"
"CONTAGEM","MG","-19.93","-44.05"
"CONTENDA","PR","-25.67","-49.53"
"CONTENDAS DO SINCORA","BA","-13.76","-41.04"
"COQUEIRAL","MG","-21.18","-45.44"
"COQUEIRO SECO","AL","-9.6300000000000008","-35.799999999999997"
"COQUEIROS DO SUL","RS","-28.11","-52.78"
"CORACAO DE JESUS","MG","-16.68","-44.36"
"CORACAO DE MARIA","BA","-12.23","-38.75"
"CORBELIA","PR","-24.79","-53.3"
"CORDEIRO","RJ","-22.02","-42.36"
"CORDEIROPOLIS","SP","-22.48","-47.45"
"CORDEIROS","BA","-15.03","-41.93"
"CORDILHEIRA ALTA","SC","-26.98","-52.6"
"CORDISBURGO","MG","-19.12","-44.32"
"CORDISLANDIA","MG","-21.79","-45.7"
"COREAU","CE","-3.53","-40.65"
"COREMAS","PB","-7.01","-37.94"
"CORGUINHO","MS","-19.829999999999998","-54.82"
"CORIBE","BA","-13.82","-44.45"
"CORINTO","MG","-18.38","-44.45"
"CORNELIO PROCOPIO","PR","-23.18","-50.64"
"COROACI","MG","-18.62","-42.28"
"COROADOS","SP","-21.35","-50.28"
"COROATA","MA","-4.13","-44.12"
"COROMANDEL","MG","-18.47","-47.2"
"CORONEL BARROS","RS","-28.38","-54.06"
"CORONEL BICACO","RS","-27.71","-53.7"
"CORONEL DOMINGOS SOARES","PR","-26.22","-52.03"
"CORONEL EZEQUIEL","RN","-6.38","-36.21"
"CORONEL FABRICIANO","MG","-19.510000000000002","-42.62"
"CORONEL FREITAS","SC","-26.9","-52.7"
"CORONEL JOAO PESSOA","RN","-6.26","-38.44"
"CORONEL JOAO SA","BA","-10.28","-37.92"
"CORONEL JOSE DIAS","PI","-8.81","-42.51"
"CORONEL MACEDO","SP","-23.63","-49.31"
"CORONEL MARTINS","SC","-26.51","-52.66"
"CORONEL MURTA","MG","-16.61","-42.18"
"CORONEL PACHECO","MG","-21.58","-43.26"
"CORONEL SAPUCAIA","MS","-23.27","-55.52"
"CORONEL VIVIDA","PR","-25.98","-52.56"
"CORONEL XAVIER CHAVES","MG","-21.02","-44.22"
"CORREGO DANTA","MG","-19.82","-45.9"
"CORREGO DO BOM JESUS","MG","-22.63","-46.02"
"CORREGO DO OURO","GO","-16.29","-50.54"
"CORREGO FUNDO","MG","-20.440000000000001","-45.55"
"CORREGO NOVO","MG","-19.829999999999998","-42.39"
"CORREIA PINTO","SC","-27.58","-50.36"
"CORRENTE","PI","-10.44","-45.16"
"CORRENTES","PE","-9.1199999999999992","-36.33"
"CORRENTINA","BA","-13.34","-44.63"
"CORTES","PE","-8.4700000000000006","-35.54"
"CORUMBA","MS","-19","-57.65"
"CORUMBA DE GOIAS","GO","-15.92","-48.8"
"CORUMBAIBA","GO","-18.14","-48.56"
"CORUMBATAI","SP","-22.22","-47.62"
"CORUMBATAI DO SUL","PR","-24.1","-52.12"
"CORUMBIARA","RO","-12.96","-60.88"
"CORUPA","SC","-26.42","-49.24"
"CORURIPE","AL","-10.119999999999999","-36.17"
"COSMOPOLIS","SP","-22.64","-47.19"
"COSMORAMA","SP","-20.47","-49.77"
"COSTA MARQUES","RO","-12.44","-64.22"
"COSTA RICA","MS","-18.54","-53.12"
"COTEGIPE","BA","-12.02","-44.25"
"COTIA","SP","-23.6","-46.91"
"COTIPORA","RS","-28.99","-51.69"
"COTRIGUACU","MT","-9.85","-58.41"
"COUTO DE MAGALHAES","TO","-8.2799999999999994","-49.24"
"COUTO DE MAGALHAES DE MINAS","MG","-18.07","-43.47"
"COXILHA","RS","-28.12","-52.29"
"COXIM","MS","-18.5","-54.76"
"COXIXOLA","PB","-7.62","-36.6"
"CRAIBAS","AL","-9.61","-36.76"
"CRATEUS","CE","-5.17","-40.67"
"CRATO","CE","-7.23","-39.4"
"CRAVINHOS","SP","-21.34","-47.72"
"CRAVOLANDIA","BA","-13.35","-39.81"
"CRICIUMA","SC","-28.67","-49.37"
"CRISOLITA","MG","-17.23","-40.909999999999997"
"CRISOPOLIS","BA","-11.51","-38.15"
"CRISSIUMAL","RS","-27.5","-54.1"
"CRISTAIS","MG","-20.87","-45.51"
"CRISTAIS PAULISTA","SP","-20.39","-47.42"
"CRISTAL","RS","-31","-52.05"
"CRISTAL DO SUL","RS","-27.45","-53.24"
"CRISTALANDIA","TO","-10.6","-49.19"
"CRISTALANDIA DO PIAUI","PI","-10.65","-45.18"
"CRISTALIA","MG","-16.8","-42.86"
"CRISTALINA","GO","-16.760000000000002","-47.61"
"CRISTIANO OTONI","MG","-20.83","-43.8"
"CRISTIANOPOLIS","GO","-17.190000000000001","-48.7"
"CRISTINA","MG","-22.21","-45.26"
"CRISTINAPOLIS","SE","-11.47","-37.75"
"CRISTINO CASTRO","PI","-8.81","-44.22"
"CRISTOPOLIS","BA","-12.23","-44.42"
"CRIXAS","GO","-14.54","-49.96"
"CRIXAS DO TOCANTINS","TO","-11.1","-48.91"
"CROATA","CE","-4.4000000000000004","-40.909999999999997"
"CROMINIA","GO","-17.28","-49.38"
"CRUCILANDIA","MG","-20.38","-44.33"
"CRUZ","CE","-2.91","-40.17"
"CRUZ ALTA","RS","-28.63","-53.6"
"CRUZ DAS ALMAS","BA","-12.67","-39.1"
"CRUZ DO ESPIRITO SANTO","PB","-7.14","-35.08"
"CRUZ MACHADO","PR","-26.01","-51.34"
"CRUZALIA","SP","-22.73","-50.79"
"CRUZEIRO","SP","-22.57","-44.96"
"CRUZEIRO DA FORTALEZA","MG","-18.940000000000001","-46.67"
"CRUZEIRO DO IGUACU","PR","-25.61","-53.12"
"CRUZEIRO DO OESTE","PR","-23.78","-53.07"
"CRUZEIRO DO SUL","AC","-7.63","-72.67"
"CRUZEIRO DO SUL","PR","-22.96","-52.16"
"CRUZEIRO DO SUL","RS","-29.51","-51.98"
"CRUZETA","RN","-6.41","-36.79"
"CRUZILIA","MG","-21.83","-44.8"
"CRUZMALTINA","PR","-24.01","-51.45"
"CUBATAO","SP","-23.89","-46.42"
"CUBATI","PB","-6.86","-36.369999999999997"
"CUIABA","MT","-15.59","-56.09"
"CUITE","PB","-6.48","-36.15"
"CUITE DE MAMANGUAPE","PB","-6.91","-35.25"
"CUITEGI","PB","-6.89","-35.520000000000003"
"CUJUBIM","RO","-9.36","-62.58"
"CUMARI","GO","-18.260000000000002","-48.15"
"CUMARU","PE","-8","-35.69"
"CUMARU DO NORTE","PA","-7.82","-50.77"
"CUMBE","SE","-10.35","-37.18"
"CUNHA","SP","-23.07","-44.96"
"CUNHA PORA","SC","-26.89","-53.16"
"CUNHATAI","SC","-26.96","-53.09"
"CUPARAQUE","MG","-18.96","-41.09"
"CUPIRA","PE","-8.61","-35.950000000000003"
"CURACA","BA","-8.99","-39.9"
"CURIMATA","PI","-10.029999999999999","-44.3"
"CURIONOPOLIS","PA","-6.09","-49.54"
"CURITIBA","PR","-25.42","-49.27"
"CURITIBANOS","SC","-27.28","-50.58"
"CURIUVA","PR","-24.03","-50.45"
"CURRAIS","PI","-9","-44.41"
"CURRAIS NOVOS","RN","-6.26","-36.51"
"CURRAL DE CIMA","PB","-6.71","-35.26"
"CURRAL DE DENTRO","MG","-15.93","-41.84"
"CURRAL NOVO DO PIAUI","PI","-7.83","-40.9"
"CURRAL VELHO","PB","-7.58","-38.19"
"CURRALINHO","PA","-1.81","-49.79"
"CURRALINHOS","PI","-5.58","-42.77"
"CURUA","PA","-1.88","-55.11"
"CURUCA","PA","-0.73","-47.85"
"CURURUPU","MA","-1.82","-44.86"
"CURVELO","MG","-18.75","-44.43"
"CUSTODIA","PE","-8.08","-37.64"
"CUTIAS","AP","0.98","-50.8"
"DAMIANOPOLIS","GO","-14.56","-46.17"
"DAMIAO","PB","-6.55","-35.89"
"DAMOLANDIA","GO","-16.25","-49.37"
"DARCINOPOLIS","TO","-6.71","-47.76"
"DARIO MEIRA","BA","-14.43","-39.9"
"DATAS","MG","-18.440000000000001","-43.65"
"DAVID CANABARRO","RS","-28.38","-51.84"
"DAVINOPOLIS","GO","-18.149999999999999","-47.56"
"DAVINOPOLIS","MA","-5.55","-47.42"
"DELFIM MOREIRA","MG","-22.5","-45.28"
"DELFINOPOLIS","MG","-20.34","-46.85"
"DELMIRO GOUVEIA","AL","-9.3800000000000008","-37.99"
"DELTA","MG","-19.97","-47.77"
"DEMERVAL LOBAO","PI","-5.35","-42.67"
"DENISE","MT","-14.74","-57.05"
"DEODAPOLIS","MS","-22.27","-54.16"
"DEPUTADO IRAPUAN PINHEIRO","CE","-5.91","-39.26"
"DERRUBADAS","RS","-27.26","-53.86"
"DESCALVADO","SP","-21.9","-47.61"
"DESCANSO","SC","-26.82","-53.5"
"DESCOBERTO","MG","-21.46","-42.96"
"DESTERRO","PB","-7.29","-37.090000000000003"
"DESTERRO DE ENTRE RIOS","MG","-20.66","-44.33"
"DESTERRO DO MELO","MG","-21.14","-43.51"
"DEZESSEIS DE NOVEMBRO","RS","-28.21","-55.06"
"DIADEMA","SP","-23.68","-46.62"
"DIAMANTE","PB","-7.42","-38.26"
"DIAMANTE DO NORTE","PR","-22.65","-52.86"
"DIAMANTE DO SUL","PR","-25.04","-52.68"
"DIAMANTE D'OESTE","PR","-24.94","-54.1"
"DIAMANTINA","MG","-18.239999999999998","-43.6"
"DIAMANTINO","MT","-14.4","-56.44"
"DIANOPOLIS","TO","-11.62","-46.82"
"DIAS D'AVILA","BA","-12.61","-38.29"
"DILERMANDO DE AGUIAR","RS","-29.7","-54.2"
"DIOGO DE VASCONCELOS","MG","-20.48","-43.19"
"DIONISIO","MG","-19.84","-42.77"
"DIONISIO CERQUEIRA","SC","-26.25","-53.64"
"DIORAMA","GO","-16.23","-51.25"
"DIRCE REIS","SP","-20.46","-50.6"
"DIRCEU ARCOVERDE","PI","-9.33","-42.42"
"DIVINA PASTORA","SE","-10.68","-37.14"
"DIVINESIA","MG","-20.99","-43"
"DIVINO","MG","-20.61","-42.14"
"DIVINO DAS LARANJEIRAS","MG","-18.77","-41.48"
"DIVINO DE SAO LOURENCO","ES","-20.62","-41.68"
"DIVINOLANDIA","SP","-21.66","-46.73"
"DIVINOLANDIA DE MINAS","MG","-18.8","-42.59"
"DIVINOPOLIS","MG","-20.13","-44.88"
"DIVINOPOLIS DE GOIAS","GO","-13.29","-46.39"
"DIVINOPOLIS DO TOCANTINS","TO","-9.8000000000000007","-49.21"
"DIVISA ALEGRE","MG","-15.72","-41.34"
"DIVISA NOVA","MG","-21.51","-46.19"
"DIVISOPOLIS","MG","-15.72","-41"
"DOBRADA","SP","-21.51","-48.39"
"DOIS CORREGOS","SP","-22.36","-48.38"
"DOIS IRMAOS","RS","-29.58","-51.08"
"DOIS IRMAOS DAS MISSOES","RS","-27.65","-53.53"
"DOIS IRMAOS DO BURITI","MS","-20.68","-55.29"
"DOIS IRMAOS DO TOCANTINS","TO","-9.25","-49.06"
"DOIS LAJEADOS","RS","-28.98","-51.83"
"DOIS RIACHOS","AL","-9.39","-37.1"
"DOIS VIZINHOS","PR","-25.73","-53.05"
"DOLCINOPOLIS","SP","-20.12","-50.51"
"DOM AQUINO","MT","-15.81","-54.91"
"DOM BASILIO","BA","-13.76","-41.77"
"DOM BOSCO","MG","-16.649999999999999","-46.27"
"DOM CAVATI","MG","-19.37","-42.1"
"DOM ELISEU","PA","-4.28","-47.5"
"DOM EXPEDITO LOPES","PI","-6.95","-41.64"
"DOM FELICIANO","RS","-30.7","-52.1"
"DOM INOCENCIO","PI","-9","-41.97"
"DOM JOAQUIM","MG","-18.96","-43.25"
"DOM MACEDO COSTA","BA","-12.9","-39.19"
"DOM PEDRITO","RS","-30.98","-54.67"
"DOM PEDRO","MA","-5.03","-44.43"
"DOM PEDRO DE ALCANTARA","RS","-29.36","-49.85"
"DOM SILVERIO","MG","-20.16","-42.96"
"DOM VICOSO","MG","-22.25","-45.16"
"DOMINGOS MARTINS","ES","-20.36","-40.65"
"DOMINGOS MOURAO","PI","-4.25","-41.27"
"DONA EMMA","SC","-26.98","-49.72"
"DONA EUZEBIA","MG","-21.31","-42.81"
"DONA FRANCISCA","RS","-29.62","-53.35"
"DONA INES","PB","-6.61","-35.630000000000003"
"DORES DE CAMPOS","MG","-21.1","-44.02"
"DORES DE GUANHAES","MG","-19.05","-42.92"
"DORES DO INDAIA","MG","-19.46","-45.6"
"DORES DO RIO PRETO","ES","-20.68","-41.84"
"DORES DO TURVO","MG","-20.97","-43.18"
"DORESOPOLIS","MG","-20.28","-45.9"
"DORMENTES","PE","-8.44","-40.770000000000003"
"DOURADINA","MS","-22.04","-54.61"
"DOURADINA","PR","-23.38","-53.29"
"DOURADO","SP","-22.1","-48.31"
"DOURADOQUARA","MG","-18.43","-47.6"
"DOURADOS","MS","-22.22","-54.8"
"DOUTOR CAMARGO","PR","-23.55","-52.21"
"DOUTOR MAURICIO CARDOSO","RS","-27.5","-54.36"
"DOUTOR PEDRINHO","SC","-26.71","-49.48"
"DOUTOR RICARDO","RS","-29.08","-51.99"
"DOUTOR SEVERIANO","RN","-6.09","-38.369999999999997"
"DOUTOR ULYSSES","PR","-24.56","-49.42"
"DOVERLANDIA","GO","-16.72","-52.31"
"DRACENA","SP","-21.48","-51.53"
"DUARTINA","SP","-22.41","-49.4"
"DUAS BARRAS","RJ","-22.05","-42.52"
"DUAS ESTRADAS","PB","-6.68","-35.409999999999997"
"DUERE","TO","-11.34","-49.27"
"DUMONT","SP","-21.23","-47.97"
"DUQUE BACELAR","MA","-4.1500000000000004","-42.94"
"DUQUE DE CAXIAS","RJ","-22.78","-43.31"
"DURANDE","MG","-20.2","-41.79"
"ECHAPORA","SP","-22.42","-50.2"
"ECOPORANGA","ES","-18.37","-40.83"
"EDEALINA","GO","-17.420000000000002","-49.66"
"EDEIA","GO","-17.329999999999998","-49.93"
"EIRUNEPE","AM","-6.66","-69.87"
"ELDORADO","MS","-23.78","-54.28"
"ELDORADO","SP","-24.52","-48.1"
"ELDORADO DO SUL","RS","-30.08","-51.61"
"ELDORADO DOS CARAJAS","PA","-6.1","-49.35"
"ELESBAO VELOSO","PI","-6.2","-42.14"
"ELIAS FAUSTO","SP","-23.04","-47.37"
"ELISEU MARTINS","PI","-8.09","-43.66"
"ELISIARIO","SP","-21.16","-49.11"
"ELISIO MEDRADO","BA","-12.94","-39.520000000000003"
"ELOI MENDES","MG","-21.61","-45.56"
"EMAS","PB","-7.1","-37.71"
"EMBAUBA","SP","-20.98","-48.83"
"EMBU","SP","-23.64","-46.85"
"EMBU-GUACU","SP","-23.83","-46.81"
"EMILIANOPOLIS","SP","-21.83","-51.48"
"ENCANTADO","RS","-29.23","-51.87"
"ENCANTO","RN","-6.11","-38.299999999999997"
"ENCRUZILHADA","BA","-15.53","-40.9"
"ENCRUZILHADA DO SUL","RS","-30.54","-52.52"
"ENEAS MARQUES","PR","-25.94","-53.16"
"ENGENHEIRO BELTRAO","PR","-23.79","-52.26"
"ENGENHEIRO CALDAS","MG","-19.21","-42.04"
"ENGENHEIRO COELHO","SP","-22.48","-47.21"
"ENGENHEIRO NAVARRO","MG","-17.28","-43.95"
"ENGENHEIRO PAULO DE FRONTIN","RJ","-22.55","-43.67"
"ENGENHO VELHO","RS","-27.7","-52.91"
"ENTRE FOLHAS","MG","-19.62","-42.23"
"ENTRE RIOS","BA","-11.94","-38.08"
"ENTRE RIOS","SC","-26.72","-52.56"
"ENTRE RIOS DE MINAS","MG","-20.67","-44.06"
"ENTRE RIOS DO OESTE","PR","-24.7","-54.23"
"ENTRE RIOS DO SUL","RS","-27.52","-52.73"
"ENTRE-IJUIS","RS","-28.36","-54.26"
"ENVIRA","AM","-7.43","-70.02"
"EPITACIOLANDIA","AC","-11.02","-68.739999999999995"
"EQUADOR","RN","-6.94","-36.71"
"EREBANGO","RS","-27.85","-52.3"
"ERECHIM","RS","-27.63","-52.27"
"ERERE","CE","-6.03","-38.340000000000003"
"ERICO CARDOSO","BA","-13.41","-42.14"
"ERMO","SC","-28.98","-49.64"
"ERNESTINA","RS","-28.49","-52.57"
"ERVAL GRANDE","RS","-27.39","-52.57"
"ERVAL SECO","RS","-27.54","-53.5"
"ERVAL VELHO","SC","-27.27","-51.44"
"ERVALIA","MG","-20.84","-42.65"
"ESCADA","PE","-8.35","-35.22"
"ESMERALDA","RS","-28.05","-51.19"
"ESMERALDAS","MG","-19.760000000000002","-44.31"
"ESPERA FELIZ","MG","-20.65","-41.9"
"ESPERANCA","PB","-7.02","-35.86"
"ESPERANCA DO SUL","RS","-27.35","-53.99"
"ESPERANCA NOVA","PR","-23.72","-53.81"
"ESPERANTINA","PI","-3.9","-42.23"
"ESPERANTINA","TO","-5.34","-48.51"
"ESPERANTINOPOLIS","MA","-4.88","-44.68"
"ESPIGAO ALTO DO IGUACU","PR","-25.42","-52.83"
"ESPIGAO D'OESTE","RO","-11.52","-61.01"
"ESPINOSA","MG","-14.92","-42.81"
"ESPIRITO SANTO","RN","-6.33","-35.299999999999997"
"ESPIRITO SANTO DO DOURADO","MG","-22.04","-45.95"
"ESPIRITO SANTO DO PINHAL","SP","-22.19","-46.74"
"ESPIRITO SANTO DO TURVO","SP","-22.69","-49.43"
"ESPLANADA","BA","-11.79","-37.94"
"ESPUMOSO","RS","-28.72","-52.85"
"ESTACAO","RS","-27.91","-52.26"
"ESTANCIA","SE","-11.26","-37.43"
"ESTANCIA VELHA","RS","-29.64","-51.17"
"ESTEIO","RS","-29.86","-51.17"
"ESTIVA","MG","-22.46","-46.01"
"ESTIVA GERBI","SP","-22.27","-46.94"
"ESTREITO","MA","-6.56","-47.45"
"ESTRELA","RS","-29.5","-51.96"
"ESTRELA DALVA","MG","-21.74","-42.46"
"ESTRELA DE ALAGOAS","AL","-9.39","-36.76"
"ESTRELA DO INDAIA","MG","-19.52","-45.78"
"ESTRELA DO NORTE","GO","-13.86","-49.07"
"ESTRELA DO NORTE","SP","-22.48","-51.66"
"ESTRELA DO SUL","MG","-18.739999999999998","-47.69"
"ESTRELA D'OESTE","SP","-20.28","-50.4"
"ESTRELA VELHA","RS","-29.17","-53.15"
"EUCLIDES DA CUNHA","BA","-10.5","-39.01"
"EUCLIDES DA CUNHA PAULISTA","SP","-22.56","-52.59"
"EUGENIO DE CASTRO","RS","-28.52","-54.14"
"EUGENOPOLIS","MG","-21.09","-42.18"
"EUNAPOLIS","BA","-16.37","-39.58"
"EUSEBIO","CE","-3.89","-38.450000000000003"
"EWBANK DA CAMARA","MG","-21.55","-43.51"
"EXTREMA","MG","-22.85","-46.31"
"EXTREMOZ","RN","-5.7","-35.299999999999997"
"EXU","PE","-7.51","-39.72"
"FAGUNDES","PB","-7.35","-35.770000000000003"
"FAGUNDES VARELA","RS","-28.88","-51.69"
"FAINA","GO","-15.44","-50.36"
"FAMA","MG","-21.4","-45.82"
"FARIA LEMOS","MG","-20.8","-42.03"
"FARIAS BRITO","CE","-6.93","-39.56"
"FARO","PA","-2.17","-56.74"
"FAROL","PR","-24.1","-52.62"
"FARROUPILHA","RS","-29.22","-51.34"
"FARTURA","SP","-23.38","-49.51"
"FARTURA DO PIAUI","PI","-9.48","-42.79"
"FATIMA","BA","-10.6","-38.21"
"FATIMA","TO","-10.76","-48.9"
"FATIMA DO SUL","MS","-22.37","-54.51"
"FAXINAL","PR","-24","-51.32"
"FAXINAL DO SOTURNO","RS","-29.57","-53.44"
"FAXINAL DOS GUEDES","SC","-26.85","-52.26"
"FAXINALZINHO","RS","-27.42","-52.67"
"FAZENDA NOVA","GO","-16.18","-50.78"
"FAZENDA RIO GRANDE","PR","-25.65","-49.3"
"FAZENDA VILANOVA","RS","-29.58","-51.82"
"FEIJO","AC","-8.16","-70.349999999999994"
"FEIRA DA MATA","BA","-14.2","-44.28"
"FEIRA DE SANTANA","BA","-12.26","-38.96"
"FEIRA GRANDE","AL","-9.9","-36.67"
"FEIRA NOVA","PE","-7.95","-35.380000000000003"
"FEIRA NOVA","SE","-10.26","-37.31"
"FEIRA NOVA DO MARANHAO","MA","-6.96","-46.68"
"FELICIO DOS SANTOS","MG","-18.07","-43.24"
"FELIPE GUERRA","RN","-5.6","-37.68"
"FELISBURGO","MG","-16.63","-40.76"
"FELIXLANDIA","MG","-18.75","-44.89"
"FELIZ","RS","-29.45","-51.3"
"FELIZ DESERTO","AL","-10.29","-36.299999999999997"
"FELIZ NATAL","MT","-12.38","-54.92"
"FENIX","PR","-23.91","-51.97"
"FERNANDES PINHEIRO","PR","-25.41","-50.54"
"FERNANDES TOURINHO","MG","-19.149999999999999","-42.08"
"FERNANDO DE NORONHA","PE","-3.84","-32.409999999999997"
"FERNANDO FALCAO","MA","-6.15","-44.89"
"FERNANDO PEDROZA","RN","-5.69","-36.53"
"FERNANDO PRESTES","SP","-21.26","-48.68"
"FERNANDOPOLIS","SP","-20.28","-50.24"
"FERNAO","SP","-22.35","-49.52"
"FERRAZ DE VASCONCELOS","SP","-23.54","-46.36"
"FERREIRA GOMES","AP","0.85","-51.18"
"FERREIROS","PE","-7.44","-35.24"
"FERROS","MG","-19.23","-43.02"
"FERVEDOURO","MG","-20.72","-42.27"
"FIGUEIRA","PR","-23.84","-50.4"
"FIGUEIROPOLIS","TO","-12.13","-49.17"
"FIGUEIROPOLIS D'OESTE","MT","-15.44","-58.74"
"FILADELFIA","BA","-10.74","-40.130000000000003"
"FILADELFIA","TO","-7.33","-47.49"
"FIRMINO ALVES","BA","-14.98","-39.92"
"FIRMINOPOLIS","GO","-16.579999999999998","-50.3"
"FLEXEIRAS","AL","-9.27","-35.71"
"FLOR DA SERRA DO SUL","PR","-26.26","-53.3"
"FLOR DO SERTAO","SC","-26.77","-53.34"
"FLORA RICA","SP","-21.67","-51.38"
"FLORAI","PR","-23.31","-52.3"
"FLORANIA","RN","-6.12","-36.81"
"FLOREAL","SP","-20.67","-50.14"
"FLORES","PE","-7.86","-37.97"
"FLORES DA CUNHA","RS","-29.02","-51.18"
"FLORES DE GOIAS","GO","-14.44","-47.05"
"FLORES DO PIAUI","PI","-7.79","-42.92"
"FLORESTA","PE","-8.6","-38.56"
"FLORESTA","PR","-23.59","-52.08"
"FLORESTA AZUL","BA","-14.86","-39.659999999999997"
"FLORESTA DO ARAGUAIA","PA","-7.55","-49.71"
"FLORESTA DO PIAUI","PI","-7.46","-41.79"
"FLORESTAL","MG","-19.88","-44.43"
"FLORESTOPOLIS","PR","-22.86","-51.38"
"FLORIANO","PI","-6.76","-43.02"
"FLORIANO PEIXOTO","RS","-27.86","-52.08"
"FLORIANOPOLIS","SC","-27.59","-48.54"
"FLORIDA","PR","-23.08","-51.95"
"FLORIDA PAULISTA","SP","-21.61","-51.17"
"FLORINIA","SP","-22.9","-50.73"
"FONTE BOA","AM","-2.5099999999999998","-66.09"
"FONTOURA XAVIER","RS","-28.98","-52.34"
"FORMIGA","MG","-20.46","-45.42"
"FORMIGUEIRO","RS","-30","-53.49"
"FORMOSA","GO","-15.53","-47.33"
"FORMOSA DA SERRA NEGRA","MA","-6.43","-46.19"
"FORMOSA DO OESTE","PR","-24.29","-53.31"
"FORMOSA DO RIO PRETO","BA","-11.04","-45.19"
"FORMOSA DO SUL","SC","-26.64","-52.79"
"FORMOSO","GO","-13.65","-48.88"
"FORMOSO","MG","-14.94","-46.23"
"FORMOSO DO ARAGUAIA","TO","-11.79","-49.52"
"FORQUILHA","CE","-3.79","-40.26"
"FORQUILHINHA","SC","-28.74","-49.47"
"FORTALEZA","CE","-3.71","-38.54"
"FORTALEZA DE MINAS","MG","-20.84","-46.71"
"FORTALEZA DO TABOCAO","TO","-9.0500000000000007","-48.51"
"FORTALEZA DOS NOGUEIRAS","MA","-6.96","-46.17"
"FORTALEZA DOS VALOS","RS","-28.79","-53.22"
"FORTIM","CE","-4.45","-37.79"
"FORTUNA","MA","-5.73","-44.15"
"FORTUNA DE MINAS","MG","-19.559999999999999","-44.44"
"FOZ DO IGUACU","PR","-25.54","-54.58"
"FOZ DO JORDAO","PR","-25.64","-52.1"
"FRAIBURGO","SC","-27.02","-50.92"
"FRANCA","SP","-20.53","-47.4"
"FRANCINOPOLIS","PI","-6.39","-42.26"
"FRANCISCO ALVES","PR","-24.06","-53.84"
"FRANCISCO AYRES","PI","-6.62","-42.69"
"FRANCISCO BADARO","MG","-16.989999999999998","-42.35"
"FRANCISCO BELTRAO","PR","-26.08","-53.05"
"FRANCISCO DANTAS","RN","-6.07","-38.11"
"FRANCISCO DUMONT","MG","-17.309999999999999","-44.23"
"FRANCISCO MACEDO","PI","-7.33","-40.78"
"FRANCISCO MORATO","SP","-23.28","-46.74"
"FRANCISCO SA","MG","-16.47","-43.48"
"FRANCISCO SANTOS","PI","-6.99","-41.13"
"FRANCISCOPOLIS","MG","-17.96","-42"
"FRANCO DA ROCHA","SP","-23.32","-46.72"
"FRECHEIRINHA","CE","-3.76","-40.81"
"FREDERICO WESTPHALEN","RS","-27.35","-53.39"
"FREI GASPAR","MG","-18.059999999999999","-41.42"
"FREI INOCENCIO","MG","-18.54","-41.92"
"FREI LAGONEGRO","MG","-18.16","-42.76"
"FREI MARTINHO","PB","-6.4","-36.450000000000003"
"FREI MIGUELINHO","PE","-7.94","-35.909999999999997"
"FREI PAULO","SE","-10.54","-37.53"
"FREI ROGERIO","SC","-27.17","-50.8"
"FRONTEIRA","MG","-20.260000000000002","-49.19"
"FRONTEIRA DOS VALES","MG","-16.89","-40.92"
"FRONTEIRAS","PI","-7.08","-40.61"
"FRUTA DE LEITE","MG","-16.13","-42.53"
"FRUTAL","MG","-20.02","-48.94"
"FRUTUOSO GOMES","RN","-6.15","-37.840000000000003"
"FUNDAO","ES","-19.93","-40.4"
"FUNILANDIA","MG","-19.36","-44.05"
"GABRIEL MONTEIRO","SP","-21.53","-50.55"
"GADO BRAVO","PB","-7.58","-35.79"
"GALIA","SP","-22.29","-49.55"
"GALILEIA","MG","-18.989999999999998","-41.53"
"GALINHOS","RN","-5.09","-36.270000000000003"
"GALVAO","SC","-26.45","-52.68"
"GAMELEIRA","PE","-8.58","-35.380000000000003"
"GAMELEIRAS","MG","-15.08","-43.12"
"GANDU","BA","-13.74","-39.479999999999997"
"GARANHUNS","PE","-8.89","-36.49"
"GARARU","SE","-9.9600000000000009","-37.08"
"GARCA","SP","-22.21","-49.65"
"GARIBALDI","RS","-29.25","-51.53"
"GAROPABA","SC","-28.02","-48.61"
"GARRAFAO DO NORTE","PA","-1.93","-47.05"
"GARRUCHOS","RS","-28.18","-55.63"
"GARUVA","SC","-26.02","-48.85"
"GASPAR","SC","-26.93","-48.95"
"GASTAO VIDIGAL","SP","-20.79","-50.18"
"GAUCHA DO NORTE","MT","-13.24","-53.08"
"GAURAMA","RS","-27.58","-52.09"
"GAVIAO","BA","-11.47","-39.78"
"GAVIAO PEIXOTO","SP","-21.83","-48.49"
"GEMINIANO","PI","-7.15","-41.36"
"GENERAL CAMARA","RS","-29.9","-51.76"
"GENERAL CARNEIRO","MT","-15.71","-52.75"
"GENERAL CARNEIRO","PR","-26.42","-51.31"
"GENERAL MAYNARD","SE","-10.68","-36.979999999999997"
"GENERAL SALGADO","SP","-20.64","-50.36"
"GENERAL SAMPAIO","CE","-4.05","-39.450000000000003"
"GENTIL","RS","-28.43","-52.03"
"GENTIO DO OURO","BA","-11.42","-42.5"
"GETULINA","SP","-21.79","-49.92"
"GETULIO VARGAS","RS","-27.89","-52.22"
"GILBUES","PI","-9.83","-45.34"
"GIRAU DO PONCIANO","AL","-9.8800000000000008","-36.82"
"GIRUA","RS","-28.02","-54.35"
"GLAUCILANDIA","MG","-16.850000000000001","-43.69"
"GLICERIO","SP","-21.38","-50.21"
"GLORIA","BA","-9.33","-38.25"
"GLORIA DE DOURADOS","MS","-22.41","-54.23"
"GLORIA DO GOITA","PE","-8","-35.29"
"GLORIA D'OESTE","MT","-15.76","-58.35"
"GLORINHA","RS","-29.88","-50.76"
"GODOFREDO VIANA","MA","-1.4","-45.78"
"GODOY MOREIRA","PR","-24.17","-51.92"
"GOIABEIRA","MG","-18.98","-41.22"
"GOIANA","MG","-21.53","-43.2"
"GOIANA","PE","-7.56","-35"
"GOIANAPOLIS","GO","-16.510000000000002","-49.02"
"GOIANDIRA","GO","-18.13","-48.08"
"GOIANESIA","GO","-15.31","-49.11"
"GOIANESIA DO PARA","PA","-3.84","-49.09"
"GOIANIA","GO","-16.670000000000002","-49.25"
"GOIANINHA","RN","-6.26","-35.21"
"GOIANIRA","GO","-16.489999999999998","-49.42"
"GOIANORTE","TO","-8.77","-48.93"
"GOIAS","GO","-15.93","-50.14"
"GOIATINS","TO","-7.71","-47.31"
"GOIATUBA","GO","-18.010000000000002","-49.35"
"GOIOERE","PR","-24.18","-53.02"
"GOIOXIM","PR","-25.19","-51.99"
"GONCALVES","MG","-22.65","-45.85"
"GONCALVES DIAS","MA","-5.15","-44.29"
"GONGOGI","BA","-14.32","-39.46"
"GONZAGA","MG","-18.82","-42.47"
"GOUVEA","MG","-18.45","-43.74"
"GOUVELANDIA","GO","-18.64","-50.06"
"GOVERNADOR ARCHER","MA","-5.0199999999999996","-44.27"
"GOVERNADOR CELSO RAMOS","SC","-27.31","-48.55"
"GOVERNADOR DIX-SEPT ROSADO","RN","-5.45","-37.520000000000003"
"GOVERNADOR EDISON LOBAO","MA","-5.74","-47.36"
"GOVERNADOR EUGENIO BARROS","MA","-5.32","-44.24"
"GOVERNADOR JORGE TEIXEIRA","RO","-10.52","-62.64"
"GOVERNADOR LUIZ ROCHA","MA","-5.46","-44.07"
"GOVERNADOR MANGABEIRA","BA","-12.6","-39.04"
"GOVERNADOR NEWTON BELLO","MA","-3.42","-45.67"
"GOVERNADOR NUNES FREIRE","MA","-2.12","-45.88"
"GOVERNADOR VALADARES","MG","-18.850000000000001","-41.94"
"GRACA","CE","-4.04","-40.75"
"GRACA ARANHA","MA","-5.41","-44.33"
"GRACHO CARDOSO","SE","-10.220000000000001","-37.19"
"GRAJAU","MA","-5.81","-46.13"
"GRAMADO","RS","-29.37","-50.87"
"GRAMADO DOS LOUREIROS","RS","-27.44","-52.91"
"GRAMADO XAVIER","RS","-29.26","-52.57"
"GRANDES RIOS","PR","-24.14","-51.5"
"GRANITO","PE","-7.71","-39.61"
"GRANJA","CE","-3.12","-40.82"
"GRANJEIRO","CE","-6.88","-39.21"
"GRAO MOGOL","MG","-16.55","-42.89"
"GRAO PARA","SC","-28.18","-49.21"
"GRAVATA","PE","-8.1999999999999993","-35.56"
"GRAVATAI","RS","-29.94","-50.99"
"GRAVATAL","SC","-28.33","-49.03"
"GROAIRAS","CE","-3.91","-40.380000000000003"
"GROSSOS","RN","-4.9800000000000004","-37.15"
"GRUPIARA","MG","-18.489999999999998","-47.72"
"GUABIJU","RS","-28.54","-51.69"
"GUABIRUBA","SC","-27.08","-48.98"
"GUACUI","ES","-20.77","-41.67"
"GUADALUPE","PI","-6.78","-43.56"
"GUAIBA","RS","-30.11","-51.32"
"GUAICARA","SP","-21.62","-49.79"
"GUAIMBE","SP","-21.91","-49.89"
"GUAIRA","PR","-24.08","-54.25"
"GUAIRA","SP","-20.309999999999999","-48.31"
"GUAIRACA","PR","-22.93","-52.68"
"GUAIUBA","CE","-4.04","-38.630000000000003"
"GUAJARA","AM","-7.54","-72.58"
"GUAJARA-MIRIM","RO","-10.78","-65.33"
"GUAJERU","BA","-14.54","-41.94"
"GUAMARE","RN","-5.0999999999999996","-36.32"
"GUAMIRANGA","PR","-25.19","-50.8"
"GUANAMBI","BA","-14.22","-42.78"
"GUANHAES","MG","-18.77","-42.93"
"GUAPE","MG","-20.76","-45.91"
"GUAPIACU","SP","-20.79","-49.22"
"GUAPIARA","SP","-24.18","-48.53"
"GUAPIMIRIM","RJ","-22.53","-42.98"
"GUAPIRAMA","PR","-23.51","-50.04"
"GUAPO","GO","-16.829999999999998","-49.53"
"GUAPORE","RS","-28.84","-51.89"
"GUAPOREMA","PR","-23.34","-52.77"
"GUARA","SP","-20.420000000000002","-47.82"
"GUARABIRA","PB","-6.85","-35.49"
"GUARACAI","SP","-21.02","-51.2"
"GUARACI","PR","-22.97","-51.65"
"GUARACI","SP","-20.49","-48.94"
"GUARACIABA","MG","-20.57","-43"
"GUARACIABA","SC","-26.59","-53.51"
"GUARACIABA DO NORTE","CE","-4.16","-40.74"
"GUARACIAMA","MG","-17.010000000000002","-43.67"
"GUARAI","TO","-8.83","-48.51"
"GUARAITA","GO","-15.61","-50.02"
"GUARAMIRANGA","CE","-4.26","-38.93"
"GUARAMIRIM","SC","-26.47","-49"
"GUARANESIA","MG","-21.29","-46.8"
"GUARANI","MG","-21.35","-43.04"
"GUARANI DAS MISSOES","RS","-28.14","-54.55"
"GUARANI DE GOIAS","GO","-13.93","-46.48"
"GUARANI D'OESTE","SP","-20.07","-50.33"
"GUARANIACU","PR","-25.1","-52.87"
"GUARANTA","SP","-21.89","-49.59"
"GUARANTA DO NORTE","MT","-9.7799999999999994","-54.91"
"GUARAPARI","ES","-20.65","-40.51"
"GUARAPUAVA","PR","-25.39","-51.45"
"GUARAQUECABA","PR","-25.3","-48.32"
"GUARARA","MG","-21.73","-43.03"
"GUARARAPES","SP","-21.26","-50.64"
"GUARAREMA","SP","-23.41","-46.03"
"GUARATINGA","BA","-16.579999999999998","-39.78"
"GUARATINGUETA","SP","-22.81","-45.19"
"GUARATUBA","PR","-25.88","-48.57"
"GUARDA-MOR","MG","-17.77","-47.09"
"GUAREI","SP","-23.37","-48.18"
"GUARIBA","SP","-21.36","-48.22"
"GUARIBAS","PI","-9.39","-43.68"
"GUARINOS","GO","-14.73","-49.7"
"GUARUJA","SP","-23.99","-46.25"
"GUARUJA DO SUL","SC","-26.38","-53.52"
"GUARULHOS","SP","-23.46","-46.53"
"GUATAMBU","SC","-27.13","-52.78"
"GUATAPARA","SP","-21.49","-48.03"
"GUAXUPE","MG","-21.3","-46.71"
"GUIA LOPES DA LAGUNA","MS","-21.45","-56.11"
"GUIDOVAL","MG","-21.15","-42.79"
"GUIMARAES","MA","-2.13","-44.6"
"GUIMARANIA","MG","-18.84","-46.79"
"GUIRATINGA","MT","-16.34","-53.75"
"GUIRICEMA","MG","-21","-42.71"
"GURINHATA","MG","-19.21","-49.78"
"GURINHEM","PB","-7.12","-35.42"
"GURJAO","PB","-7.24","-36.479999999999997"
"GURUPA","PA","-1.4","-51.64"
"GURUPI","TO","-11.72","-49.06"
"GUZOLANDIA","SP","-20.65","-50.66"
"HARMONIA","RS","-29.54","-51.42"
"HEITORAI","GO","-15.71","-49.82"
"HELIODORA","MG","-22.06","-45.54"
"HELIOPOLIS","BA","-10.68","-38.28"
"HERCULANDIA","SP","-22","-50.38"
"HERVAL","RS","-32.020000000000003","-53.39"
"HERVAL D'OESTE","SC","-27.19","-51.49"
"HERVEIRAS","RS","-29.4","-52.65"
"HIDROLANDIA","CE","-4.4000000000000004","-40.43"
"HIDROLANDIA","GO","-16.96","-49.22"
"HIDROLINA","GO","-14.72","-49.46"
"HOLAMBRA","SP","-22.63","-47.05"
"HONORIO SERPA","PR","-26.14","-52.38"
"HORIZONTE","CE","-4.09","-38.49"
"HORIZONTINA","RS","-27.62","-54.3"
"HORTOLANDIA","SP","-22.85","-47.22"
"HUGO NAPOLEAO","PI","-5.98","-42.55"
"HULHA NEGRA","RS","-31.4","-53.86"
"HUMAITA","AM","-7.5","-63.02"
"HUMAITA","RS","-27.56","-53.97"
"HUMBERTO DE CAMPOS","MA","-2.59","-43.46"
"IACANGA","SP","-21.89","-49.02"
"IACIARA","GO","-14.09","-46.63"
"IACRI","SP","-21.85","-50.68"
"IACU","BA","-12.76","-40.21"
"IAPU","MG","-19.43","-42.21"
"IARAS","SP","-22.87","-49.16"
"IATI","PE","-9.0399999999999991","-36.840000000000003"
"IBAITI","PR","-23.84","-50.18"
"IBARAMA","RS","-29.41","-53.13"
"IBARETAMA","CE","-4.8","-38.75"
"IBATE","SP","-21.95","-47.99"
"IBATEGUARA","AL","-8.9700000000000006","-35.93"
"IBATIBA","ES","-20.23","-41.51"
"IBEMA","PR","-25.1","-53.01"
"IBERTIOGA","MG","-21.43","-43.96"
"IBIA","MG","-19.47","-46.53"
"IBIACA","RS","-28.05","-51.85"
"IBIAI","MG","-16.86","-44.91"
"IBIAM","SC","-27.18","-51.23"
"IBIAPINA","CE","-3.92","-40.880000000000003"
"IBIARA","PB","-7.5","-38.4"
"IBIASSUCE","BA","-14.25","-42.25"
"IBICARAI","BA","-14.86","-39.58"
"IBICARE","SC","-27.09","-51.36"
"IBICOARA","BA","-13.41","-41.28"
"IBICUI","BA","-14.84","-39.979999999999997"
"IBICUITINGA","CE","-4.97","-38.630000000000003"
"IBIMIRIM","PE","-8.5399999999999991","-37.69"
"IBIPEBA","BA","-11.64","-42.01"
"IBIPITANGA","BA","-12.88","-42.48"
"IBIPORA","PR","-23.26","-51.04"
"IBIQUERA","BA","-12.65","-40.93"
"IBIRA","SP","-21.08","-49.24"
"IBIRACATU","MG","-15.66","-44.16"
"IBIRACI","MG","-20.46","-47.12"
"IBIRACU","ES","-19.829999999999998","-40.369999999999997"
"IBIRAIARAS","RS","-28.37","-51.63"
"IBIRAJUBA","PE","-8.58","-36.17"
"IBIRAMA","SC","-27.05","-49.51"
"IBIRAPITANGA","BA","-14.16","-39.369999999999997"
"IBIRAPUA","BA","-17.68","-40.1"
"IBIRAPUITA","RS","-28.62","-52.51"
"IBIRAREMA","SP","-22.81","-50.07"
"IBIRATAIA","BA","-14.06","-39.64"
"IBIRITE","MG","-20.02","-44.05"
"IBIRUBA","RS","-28.62","-53.09"
"IBITIARA","BA","-12.65","-42.21"
"IBITINGA","SP","-21.75","-48.82"
"IBITIRAMA","ES","-20.54","-41.66"
"IBITITA","BA","-11.54","-41.97"
"IBITIURA DE MINAS","MG","-22.06","-46.44"
"IBITURUNA","MG","-21.15","-44.74"
"IBIUNA","SP","-23.65","-47.22"
"IBOTIRAMA","BA","-12.18","-43.22"
"ICAPUI","CE","-4.71","-37.35"
"ICARA","SC","-28.71","-49.3"
"ICARAI DE MINAS","MG","-16.21","-44.9"
"ICARAIMA","PR","-23.39","-53.61"
"ICATU","MA","-2.77","-44.06"
"ICEM","SP","-20.34","-49.19"
"ICHU","BA","-11.74","-39.19"
"ICO","CE","-6.4","-38.86"
"ICONHA","ES","-20.79","-40.81"
"IELMO MARINHO","RN","-5.82","-35.549999999999997"
"IEPE","SP","-22.66","-51.07"
"IGACI","AL","-9.5299999999999994","-36.630000000000003"
"IGAPORA","BA","-13.77","-42.71"
"IGARACU DO TIETE","SP","-22.5","-48.55"
"IGARACY","PB","-7.18","-38.14"
"IGARAPAVA","SP","-20.03","-47.74"
"IGARAPE","MG","-20.07","-44.3"
"IGARAPE DO MEIO","MA","-3.66","-45.22"
"IGARAPE GRANDE","MA","-4.58","-44.85"
"IGARAPE-ACU","PA","-1.1200000000000001","-47.61"
"IGARAPE-MIRI","PA","-1.97","-48.96"
"IGARASSU","PE","-7.83","-34.9"
"IGARATA","SP","-23.2","-46.15"
"IGARATINGA","MG","-19.95","-44.7"
"IGRAPIUNA","BA","-13.82","-39.14"
"IGREJA NOVA","AL","-10.119999999999999","-36.659999999999997"
"IGREJINHA","RS","-29.57","-50.79"
"IGUABA GRANDE","RJ","-22.83","-42.22"
"IGUAI","BA","-14.75","-40.08"
"IGUAPE","SP","-24.7","-47.55"
"IGUARACI","PE","-7.83","-37.51"
"IGUARACU","PR","-23.19","-51.82"
"IGUATAMA","MG","-20.170000000000002","-45.71"
"IGUATEMI","MS","-23.68","-54.56"
"IGUATU","CE","-6.35","-39.29"
"IGUATU","PR","-24.64","-53.13"
"IJACI","MG","-21.17","-44.92"
"IJUI","RS","-28.38","-53.91"
"ILHA COMPRIDA","SP","-24.74","-47.54"
"ILHA DAS FLORES","SE","-10.43","-36.54"
"ILHA GRANDE","PI","-2.85","-41.82"
"ILHA SOLTEIRA","SP","-20.43","-51.34"
"ILHABELA","SP","-23.77","-45.35"
"ILHEUS","BA","-14.78","-39.04"
"ILHOTA","SC","-26.9","-48.82"
"ILICINEA","MG","-20.93","-45.83"
"ILOPOLIS","RS","-28.92","-52.12"
"IMACULADA","PB","-7.39","-37.5"
"IMARUI","SC","-28.34","-48.82"
"IMBAU","PR","-24.44","-50.76"
"IMBE","RS","-29.97","-50.12"
"IMBE DE MINAS","MG","-19.59","-41.97"
"IMBITUBA","SC","-28.24","-48.67"
"IMBITUVA","PR","-25.23","-50.6"
"IMBUIA","SC","-27.49","-49.42"
"IMIGRANTE","RS","-29.35","-51.77"
"IMPERATRIZ","MA","-5.52","-47.47"
"INACIO MARTINS","PR","-25.57","-51.07"
"INACIOLANDIA","GO","-18.48","-49.98"
"INAJA","PE","-8.9","-37.82"
"INAJA","PR","-22.74","-52.19"
"INCONFIDENTES","MG","-22.31","-46.32"
"INDAIABIRA","MG","-15.49","-42.19"
"INDAIAL","SC","-26.89","-49.23"
"INDAIATUBA","SP","-23.09","-47.21"
"INDEPENDENCIA","CE","-5.39","-40.299999999999997"
"INDEPENDENCIA","RS","-27.83","-54.18"
"INDIANA","SP","-22.17","-51.25"
"INDIANOPOLIS","MG","-19.03","-47.91"
"INDIANOPOLIS","PR","-23.47","-52.69"
"INDIAPORA","SP","-19.98","-50.29"
"INDIARA","GO","-17.14","-49.98"
"INDIAROBA","SE","-11.51","-37.51"
"INDIAVAI","MT","-15.49","-58.57"
"INGA","PB","-7.26","-35.61"
"INGAI","MG","-21.4","-44.91"
"INGAZEIRA","PE","-7.67","-37.46"
"INHACORA","RS","-27.88","-54.01"
"INHAMBUPE","BA","-11.78","-38.35"
"INHANGAPI","PA","-1.43","-47.91"
"INHAPI","AL","-9.2100000000000009","-37.75"
"INHAPIM","MG","-19.54","-42.12"
"INHAUMA","MG","-19.489999999999998","-44.39"
"INHUMA","PI","-6.66","-41.7"
"INHUMAS","GO","-16.350000000000001","-49.49"
"INIMUTABA","MG","-18.72","-44.36"
"INOCENCIA","MS","-19.72","-51.93"
"INUBIA PAULISTA","SP","-21.77","-50.96"
"IOMERE","SC","-27","-51.24"
"IPABA","MG","-19.41","-42.41"
"IPAMERI","GO","-17.72","-48.16"
"IPANEMA","MG","-19.8","-41.71"
"IPANGUACU","RN","-5.49","-36.85"
"IPAPORANGA","CE","-4.9000000000000004","-40.75"
"IPATINGA","MG","-19.46","-42.53"
"IPAUCU","SP","-23.05","-49.62"
"IPAUMIRIM","CE","-6.79","-38.71"
"IPE","RS","-28.82","-51.27"
"IPECAETA","BA","-12.3","-39.299999999999997"
"IPERO","SP","-23.35","-47.68"
"IPEUNA","SP","-22.43","-47.71"
"IPIACU","MG","-18.690000000000001","-49.94"
"IPIAU","BA","-14.13","-39.729999999999997"
"IPIGUA","SP","-20.65","-49.38"
"IPIRA","BA","-12.15","-39.729999999999997"
"IPIRA","SC","-27.4","-51.77"
"IPIRANGA","PR","-25.02","-50.58"
"IPIRANGA DO PIAUI","PI","-6.82","-41.74"
"IPIRANGA DO SUL","RS","-27.93","-52.42"
"IPIXUNA","AM","-7.05","-71.69"
"IPIXUNA DO PARA","PA","-2.5499999999999998","-47.49"
"IPOJUCA","PE","-8.39","-35.06"
"IPORA","GO","-16.440000000000001","-51.11"
"IPORA","PR","-24","-53.7"
"IPORA DO OESTE","SC","-26.98","-53.53"
"IPORANGA","SP","-24.58","-48.59"
"IPU","CE","-4.32","-40.71"
"IPUA","SP","-20.43","-48.01"
"IPUACU","SC","-26.63","-52.45"
"IPUBI","PE","-7.65","-40.14"
"IPUEIRA","RN","-6.81","-37.19"
"IPUEIRAS","CE","-4.54","-40.71"
"IPUEIRAS","TO","-11.23","-48.46"
"IPUIUNA","MG","-22.09","-46.19"
"IPUMIRIM","SC","-27.07","-52.13"
"IPUPIARA","BA","-11.82","-42.61"
"IRACEMA","CE","-5.81","-38.299999999999997"
"IRACEMA","RR","2.1800000000000002","-61.04"
"IRACEMA DO OESTE","PR","-24.42","-53.35"
"IRACEMAPOLIS","SP","-22.58","-47.51"
"IRACEMINHA","SC","-26.82","-53.27"
"IRAI","RS","-27.19","-53.25"
"IRAI DE MINAS","MG","-18.98","-47.46"
"IRAJUBA","BA","-13.25","-40.08"
"IRAMAIA","BA","-13.28","-40.950000000000003"
"IRANDUBA","AM","-3.28","-60.18"
"IRANI","SC","-27.02","-51.9"
"IRAPUA","SP","-21.27","-49.4"
"IRAPURU","SP","-21.57","-51.34"
"IRAQUARA","BA","-12.24","-41.61"
"IRARA","BA","-12.05","-38.76"
"IRATI","PR","-25.46","-50.65"
"IRATI","SC","-26.65","-52.89"
"IRAUCUBA","CE","-3.74","-39.78"
"IRECE","BA","-11.3","-41.85"
"IRETAMA","PR","-24.42","-52.1"
"IRINEOPOLIS","SC","-26.23","-50.8"
"IRITUIA","PA","-1.76","-47.43"
"IRUPI","ES","-20.34","-41.64"
"ISAIAS COELHO","PI","-7.73","-41.67"
"ISRAELANDIA","GO","-16.309999999999999","-50.9"
"ITA","SC","-27.29","-52.32"
"ITAARA","RS","-29.61","-53.76"
"ITABAIANA","PB","-7.32","-35.33"
"ITABAIANA","SE","-10.68","-37.42"
"ITABAIANINHA","SE","-11.27","-37.79"
"ITABELA","BA","-16.57","-39.549999999999997"
"ITABERA","SP","-23.86","-49.13"
"ITABERABA","BA","-12.52","-40.299999999999997"
"ITABERAI","GO","-16.02","-49.81"
"ITABI","SE","-10.119999999999999","-37.1"
"ITABIRA","MG","-19.61","-43.22"
"ITABIRINHA DE MANTENA","MG","-18.559999999999999","-41.23"
"ITABIRITO","MG","-20.25","-43.8"
"ITABORAI","RJ","-22.74","-42.85"
"ITABUNA","BA","-14.78","-39.28"
"ITACAJA","TO","-8.39","-47.76"
"ITACAMBIRA","MG","-17.059999999999999","-43.3"
"ITACARAMBI","MG","-15.1","-44.09"
"ITACARE","BA","-14.27","-38.99"
"ITACOATIARA","AM","-3.14","-58.44"
"ITACURUBA","PE","-8.83","-38.700000000000003"
"ITACURUBI","RS","-28.78","-55.25"
"ITAETE","BA","-12.98","-40.97"
"ITAGI","BA","-14.16","-40"
"ITAGIBA","BA","-14.28","-39.840000000000003"
"ITAGIMIRIM","BA","-16.079999999999998","-39.61"
"ITAGUACU","ES","-19.8","-40.85"
"ITAGUACU DA BAHIA","BA","-11.01","-42.39"
"ITAGUAI","RJ","-22.85","-43.77"
"ITAGUAJE","PR","-22.61","-51.96"
"ITAGUARA","MG","-20.39","-44.48"
"ITAGUARI","GO","-15.91","-49.6"
"ITAGUARU","GO","-15.75","-49.63"
"ITAGUATINS","TO","-5.76","-47.48"
"ITAI","SP","-23.41","-49.09"
"ITAIBA","PE","-8.94","-37.42"
"ITAICABA","CE","-4.67","-37.82"
"ITAINOPOLIS","PI","-7.44","-41.47"
"ITAIOPOLIS","SC","-26.33","-49.9"
"ITAIPAVA DO GRAJAU","MA","-5.14","-45.79"
"ITAIPE","MG","-17.399999999999999","-41.66"
"ITAIPULANDIA","PR","-25.13","-54.3"
"ITAITINGA","CE","-3.96","-38.520000000000003"
"ITAITUBA","PA","-4.2699999999999996","-55.98"
"ITAJA","GO","-19.059999999999999","-51.54"
"ITAJA","RN","-5.64","-36.869999999999997"
"ITAJAI","SC","-26.9","-48.66"
"ITAJOBI","SP","-21.31","-49.05"
"ITAJU","SP","-21.98","-48.8"
"ITAJU DO COLONIA","BA","-15.14","-39.72"
"ITAJUBA","MG","-22.42","-45.45"
"ITAJUIPE","BA","-14.67","-39.369999999999997"
"ITALVA","RJ","-21.42","-41.69"
"ITAMARACA","PE","-7.74","-34.82"
"ITAMARAJU","BA","-17.03","-39.53"
"ITAMARANDIBA","MG","-17.850000000000001","-42.85"
"ITAMARATI","AM","-6.42","-68.25"
"ITAMARATI DE MINAS","MG","-21.41","-42.81"
"ITAMARI","BA","-13.77","-39.68"
"ITAMBACURI","MG","-18.03","-41.68"
"ITAMBARACA","PR","-23.01","-50.4"
"ITAMBE","BA","-15.24","-40.619999999999997"
"ITAMBE","PE","-7.41","-35.11"
"ITAMBE","PR","-23.66","-51.99"
"ITAMBE DO MATO DENTRO","MG","-19.41","-43.32"
"ITAMOGI","MG","-21.07","-47.04"
"ITAMONTE","MG","-22.28","-44.87"
"ITANAGRA","BA","-12.26","-38.04"
"ITANHAEM","SP","-24.18","-46.78"
"ITANHANDU","MG","-22.29","-44.93"
"ITANHEM","BA","-17.16","-40.33"
"ITANHOMI","MG","-19.170000000000002","-41.86"
"ITAOBIM","MG","-16.559999999999999","-41.5"
"ITAOCA","SP","-24.64","-48.84"
"ITAOCARA","RJ","-21.67","-42.08"
"ITAPACI","GO","-14.95","-49.54"
"ITAPAGE","CE","-3.68","-39.58"
"ITAPAGIPE","MG","-19.899999999999999","-49.38"
"ITAPARICA","BA","-12.88","-38.67"
"ITAPE","BA","-14.89","-39.42"
"ITAPEBI","BA","-15.95","-39.53"
"ITAPECERICA","MG","-20.47","-45.12"
"ITAPECERICA DA SERRA","SP","-23.71","-46.84"
"ITAPECURU MIRIM","MA","-3.39","-44.35"
"ITAPEJARA D'OESTE","PR","-25.96","-52.81"
"ITAPEMA","SC","-27.09","-48.61"
"ITAPEMIRIM","ES","-21.01","-40.83"
"ITAPERUCU","PR","-25.22","-49.34"
"ITAPERUNA","RJ","-21.2","-41.88"
"ITAPETIM","PE","-7.37","-37.19"
"ITAPETINGA","BA","-15.24","-40.24"
"ITAPETININGA","SP","-23.59","-48.05"
"ITAPEVA","MG","-22.76","-46.22"
"ITAPEVA","SP","-23.98","-48.87"
"ITAPEVI","SP","-23.54","-46.93"
"ITAPICURU","BA","-11.31","-38.229999999999997"
"ITAPIPOCA","CE","-3.36","-39.83"
"ITAPIRA","SP","-22.43","-46.82"
"ITAPIRANGA","AM","-2.74","-58.02"
"ITAPIRANGA","SC","-27.16","-53.71"
"ITAPIRAPUA","GO","-15.82","-50.61"
"ITAPIRAPUA PAULISTA","SP","-24.57","-49.16"
"ITAPIRATINS","TO","-8.3800000000000008","-48.11"
"ITAPISSUMA","PE","-7.77","-34.89"
"ITAPITANGA","BA","-14.42","-39.56"
"ITAPIUNA","CE","-4.5599999999999996","-38.92"
"ITAPOA","SC","-26.11","-48.61"
"ITAPOLIS","SP","-21.59","-48.81"
"ITAPORA","MS","-22.07","-54.78"
"ITAPORA DO TOCANTINS","TO","-8.57","-48.68"
"ITAPORANGA","PB","-7.3","-38.15"
"ITAPORANGA","SP","-23.7","-49.49"
"ITAPORANGA D'AJUDA","SE","-10.99","-37.31"
"ITAPOROROCA","PB","-6.83","-35.24"
"ITAPUCA","RS","-28.78","-52.17"
"ITAPUI","SP","-22.23","-48.71"
"ITAPURA","SP","-20.64","-51.5"
"ITAPURANGA","GO","-15.56","-49.94"
"ITAQUAQUECETUBA","SP","-23.48","-46.34"
"ITAQUARA","BA","-13.45","-39.94"
"ITAQUI","RS","-29.12","-56.55"
"ITAQUIRAI","MS","-23.47","-54.18"
"ITAQUITINGA","PE","-7.66","-35.1"
"ITARANA","ES","-19.87","-40.869999999999997"
"ITARANTIM","BA","-15.66","-40.06"
"ITARARE","SP","-24.11","-49.34"
"ITAREMA","CE","-2.92","-39.909999999999997"
"ITARIRI","SP","-24.28","-47.17"
"ITARUMA","GO","-18.760000000000002","-51.34"
"ITATIAIA","RJ","-22.49","-44.56"
"ITATIAIUCU","MG","-20.190000000000001","-44.42"
"ITATIBA","SP","-23","-46.83"
"ITATIBA DO SUL","RS","-27.38","-52.45"
"ITATIM","BA","-12.71","-39.69"
"ITATINGA","SP","-23.1","-48.61"
"ITATIRA","CE","-4.5199999999999996","-39.619999999999997"
"ITATUBA","PB","-7.37","-35.619999999999997"
"ITAU","RN","-5.84","-37.99"
"ITAU DE MINAS","MG","-20.73","-46.75"
"ITAUBA","MT","-11.06","-55.27"
"ITAUBAL","AP","0.71","-50.8"
"ITAUCU","GO","-16.2","-49.6"
"ITAUEIRA","PI","-7.6","-43.02"
"ITAUNA","MG","-20.07","-44.57"
"ITAUNA DO SUL","PR","-22.73","-52.88"
"ITAVERAVA","MG","-20.67","-43.61"
"ITINGA","MG","-16.61","-41.76"
"ITINGA DO MARANHAO","MA","-4.45","-47.52"
"ITIQUIRA","MT","-17.2","-54.15"
"ITIRAPINA","SP","-22.25","-47.82"
"ITIRAPUA","SP","-20.64","-47.21"
"ITIRUCU","BA","-13.53","-40.15"
"ITIUBA","BA","-10.69","-39.85"
"ITOBI","SP","-21.73","-46.97"
"ITORORO","BA","-15.11","-40.07"
"ITU","SP","-23.26","-47.29"
"ITUACU","BA","-13.81","-41.29"
"ITUBERA","BA","-13.73","-39.14"
"ITUETA","MG","-19.39","-41.17"
"ITUIUTABA","MG","-18.96","-49.46"
"ITUMBIARA","GO","-18.420000000000002","-49.21"
"ITUMIRIM","MG","-21.31","-44.87"
"ITUPEVA","SP","-23.15","-47.05"
"ITUPIRANGA","PA","-5.13","-49.32"
"ITUPORANGA","SC","-27.41","-49.6"
"ITURAMA","MG","-19.72","-50.19"
"ITUTINGA","MG","-21.29","-44.65"
"ITUVERAVA","SP","-20.329999999999998","-47.78"
"IUIU","BA","-14.41","-43.55"
"IUNA","ES","-20.34","-41.53"
"IVAI","PR","-25.01","-50.85"
"IVAIPORA","PR","-24.24","-51.68"
"IVATE","PR","-23.4","-53.36"
"IVATUBA","PR","-23.61","-52.22"
"IVINHEMA","MS","-22.3","-53.81"
"IVOLANDIA","GO","-16.600000000000001","-50.79"
"IVORA","RS","-29.52","-53.58"
"IVOTI","RS","-29.59","-51.16"
"JABOATAO DOS GUARARAPES","PE","-8.11","-35.01"
"JABORA","SC","-27.17","-51.73"
"JABORANDI","BA","-13.61","-44.43"
"JABORANDI","SP","-20.68","-48.41"
"JABOTI","PR","-23.74","-50.07"
"JABOTICABA","RS","-27.63","-53.27"
"JABOTICABAL","SP","-21.25","-48.32"
"JABOTICATUBAS","MG","-19.510000000000002","-43.74"
"JACANA","RN","-6.42","-36.200000000000003"
"JACARACI","BA","-14.85","-42.43"
"JACARAU","PB","-6.61","-35.29"
"JACARE DOS HOMENS","AL","-9.6300000000000008","-37.200000000000003"
"JACAREACANGA","PA","-6.22","-57.75"
"JACAREI","SP","-23.3","-45.96"
"JACAREZINHO","PR","-23.16","-49.96"
"JACI","SP","-20.88","-49.57"
"JACIARA","MT","-15.96","-54.96"
"JACINTO","MG","-16.14","-40.29"
"JACINTO MACHADO","SC","-28.99","-49.76"
"JACOBINA","BA","-11.18","-40.51"
"JACOBINA DO PIAUI","PI","-7.93","-41.21"
"JACUI","MG","-21.01","-46.74"
"JACUIPE","AL","-8.84","-35.46"
"JACUNDA","PA","-4.45","-49.11"
"JACUPIRANGA","SP","-24.69","-48"
"JACUTINGA","MG","-22.28","-46.61"
"JACUTINGA","RS","-27.72","-52.53"
"JAGUAPITA","PR","-23.11","-51.53"
"JAGUAQUARA","BA","-13.53","-39.97"
"JAGUARACU","MG","-19.64","-42.75"
"JAGUARAO","RS","-32.56","-53.37"
"JAGUARARI","BA","-10.26","-40.19"
"JAGUARE","ES","-18.899999999999999","-40.07"
"JAGUARETAMA","CE","-5.61","-38.76"
"JAGUARI","RS","-29.49","-54.69"
"JAGUARIAIVA","PR","-24.25","-49.7"
"JAGUARIBARA","CE","-5.65","-38.619999999999997"
"JAGUARIBE","CE","-5.89","-38.619999999999997"
"JAGUARIPE","BA","-13.11","-38.89"
"JAGUARIUNA","SP","-22.7","-46.98"
"JAGUARUANA","CE","-4.83","-37.78"
"JAGUARUNA","SC","-28.61","-49.02"
"JAIBA","MG","-15.33","-43.67"
"JAICOS","PI","-7.35","-41.13"
"JALES","SP","-20.260000000000002","-50.54"
"JAMARI","RO","-9.1999999999999993","-63.18"
"JAMBEIRO","SP","-23.25","-45.68"
"JAMPRUCA","MG","-18.46","-41.8"
"JANAUBA","MG","-15.8","-43.3"
"JANDAIA","GO","-17.04","-50.14"
"JANDAIA DO SUL","PR","-23.6","-51.64"
"JANDAIRA","BA","-11.56","-37.78"
"JANDAIRA","RN","-5.35","-36.119999999999997"
"JANDIRA","SP","-23.52","-46.9"
"JANDUIS","RN","-6.01","-37.4"
"JANGADA","MT","-15.23","-56.48"
"JANIOPOLIS","PR","-24.14","-52.78"
"JANUARIA","MG","-15.48","-44.36"
"JANUARIO CICCO","RN","-6.15","-35.6"
"JAPARAIBA","MG","-20.14","-45.5"
"JAPARATINGA","AL","-9.08","-35.25"
"JAPARATUBA","SE","-10.59","-36.94"
"JAPERI","RJ","-22.64","-43.65"
"JAPI","RN","-6.46","-35.94"
"JAPIRA","PR","-23.81","-50.13"
"JAPOATA","SE","-10.34","-36.799999999999997"
"JAPONVAR","MG","-15.99","-44.27"
"JAPORA","MS","-23.89","-54.4"
"JAPURA","AM","-1.82","-66.59"
"JAPURA","PR","-23.47","-52.55"
"JAQUEIRA","PE","-8.7200000000000006","-35.79"
"JAQUIRANA","RS","-28.88","-50.35"
"JARAGUA","GO","-15.75","-49.33"
"JARAGUA DO SUL","SC","-26.48","-49.06"
"JARAGUARI","MS","-20.14","-54.39"
"JARAMATAIA","AL","-9.65","-37"
"JARDIM","CE","-7.58","-39.29"
"JARDIM","MS","-21.48","-56.13"
"JARDIM ALEGRE","PR","-24.17","-51.69"
"JARDIM DE ANGICOS","RN","-5.65","-35.96"
"JARDIM DE PIRANHAS","RN","-6.37","-37.35"
"JARDIM DO MULATO","PI","-6.09","-42.63"
"JARDIM DO SERIDO","RN","-6.58","-36.770000000000003"
"JARDIM OLINDA","PR","-22.54","-52.06"
"JARDINOPOLIS","SC","-26.72","-52.86"
"JARDINOPOLIS","SP","-21.01","-47.76"
"JARI","RS","-29.29","-54.22"
"JARINU","SP","-23.1","-46.72"
"JARU","RO","-10.43","-62.46"
"JATAI","GO","-17.88","-51.71"
"JATAIZINHO","PR","-23.25","-50.98"
"JATAUBA","PE","-7.99","-36.49"
"JATEI","MS","-22.48","-54.3"
"JATI","CE","-7.68","-39.01"
"JATOBA","MA","-5.81","-44.22"
"JATOBA","PE","-9.18","-38.26"
"JATOBA DO PIAUI","PI","-4.7699999999999996","-41.81"
"JAU","SP","-22.29","-48.55"
"JAU DO TOCANTINS","TO","-12.65","-48.59"
"JAUPACI","GO","-16.170000000000002","-50.95"
"JAURU","MT","-15.34","-58.86"
"JECEABA","MG","-20.53","-43.98"
"JENIPAPO DE MINAS","MG","-17.079999999999998","-42.25"
"JENIPAPO DOS VIEIRAS","MA","-5.37","-45.63"
"JEQUERI","MG","-20.45","-42.66"
"JEQUIE","BA","-13.85","-40.08"
"JEQUITAI","MG","-17.23","-44.44"
"JEQUITIBA","MG","-19.23","-44.02"
"JEQUITINHONHA","MG","-16.43","-41"
"JEREMOABO","BA","-10.06","-38.35"
"JERICO","PB","-6.55","-37.799999999999997"
"JERIQUARA","SP","-20.309999999999999","-47.58"
"JERONIMO MONTEIRO","ES","-20.78","-41.39"
"JERUMENHA","PI","-7.08","-43.51"
"JESUANIA","MG","-21.99","-45.29"
"JESUITAS","PR","-24.38","-53.38"
"JESUPOLIS","GO","-15.95","-49.37"
"JIJOCA DE JERICOACOARA","CE","-2.79","-40.51"
"JI-PARANA","RO","-10.88","-61.94"
"JIQUIRICA","BA","-13.25","-39.57"
"JITAUNA","BA","-14.01","-39.880000000000003"
"JOACABA","SC","-27.17","-51.5"
"JOAIMA","MG","-16.649999999999999","-41.03"
"JOANESIA","MG","-19.170000000000002","-42.67"
"JOANOPOLIS","SP","-22.93","-46.27"
"JOAO ALFREDO","PE","-7.85","-35.58"
"JOAO CAMARA","RN","-5.53","-35.82"
"JOAO COSTA","PI","-8.51","-42.41"
"JOAO DIAS","RN","-6.27","-37.79"
"JOAO DOURADO","BA","-11.35","-41.66"
"JOAO LISBOA","MA","-5.44","-47.4"
"JOAO MONLEVADE","MG","-19.809999999999999","-43.17"
"JOAO NEIVA","ES","-19.75","-40.380000000000003"
"JOAO PESSOA","PB","-7.11","-34.86"
"JOAO PINHEIRO","MG","-17.739999999999998","-46.17"
"JOAO RAMALHO","SP","-22.25","-50.76"
"JOAQUIM FELICIO","MG","-17.75","-44.17"
"JOAQUIM GOMES","AL","-9.1300000000000008","-35.74"
"JOAQUIM NABUCO","PE","-8.6199999999999992","-35.53"
"JOAQUIM PIRES","PI","-3.5","-42.19"
"JOAQUIM TAVORA","PR","-23.49","-49.9"
"JOCA MARQUES","PI","-3.47","-42.42"
"JOIA","RS","-28.64","-54.12"
"JOINVILLE","SC","-26.3","-48.84"
"JORDANIA","MG","-15.9","-40.17"
"JORDAO","AC","-9.43","-71.88"
"JOSE BOITEUX","SC","-26.95","-49.62"
"JOSE BONIFACIO","SP","-21.05","-49.68"
"JOSE DA PENHA","RN","-6.31","-38.28"
"JOSE DE FREITAS","PI","-4.75","-42.57"
"JOSE GONCALVES DE MINAS","MG","-16.899999999999999","-42.6"
"JOSE RAYDAN","MG","-18.21","-42.49"
"JOSELANDIA","MA","-4.96","-44.7"
"JOSENOPOLIS","MG","-16.54","-42.51"
"JOVIANIA","GO","-17.8","-49.61"
"JUARA","MT","-11.25","-57.52"
"JUAREZ TAVORA","PB","-7.17","-35.58"
"JUARINA","TO","-8.11","-49.06"
"JUATUBA","MG","-19.95","-44.34"
"JUAZEIRINHO","PB","-7.06","-36.57"
"JUAZEIRO","BA","-9.41","-40.5"
"JUAZEIRO DO NORTE","CE","-7.21","-39.31"
"JUAZEIRO DO PIAUI","PI","-5.17","-41.7"
"JUCAS","CE","-6.52","-39.520000000000003"
"JUCATI","PE","-8.6999999999999993","-36.479999999999997"
"JUCURUCU","BA","-16.84","-40.15"
"JUCURUTU","RN","-6.03","-37.020000000000003"
"JUINA","MT","-11.37","-58.74"
"JUIZ DE FORA","MG","-21.76","-43.35"
"JULIO BORGES","PI","-10.32","-44.23"
"JULIO DE CASTILHOS","RS","-29.22","-53.68"
"JULIO MESQUITA","SP","-22","-49.78"
"JUMIRIM","SP","-23.08","-47.78"
"JUNCO DO MARANHAO","MA","-1.84","-46.09"
"JUNCO DO SERIDO","PB","-6.99","-36.71"
"JUNDIA","AL","-8.93","-35.57"
"JUNDIAI","SP","-23.18","-46.88"
"JUNDIAI DO SUL","PR","-23.43","-50.24"
"JUNQUEIRO","AL","-9.92","-36.47"
"JUNQUEIROPOLIS","SP","-21.51","-51.43"
"JUPI","PE","-8.7100000000000009","-36.409999999999997"
"JUPIA","SC","-26.39","-52.72"
"JUQUIA","SP","-24.32","-47.63"
"JUQUITIBA","SP","-23.93","-47.06"
"JURAMENTO","MG","-16.84","-43.58"
"JURANDA","PR","-24.42","-52.84"
"JUREMA","PE","-8.7100000000000009","-36.130000000000003"
"JUREMA","PI","-9.23","-43.12"
"JURIPIRANGA","PB","-7.37","-35.229999999999997"
"JURU","PB","-7.53","-37.81"
"JURUA","AM","-3.48","-66.06"
"JURUAIA","MG","-21.25","-46.57"
"JURUENA","MT","-10.31","-58.35"
"JURUTI","PA","-2.15","-56.09"
"JUSCIMEIRA","MT","-16.05","-54.88"
"JUSSARA","BA","-11.04","-41.96"
"JUSSARA","GO","-15.86","-50.86"
"JUSSARA","PR","-23.62","-52.46"
"JUSSARI","BA","-15.19","-39.49"
"JUSSIAPE","BA","-13.51","-41.59"
"JUTAI","AM","-2.74","-66.760000000000005"
"JUTI","MS","-22.86","-54.6"
"JUVENILIA","MG","-14.26","-44.16"
"KALORE","PR","-23.81","-51.66"
"LABREA","AM","-7.25","-64.790000000000006"
"LACERDOPOLIS","SC","-27.26","-51.55"
"LADAINHA","MG","-17.63","-41.73"
"LADARIO","MS","-19","-57.6"
"LAFAIETE COUTINHO","BA","-13.65","-40.21"
"LAGAMAR","MG","-18.170000000000002","-46.8"
"LAGARTO","SE","-10.91","-37.65"
"LAGES","SC","-27.81","-50.32"
"LAGO DA PEDRA","MA","-4.28","-45.24"
"LAGO DO JUNCO","MA","-4.4400000000000004","-44.93"
"LAGO DOS RODRIGUES","MA","-4.49","-44.89"
"LAGO VERDE","MA","-3.95","-44.82"
"LAGOA","PB","-6.57","-37.909999999999997"
"LAGOA ALEGRE","PI","-4.51","-42.62"
"LAGOA DA CANOA","AL","-9.83","-36.729999999999997"
"LAGOA DA CONFUSAO","TO","-10.79","-49.62"
"LAGOA DA PRATA","MG","-20.02","-45.54"
"LAGOA D'ANTA","RN","-6.39","-35.590000000000003"
"LAGOA DE DENTRO","PB","-6.67","-35.369999999999997"
"LAGOA DE PEDRAS","RN","-6.14","-35.43"
"LAGOA DE SAO FRANCISCO","PI","-4.3899999999999997","-41.6"
"LAGOA DE VELHOS","RN","-6","-35.869999999999997"
"LAGOA DO BARRO DO PIAUI","PI","-8.4700000000000006","-41.52"
"LAGOA DO CARRO","PE","-7.84","-35.32"
"LAGOA DO ITAENGA","PE","-7.93","-35.29"
"LAGOA DO MATO","MA","-6.04","-43.52"
"LAGOA DO OURO","PE","-9.1199999999999992","-36.450000000000003"
"LAGOA DO PIAUI","PI","-5.41","-42.64"
"LAGOA DO SITIO","PI","-6.51","-41.58"
"LAGOA DO TOCANTINS","TO","-10.37","-47.55"
"LAGOA DOS GATOS","PE","-8.65","-35.9"
"LAGOA DOS PATOS","MG","-16.98","-44.58"
"LAGOA DOS PATOS","RS","-31.2","-51.39"
"LAGOA DOS TRES CANTOS","RS","-28.57","-52.85"
"LAGOA DOURADA","MG","-20.91","-44.07"
"LAGOA FORMOSA","MG","-18.77","-46.4"
"LAGOA GRANDE","MG","-17.829999999999998","-46.51"
"LAGOA GRANDE","PE","-8.99","-40.270000000000003"
"LAGOA GRANDE DO MARANHAO","MA","-4.8099999999999996","-45.33"
"LAGOA MIRIM","RS","-31.2","-51.39"
"LAGOA NOVA","RN","-6.09","-36.46"
"LAGOA REAL","BA","-14.03","-42.14"
"LAGOA SALGADA","RN","-6.13","-35.49"
"LAGOA SANTA","MG","-19.62","-43.89"
"LAGOA SECA","PB","-7.17","-35.85"
"LAGOA VERMELHA","RS","-28.2","-51.52"
"LAGOAO","RS","-29.23","-52.79"
"LAGOINHA","SP","-23.09","-45.19"
"LAGOINHA DO PIAUI","PI","-5.83","-42.62"
"LAGUNA","SC","-28.48","-48.78"
"LAGUNA CARAPA","MS","-22.54","-55.15"
"LAJE","BA","-13.18","-39.42"
"LAJE DO MURIAE","RJ","-21.2","-42.12"
"LAJEADO","RS","-29.46","-51.96"
"LAJEADO","TO","-9.75","-48.35"
"LAJEADO DO BUGRE","RS","-27.68","-53.18"
"LAJEADO GRANDE","SC","-26.85","-52.56"
"LAJEADO NOVO","MA","-6.18","-47.03"
"LAJEDAO","BA","-17.61","-40.340000000000003"
"LAJEDINHO","BA","-12.35","-40.9"
"LAJEDO","PE","-8.66","-36.32"
"LAJEDO DO TABOCAL","BA","-13.47","-40.22"
"LAJES","RN","-5.7","-36.24"
"LAJES PINTADAS","RN","-6.15","-36.11"
"LAJINHA","MG","-20.149999999999999","-41.62"
"LAMARAO","BA","-11.78","-38.9"
"LAMBARI","MG","-21.97","-45.35"
"LAMBARI D'OESTE","MT","-15.32","-58"
"LAMIM","MG","-20.79","-43.47"
"LANDRI SALES","PI","-7.26","-43.93"
"LAPA","PR","-25.77","-49.71"
"LAPAO","BA","-11.38","-41.83"
"LARANJA DA TERRA","ES","-19.89","-41.05"
"LARANJAL","MG","-21.37","-42.47"
"LARANJAL","PR","-24.88","-52.46"
"LARANJAL DO JARI","AP","-1.1200000000000001","-52"
"LARANJAL PAULISTA","SP","-23.05","-47.83"
"LARANJEIRAS","SE","-10.8","-37.17"
"LARANJEIRAS DO SUL","PR","-25.4","-52.41"
"LASSANCE","MG","-17.88","-44.57"
"LASTRO","PB","-6.51","-38.18"
"LAURENTINO","SC","-27.21","-49.73"
"LAURO DE FREITAS","BA","-12.89","-38.32"
"LAURO MULLER","SC","-28.39","-49.39"
"LAVANDEIRA","TO","-12.78","-46.5"
"LAVINIA","SP","-21.16","-51.04"
"LAVRAS","MG","-21.24","-45"
"LAVRAS DA MANGABEIRA","CE","-6.75","-38.97"
"LAVRAS DO SUL","RS","-30.81","-53.89"
"LAVRINHAS","SP","-22.57","-44.9"
"LEANDRO FERREIRA","MG","-19.71","-45.02"
"LEBON REGIS","SC","-26.92","-50.69"
"LEME","SP","-22.18","-47.39"
"LEME DO PRADO","MG","-17.079999999999998","-42.69"
"LENCOIS","BA","-12.56","-41.39"
"LENCOIS PAULISTA","SP","-22.59","-48.8"
"LEOBERTO LEAL","SC","-27.5","-49.28"
"LEOPOLDINA","MG","-21.53","-42.64"
"LEOPOLDO DE BULHOES","GO","-16.61","-48.74"
"LEOPOLIS","PR","-23.08","-50.75"
"LIBERATO SALZANO","RS","-27.6","-53.07"
"LIBERDADE","MG","-22.02","-44.32"
"LICINIO DE ALMEIDA","BA","-14.68","-42.5"
"LIDIANOPOLIS","PR","-24.1","-51.65"
"LIMA CAMPOS","MA","-4.5199999999999996","-44.46"
"LIMA DUARTE","MG","-21.84","-43.79"
"LIMEIRA","SP","-22.56","-47.4"
"LIMEIRA DO OESTE","MG","-19.55","-50.58"
"LIMOEIRO","PE","-7.87","-35.450000000000003"
"LIMOEIRO DE ANADIA","AL","-9.74","-36.5"
"LIMOEIRO DO AJURU","PA","-1.89","-49.38"
"LIMOEIRO DO NORTE","CE","-5.14","-38.090000000000003"
"LINDOESTE","PR","-25.26","-53.57"
"LINDOIA","SP","-22.52","-46.65"
"LINDOIA DO SUL","SC","-27.05","-52.06"
"LINDOLFO COLLOR","RS","-29.59","-51.2"
"LINHA NOVA","RS","-29.46","-51.2"
"LINHARES","ES","-19.39","-40.07"
"LINS","SP","-21.67","-49.74"
"LIVRAMENTO","PB","-7.37","-36.94"
"LIVRAMENTO DO BRUMADO","BA","-13.64","-41.84"
"LIZARDA","TO","-9.59","-46.67"
"LOANDA","PR","-22.92","-53.13"
"LOBATO","PR","-23","-51.95"
"LOGRADOURO","PB","-6.61","-35.44"
"LONDRINA","PR","-23.31","-51.16"
"LONTRA","MG","-15.9","-44.3"
"LONTRAS","SC","-27.16","-49.54"
"LORENA","SP","-22.73","-45.12"
"LORETO","MA","-7.08","-45.14"
"LOURDES","SP","-20.96","-50.22"
"LOUVEIRA","SP","-23.08","-46.95"
"LUCAS DO RIO VERDE","MT","-13.05","-55.91"
"LUCELIA","SP","-21.72","-51.01"
"LUCENA","PB","-6.9","-34.86"
"LUCIANOPOLIS","SP","-22.43","-49.52"
"LUCIARA","MT","-11.22","-50.66"
"LUCRECIA","RN","-6.12","-37.81"
"LUIS ANTONIO","SP","-21.55","-47.7"
"LUIS CORREIA","PI","-2.87","-41.66"
"LUIS DOMINGUES","MA","-1.26","-45.87"
"LUIS GOMES","RN","-6.41","-38.380000000000003"
"LUISBURGO","MG","-20.440000000000001","-42.1"
"LUISLANDIA","MG","-16.11","-44.58"
"LUIZ ALVES","SC","-26.72","-48.93"
"LUIZIANA","PR","-24.28","-52.27"
"LUIZIANIA","SP","-21.67","-50.32"
"LUMINARIAS","MG","-21.51","-44.9"
"LUNARDELLI","PR","-24.07","-51.73"
"LUPERCIO","SP","-22.41","-49.81"
"LUPIONOPOLIS","PR","-22.75","-51.65"
"LUTECIA","SP","-22.34","-50.39"
"LUZ","MG","-19.8","-45.68"
"LUZERNA","SC","-27.13","-51.46"
"LUZIANIA","GO","-16.25","-47.95"
"LUZILANDIA","PI","-3.45","-42.37"
"LUZINOPOLIS","TO","-6.18","-47.85"
"MACAE","RJ","-22.37","-41.78"
"MACAIBA","RN","-5.85","-35.35"
"MACAJUBA","BA","-12.13","-40.36"
"MACAMBARA","RS","-29.14","-56.06"
"MACAMBIRA","SE","-10.66","-37.54"
"MACAPA","AP","0.03","-51.06"
"MACAPARANA","PE","-7.55","-35.450000000000003"
"MACARANI","BA","-15.56","-40.42"
"MACATUBA","SP","-22.5","-48.71"
"MACAU","RN","-5.1100000000000003","-36.630000000000003"
"MACAUBAL","SP","-20.8","-49.96"
"MACAUBAS","BA","-13.01","-42.69"
"MACEDONIA","SP","-20.14","-50.19"
"MACEIO","AL","-9.66","-35.729999999999997"
"MACHACALIS","MG","-17.07","-40.71"
"MACHADINHO","RS","-27.56","-51.66"
"MACHADINHO D'OESTE","RO","-9.44","-61.98"
"MACHADO","MG","-21.67","-45.92"
"MACHADOS","PE","-7.69","-35.520000000000003"
"MACIEIRA","SC","-26.85","-51.37"
"MACUCO","RJ","-21.98","-42.25"
"MACURURE","BA","-9.16","-39.049999999999997"
"MADALENA","CE","-4.8499999999999996","-39.57"
"MADEIRO","PI","-3.48","-42.5"
"MADRE DE DEUS","BA","-12.74","-38.619999999999997"
"MADRE DE DEUS DE MINAS","MG","-21.48","-44.33"
"MAE D'AGUA","PB","-7.25","-37.42"
"MAE DO RIO","PA","-2.06","-47.55"
"MAETINGA","BA","-14.66","-41.49"
"MAFRA","SC","-26.11","-49.8"
"MAGALHAES BARATA","PA","-0.79","-47.59"
"MAGALHAES DE ALMEIDA","MA","-3.39","-42.2"
"MAGDA","SP","-20.64","-50.22"
"MAGE","RJ","-22.65","-43.04"
"MAIQUINIQUE","BA","-15.62","-40.26"
"MAIRI","BA","-11.71","-40.14"
"MAIRINQUE","SP","-23.54","-47.18"
"MAIRIPORA","SP","-23.31","-46.58"
"MAIRIPOTABA","GO","-17.29","-49.49"
"MAJOR GERCINO","SC","-27.41","-48.95"
"MAJOR ISIDORO","AL","-9.5299999999999994","-36.979999999999997"
"MAJOR SALES","RN","-6.4","-38.32"
"MAJOR VIEIRA","SC","-26.36","-50.32"
"MALACACHETA","MG","-17.84","-42.07"
"MALHADA","BA","-14.33","-43.77"
"MALHADA DE PEDRAS","BA","-14.38","-41.87"
"MALHADA DOS BOIS","SE","-10.34","-36.92"
"MALHADOR","SE","-10.65","-37.299999999999997"
"MALLET","PR","-25.87","-50.82"
"MALTA","PB","-6.9","-37.520000000000003"
"MAMANGUAPE","PB","-6.83","-35.119999999999997"
"MAMBAI","GO","-14.48","-46.11"
"MAMBORE","PR","-24.31","-52.53"
"MAMONAS","MG","-15.05","-42.94"
"MAMPITUBA","RS","-29.21","-49.93"
"MANACAPURU","AM","-3.3","-60.62"
"MANAIRA","PB","-7.7","-38.15"
"MANAQUIRI","AM","-3.42","-60.45"
"MANARI","PE","-8.9600000000000009","-37.619999999999997"
"MANAUS","AM","-3.1","-60.02"
"MANCIO LIMA","AC","-7.61","-72.89"
"MANDAGUACU","PR","-23.34","-52.09"
"MANDAGUARI","PR","-23.54","-51.67"
"MANDIRITUBA","PR","-25.77","-49.32"
"MANDURI","SP","-23","-49.32"
"MANFRINOPOLIS","PR","-26.14","-53.31"
"MANGA","MG","-14.75","-43.93"
"MANGARATIBA","RJ","-22.96","-44.04"
"MANGUEIRINHA","PR","-25.94","-52.17"
"MANHUACU","MG","-20.25","-42.03"
"MANHUMIRIM","MG","-20.350000000000001","-41.95"
"MANICORE","AM","-5.8","-61.3"
"MANOEL EMIDIO","PI","-8.01","-43.87"
"MANOEL RIBAS","PR","-24.51","-51.66"
"MANOEL URBANO","AC","-8.83","-69.260000000000005"
"MANOEL VIANA","RS","-29.58","-55.48"
"MANOEL VITORINO","BA","-14.14","-40.24"
"MANSIDAO","BA","-10.71","-44.03"
"MANTENA","MG","-18.78","-40.98"
"MANTENOPOLIS","ES","-18.86","-41.12"
"MAQUINE","RS","-29.67","-50.2"
"MAR DE ESPANHA","MG","-21.86","-43.01"
"MAR VERMELHO","AL","-9.44","-36.380000000000003"
"MARA ROSA","GO","-14.01","-49.17"
"MARAA","AM","-1.85","-65.58"
"MARABA","PA","-5.36","-49.11"
"MARABA PAULISTA","SP","-22.1","-51.96"
"MARACACUME","MA","-2.04","-45.95"
"MARACAI","SP","-22.61","-50.66"
"MARACAJA","SC","-28.84","-49.45"
"MARACAJU","MS","-21.61","-55.16"
"MARACANA","PA","-0.76","-47.45"
"MARACANAU","CE","-3.87","-38.619999999999997"
"MARACAS","BA","-13.44","-40.43"
"MARAGOGI","AL","-9.01","-35.22"
"MARAGOGIPE","BA","-12.77","-38.909999999999997"
"MARAIAL","PE","-8.8000000000000007","-35.82"
"MARAJA DO SENA","MA","-4.59","-45.57"
"MARANGUAPE","CE","-3.89","-38.68"
"MARANHAOZINHO","MA","-2.31","-45.84"
"MARAPANIM","PA","-0.71","-47.69"
"MARAPOAMA","SP","-21.25","-49.12"
"MARATA","RS","-29.54","-51.55"
"MARATAIZES","ES","-21.04","-40.82"
"MARAU","BA","-14.1","-39.01"
"MARAU","RS","-28.44","-52.2"
"MARAVILHA","AL","-9.23","-37.35"
"MARAVILHA","SC","-26.76","-53.17"
"MARAVILHAS","MG","-19.510000000000002","-44.67"
"MARCACAO","PB","-6.77","-35.01"
"MARCELANDIA","MT","-11.13","-54.59"
"MARCELINO RAMOS","RS","-27.46","-51.9"
"MARCELINO VIEIRA","RN","-6.29","-38.159999999999997"
"MARCIONILIO SOUZA","BA","-13","-40.53"
"MARCO","CE","-3.12","-40.14"
"MARCOLANDIA","PI","-7.44","-40.659999999999997"
"MARCOS PARENTE","PI","-7.12","-43.89"
"MARECHAL CANDIDO RONDON","PR","-24.55","-54.05"
"MARECHAL DEODORO","AL","-9.7100000000000009","-35.89"
"MARECHAL FLORIANO","ES","-20.41","-40.68"
"MARECHAL THAUMATURGO","AC","-8.94","-72.790000000000006"
"MAREMA","SC","-26.8","-52.62"
"MARI","PB","-7.06","-35.31"
"MARIA DA FE","MG","-22.3","-45.37"
"MARIA HELENA","PR","-23.61","-53.2"
"MARIALVA","PR","-23.48","-51.79"
"MARIANA","MG","-20.37","-43.41"
"MARIANA PIMENTEL","RS","-30.35","-51.58"
"MARIANO MORO","RS","-27.35","-52.14"
"MARIANOPOLIS DO TOCANTINS","TO","-9.7899999999999991","-49.65"
"MARIAPOLIS","SP","-21.79","-51.18"
"MARIBONDO","AL","-9.57","-36.299999999999997"
"MARICA","RJ","-22.91","-42.81"
"MARILAC","MG","-18.5","-42.08"
"MARILANDIA","ES","-19.41","-40.54"
"MARILANDIA DO SUL","PR","-23.74","-51.3"
"MARILENA","PR","-22.73","-53.04"
"MARILIA","SP","-22.21","-49.94"
"MARILUZ","PR","-24","-53.14"
"MARINGA","PR","-23.42","-51.93"
"MARINOPOLIS","SP","-20.440000000000001","-50.82"
"MARIO CAMPOS","MG","-20.05","-44.18"
"MARIOPOLIS","PR","-26.35","-52.55"
"MARIPA","PR","-24.41","-53.83"
"MARIPA DE MINAS","MG","-21.69","-42.95"
"MARITUBA","PA","-1.35","-48.34"
"MARIZOPOLIS","PB","-6.84","-38.340000000000003"
"MARLIERIA","MG","-19.71","-42.73"
"MARMELEIRO","PR","-26.14","-53.02"
"MARMELOPOLIS","MG","-22.44","-45.16"
"MARQUES DE SOUZA","RS","-29.32","-52.09"
"MARQUINHO","PR","-25.11","-52.25"
"MARTINHO CAMPOS","MG","-19.329999999999998","-45.23"
"MARTINOPOLE","CE","-3.22","-40.69"
"MARTINOPOLIS","SP","-22.14","-51.17"
"MARTINS","RN","-6.08","-37.909999999999997"
"MARTINS SOARES","MG","-20.25","-41.87"
"MARUIM","SE","-10.73","-37.08"
"MARUMBI","PR","-23.7","-51.63"
"MARZAGAO","GO","-17.98","-48.64"
"MASCOTE","BA","-15.56","-39.299999999999997"
"MASSAPE","CE","-3.52","-40.340000000000003"
"MASSAPE DO PIAUI","PI","-7.46","-41.12"
"MASSARANDUBA","PB","-7.2","-35.78"
"MASSARANDUBA","SC","-26.61","-49"
"MATA","RS","-29.56","-54.46"
"MATA DE SAO JOAO","BA","-12.53","-38.29"
"MATA GRANDE","AL","-9.11","-37.729999999999997"
"MATA ROMA","MA","-3.62","-43.11"
"MATA VERDE","MG","-15.68","-40.74"
"MATAO","SP","-21.6","-48.36"
"MATARACA","PB","-6.6","-35.049999999999997"
"MATEIROS","TO","-10.54","-46.42"
"MATELANDIA","PR","-25.24","-53.99"
"MATERLANDIA","MG","-18.47","-43.06"
"MATEUS LEME","MG","-19.98","-44.42"
"MATHIAS LOBATO","MG","-18.59","-41.9"
"MATIAS BARBOSA","MG","-21.86","-43.31"
"MATIAS CARDOSO","MG","-14.85","-43.92"
"MATIAS OLIMPIO","PI","-3.71","-42.55"
"MATINA","BA","-13.9","-42.84"
"MATINHA","MA","-3.1","-45.03"
"MATINHAS","PB","-7.12","-35.76"
"MATINHOS","PR","-25.81","-48.54"
"MATIPO","MG","-20.28","-42.34"
"MATO CASTELHANO","RS","-28.27","-52.19"
"MATO GROSSO","PB","-6.53","-37.72"
"MATO LEITAO","RS","-29.52","-52.12"
"MATO RICO","PR","-24.7","-52.14"
"MATO VERDE","MG","-15.39","-42.86"
"MATOES","MA","-5.51","-43.19"
"MATOES DO NORTE","MA","-3.63","-44.55"
"MATOS COSTA","SC","-26.47","-51.14"
"MATOZINHOS","MG","-19.55","-44.08"
"MATRINCHA","GO","-15.44","-50.74"
"MATRIZ DE CAMARAGIBE","AL","-9.15","-35.53"
"MATUPA","MT","-10.050000000000001","-54.93"
"MATUREIA","PB","-7.26","-37.35"
"MATUTINA","MG","-19.22","-45.96"
"MAUA","SP","-23.66","-46.46"
"MAUA DA SERRA","PR","-23.9","-51.22"
"MAUES","AM","-3.38","-57.71"
"MAURILANDIA","GO","-17.97","-50.33"
"MAURILANDIA DO TOCANTINS","TO","-5.95","-47.5"
"MAURITI","CE","-7.38","-38.770000000000003"
"MAXARANGUAPE","RN","-5.51","-35.26"
"MAXIMILIANO DE ALMEIDA","RS","-27.63","-51.8"
"MAZAGAO","AP","-0.11","-51.28"
"MEDEIROS","MG","-19.989999999999998","-46.22"
"MEDEIROS NETO","BA","-17.37","-40.22"
"MEDIANEIRA","PR","-25.29","-54.09"
"MEDICILANDIA","PA","-3.44","-52.88"
"MEDINA","MG","-16.22","-41.47"
"MELEIRO","SC","-28.82","-49.63"
"MELGACO","PA","-1.8","-50.71"
"MENDES","RJ","-22.52","-43.73"
"MENDES PIMENTEL","MG","-18.66","-41.4"
"MENDONCA","SP","-21.16","-49.58"
"MERCEDES","PR","-24.45","-54.16"
"MERCES","MG","-21.19","-43.34"
"MERIDIANO","SP","-20.350000000000001","-50.17"
"MERUOCA","CE","-3.54","-40.450000000000003"
"MESOPOLIS","SP","-19.96","-50.63"
"MESQUITA","MG","-19.22","-42.6"
"MESSIAS","AL","-9.3800000000000008","-35.840000000000003"
"MESSIAS TARGINO","RN","-6.07","-37.51"
"MIGUEL ALVES","PI","-4.16","-42.89"
"MIGUEL CALMON","BA","-11.42","-40.590000000000003"
"MIGUEL LEAO","PI","-5.68","-42.73"
"MIGUEL PEREIRA","RJ","-22.45","-43.46"
"MIGUELOPOLIS","SP","-20.170000000000002","-48.03"
"MILAGRES","BA","-12.87","-39.85"
"MILAGRES","CE","-7.31","-38.94"
"MILAGRES DO MARANHAO","MA","-3.58","-42.6"
"MILHA","CE","-5.67","-39.19"
"MILTON BRANDAO","PI","-4.68","-41.42"
"MIMOSO DE GOIAS","GO","-15.05","-48.16"
"MIMOSO DO SUL","ES","-21.06","-41.36"
"MINACU","GO","-13.53","-48.22"
"MINADOR DO NEGRAO","AL","-9.3000000000000007","-36.86"
"MINAS DO LEAO","RS","-30.12","-52.04"
"MINAS NOVAS","MG","-17.21","-42.59"
"MINDURI","MG","-21.68","-44.6"
"MINEIROS","GO","-17.559999999999999","-52.55"
"MINEIROS DO TIETE","SP","-22.4","-48.45"
"MINISTRO ANDREAZZA","RO","-11.07","-61.51"
"MIRA ESTRELA","SP","-19.97","-50.13"
"MIRABELA","MG","-16.260000000000002","-44.16"
"MIRACATU","SP","-24.28","-47.46"
"MIRACEMA","RJ","-21.41","-42.19"
"MIRACEMA DO TOCANTINS","TO","-9.56","-48.39"
"MIRADOR","MA","-6.37","-44.36"
"MIRADOR","PR","-23.25","-52.77"
"MIRADOURO","MG","-20.89","-42.34"
"MIRAGUAI","RS","-27.49","-53.68"
"MIRAI","MG","-21.19","-42.61"
"MIRAIMA","CE","-3.56","-39.97"
"MIRANDA","MS","-20.239999999999998","-56.37"
"MIRANDA DO NORTE","MA","-3.56","-44.58"
"MIRANDIBA","PE","-8.11","-38.72"
"MIRANDOPOLIS","SP","-21.13","-51.1"
"MIRANGABA","BA","-10.95","-40.57"
"MIRANORTE","TO","-9.52","-48.59"
"MIRANTE","BA","-14.24","-40.770000000000003"
"MIRANTE DA SERRA","RO","-11.03","-62.67"
"MIRANTE DO PARANAPANEMA","SP","-22.29","-51.9"
"MIRASELVA","PR","-22.96","-51.45"
"MIRASSOL","SP","-20.81","-49.52"
"MIRASSOL D'OESTE","MT","-15.67","-58.09"
"MIRASSOLANDIA","SP","-20.61","-49.46"
"MIRAVANIA","MG","-14.74","-44.4"
"MIRIM DOCE","SC","-27.19","-50.07"
"MIRINZAL","MA","-2.06","-44.78"
"MISSAL","PR","-25.09","-54.24"
"MISSAO VELHA","CE","-7.25","-39.14"
"MOCAJUBA","PA","-2.58","-49.5"
"MOCOCA","SP","-21.46","-47"
"MODELO","SC","-26.77","-53.05"
"MOEDA","MG","-20.329999999999998","-44.05"
"MOEMA","MG","-19.84","-45.41"
"MOGEIRO","PB","-7.29","-35.47"
"MOGII-GUACU","SP","-22.37","-46.94"
"MOIPORA","GO","-16.54","-50.73"
"MOITA BONITA","SE","-10.57","-37.340000000000003"
"MOJI DAS CRUZES","SP","-23.52","-46.18"
"MOJI-MIRIM","SP","-22.43","-46.95"
"MOJU","PA","-1.88","-48.76"
"MOMBACA","CE","-5.74","-39.619999999999997"
"MOMBUCA","SP","-22.92","-47.56"
"MONCAO","MA","-3.49","-45.25"
"MONCOES","SP","-20.85","-50.09"
"MONDAI","SC","-27.1","-53.4"
"MONGAGUA","SP","-24.08","-46.62"
"MONJOLOS","MG","-18.32","-44.11"
"MONSENHOR GIL","PI","-5.56","-42.6"
"MONSENHOR HIPOLITO","PI","-6.99","-41.03"
"MONSENHOR PAULO","MG","-21.75","-45.54"
"MONSENHOR TABOSA","CE","-4.78","-40.06"
"MONTADAS","PB","-7.11","-35.909999999999997"
"MONTALVANIA","MG","-14.42","-44.36"
"MONTANHA","ES","-18.12","-40.36"
"MONTANHAS","RN","-6.48","-35.28"
"MONTAURI","RS","-28.65","-52.07"
"MONTE ALEGRE","PA","-2","-54.06"
"MONTE ALEGRE","RN","-6.06","-35.33"
"MONTE ALEGRE DE GOIAS","GO","-13.25","-46.9"
"MONTE ALEGRE DE MINAS","MG","-18.87","-48.88"
"MONTE ALEGRE DE SERGIPE","SE","-10.02","-37.56"
"MONTE ALEGRE DO PIAUI","PI","-9.75","-45.3"
"MONTE ALEGRE DO SUL","SP","-22.68","-46.68"
"MONTE ALEGRE DOS CAMPOS","RS","-28.68","-50.78"
"MONTE ALTO","SP","-21.26","-48.49"
"MONTE APRAZIVEL","SP","-20.77","-49.71"
"MONTE AZUL","MG","-15.15","-42.87"
"MONTE AZUL PAULISTA","SP","-20.9","-48.64"
"MONTE BELO","MG","-21.32","-46.36"
"MONTE BELO DO SUL","RS","-29.16","-51.63"
"MONTE CARLO","SC","-27.22","-50.98"
"MONTE CARMELO","MG","-18.72","-47.49"
"MONTE CASTELO","SC","-26.46","-50.23"
"MONTE CASTELO","SP","-21.29","-51.56"
"MONTE DAS GAMELEIRAS","RN","-6.44","-35.78"
"MONTE DO CARMO","TO","-10.76","-48.1"
"MONTE FORMOSO","MG","-16.86","-41.25"
"MONTE HOREBE","PB","-7.21","-38.58"
"MONTE MOR","SP","-22.94","-47.31"
"MONTE NEGRO","RO","-10.29","-63.32"
"MONTE SANTO","BA","-10.43","-39.33"
"MONTE SANTO DE MINAS","MG","-21.19","-46.98"
"MONTE SANTO DO TOCANTINS","TO","-10","-48.99"
"MONTE SIAO","MG","-22.43","-46.57"
"MONTEIRO","PB","-7.88","-37.119999999999997"
"MONTEIRO LOBATO","SP","-22.95","-45.84"
"MONTEIROPOLIS","AL","-9.6","-37.24"
"MONTENEGRO","RS","-29.68","-51.46"
"MONTES ALTOS","MA","-5.83","-47.06"
"MONTES CLAROS","MG","-16.73","-43.86"
"MONTES CLAROS DE GOIAS","GO","-16","-51.39"
"MONTEZUMA","MG","-15.17","-42.49"
"MONTIVIDIU","GO","-17.440000000000001","-51.17"
"MONTIVIDIU DO NORTE","GO","-13.11","-48.6"
"MORADA NOVA","CE","-5.0999999999999996","-38.369999999999997"
"MORADA NOVA DE MINAS","MG","-18.600000000000001","-45.35"
"MORAUJO","CE","-3.46","-40.68"
"MOREILANDIA","PE","-7.63","-39.549999999999997"
"MOREIRA SALES","PR","-24.06","-53"
"MORENO","PE","-8.11","-35.090000000000003"
"MORMACO","RS","-28.69","-52.69"
"MORPARA","BA","-11.55","-43.28"
"MORRETES","PR","-25.47","-48.83"
"MORRINHOS","CE","-3.22","-40.119999999999997"
"MORRINHOS","GO","-17.73","-49.1"
"MORRINHOS DO SUL","RS","-29.36","-49.93"
"MORRO AGUDO","SP","-20.73","-48.05"
"MORRO AGUDO DE GOIAS","GO","-15.32","-50.05"
"MORRO CABECA NO TEMPO","PI","-9.7200000000000006","-43.9"
"MORRO DA FUMACA","SC","-28.65","-49.21"
"MORRO DA GARCA","MG","-18.54","-44.6"
"MORRO DO CHAPEU","BA","-11.55","-41.15"
"MORRO DO CHAPEU DO PIAUI","PI","-3.74","-42.31"
"MORRO DO PILAR","MG","-19.21","-43.37"
"MORRO GRANDE","SC","-28.8","-49.72"
"MORRO REDONDO","RS","-31.58","-52.63"
"MORRO REUTER","RS","-29.53","-51.08"
"MORROS","MA","-2.86","-44.03"
"MORTUGABA","BA","-15.02","-42.36"
"MORUNGABA","SP","-22.88","-46.79"
"MOSQUITO","TO","-6.61","-47.54"
"MOSSAMEDES","GO","-16.12","-50.21"
"MOSSORO","RN","-5.18","-37.340000000000003"
"MOSTARDAS","RS","-31.1","-50.92"
"MOTUCA","SP","-21.5","-48.15"
"MOZARLANDIA","GO","-14.74","-50.57"
"MUANA","PA","-1.52","-49.21"
"MUCAJAI","RR","2.4300000000000002","-60.9"
"MUCAMBO","CE","-3.9","-40.74"
"MUCUGE","BA","-13","-41.37"
"MUCUM","RS","-29.16","-51.86"
"MUCURI","BA","-18.079999999999998","-39.549999999999997"
"MUCURICI","ES","-18.09","-40.51"
"MUITOS CAPOES","RS","-28.31","-51.18"
"MULITERNO","RS","-28.32","-51.76"
"MULUNGU","CE","-4.3","-38.99"
"MULUNGU","PB","-7.02","-35.46"
"MULUNGU DO MORRO","BA","-11.96","-41.63"
"MUNDO NOVO","BA","-11.85","-40.47"
"MUNDO NOVO","GO","-13.77","-50.28"
"MUNDO NOVO","MS","-23.93","-54.27"
"MUNHOZ","MG","-22.61","-46.36"
"MUNHOZ DE MELO","PR","-23.14","-51.77"
"MUNIZ FERREIRA","BA","-13","-39.11"
"MUNIZ FREIRE","ES","-20.46","-41.41"
"MUQUEM DE SAO FRANCISCO","BA","-12.06","-43.54"
"MUQUI","ES","-20.95","-41.34"
"MURIAE","MG","-21.13","-42.36"
"MURIBECA","SE","-10.42","-36.950000000000003"
"MURICI","AL","-9.3000000000000007","-35.94"
"MURICI DOS PORTELAS","PI","-3.31","-42.09"
"MURICILANDIA","TO","-7.14","-48.61"
"MURITIBA","BA","-12.62","-38.99"
"MURUTINGA DO SUL","SP","-20.99","-51.27"
"MUTUIPE","BA","-13.22","-39.5"
"MUTUM","MG","-19.8","-41.43"
"MUTUNOPOLIS","GO","-13.73","-49.27"
"MUZAMBINHO","MG","-21.37","-46.52"
"NACIP RAYDAN","MG","-18.45","-42.24"
"NANTES","SP","-22.62","-51.23"
"NANUQUE","MG","-17.829999999999998","-40.35"
"NAO-ME-TOQUE","RS","-28.45","-52.82"
"NAQUE","MG","-19.23","-42.32"
"NARANDIBA","SP","-22.4","-51.52"
"NATAL","RN","-5.79","-35.200000000000003"
"NATALANDIA","MG","-16.5","-46.49"
"NATERCIA","MG","-22.12","-45.51"
"NATIVIDADE","RJ","-21.04","-41.97"
"NATIVIDADE","TO","-11.71","-47.72"
"NATIVIDADE DA SERRA","SP","-23.37","-45.44"
"NATUBA","PB","-7.64","-35.549999999999997"
"NAVEGANTES","SC","-26.89","-48.65"
"NAVIRAI","MS","-23.06","-54.19"
"NAZARE","BA","-13.03","-39.01"
"NAZARE","TO","-6.37","-47.66"
"NAZARE DA MATA","PE","-7.74","-35.22"
"NAZARE DO PIAUI","PI","-6.97","-42.67"
"NAZARE PAULISTA","SP","-23.18","-46.39"
"NAZARENO","MG","-21.21","-44.61"
"NAZAREZINHO","PB","-6.91","-38.32"
"NAZARIO","GO","-16.579999999999998","-49.88"
"NEOPOLIS","SE","-10.32","-36.57"
"NEPOMUCENO","MG","-21.23","-45.23"
"NEROPOLIS","GO","-16.399999999999999","-49.21"
"NEVES PAULISTA","SP","-20.84","-49.63"
"NHAMUNDA","AM","-2.1800000000000002","-56.71"
"NHANDEARA","SP","-20.69","-50.03"
"NICOLAU VERGUEIRO","RS","-28.53","-52.46"
"NILO PECANHA","BA","-13.59","-39.1"
"NILOPOLIS","RJ","-22.8","-43.41"
"NINA RODRIGUES","MA","-3.46","-43.9"
"NINHEIRA","MG","-15.32","-41.75"
"NIOAQUE","MS","-21.13","-55.83"
"NIPOA","SP","-20.91","-49.77"
"NIQUELANDIA","GO","-14.47","-48.46"
"NISIA FLORESTA","RN","-6.09","-35.200000000000003"
"NITEROI","RJ","-22.88","-43.1"
"NOBRES","MT","-14.72","-56.32"
"NONOAI","RS","-27.36","-52.77"
"NORDESTINA","BA","-10.82","-39.42"
"NORMANDIA","RR","3.88","-59.62"
"NORTELANDIA","MT","-14.45","-56.8"
"NOSSA SENHORA APARECIDA","SE","-10.44","-37.479999999999997"
"NOSSA SENHORA DA GLORIA","SE","-10.210000000000001","-37.42"
"NOSSA SENHORA DAS DORES","SE","-10.49","-37.19"
"NOSSA SENHORA DAS GRACAS","PR","-22.91","-51.79"
"NOSSA SENHORA DE LOURDES","SE","-10.07","-37.049999999999997"
"NOSSA SENHORA DE NAZARE","PI","-4.63","-42.17"
"NOSSA SENHORA DO LIVRAMENTO","MT","-15.77","-56.34"
"NOSSA SENHORA DO SOCORRO","SE","-10.85","-37.119999999999997"
"NOSSA SENHORA DOS REMEDIOS","PI","-3.97","-42.62"
"NOVA ALIANCA","SP","-21.01","-49.49"
"NOVA ALIANCA DO IVAI","PR","-23.17","-52.6"
"NOVA ALVORADA","RS","-28.67","-52.16"
"NOVA ALVORADA DO SUL","MS","-21.46","-54.38"
"NOVA AMERICA","GO","-15.02","-49.89"
"NOVA AMERICA DA COLINA","PR","-23.33","-50.71"
"NOVA ANDRADINA","MS","-22.23","-53.34"
"NOVA ARACA","RS","-28.65","-51.74"
"NOVA AURORA","GO","-18.05","-48.25"
"NOVA AURORA","PR","-24.52","-53.25"
"NOVA BANDEIRANTES","MT","-9.81","-57.86"
"NOVA BASSANO","RS","-28.72","-51.7"
"NOVA BELEM","MG","-18.47","-41.01"
"NOVA BOA VISTA","RS","-27.99","-52.97"
"NOVA BRASILANDIA","MT","-14.95","-54.96"
"NOVA BRASILANDIA D'OESTE","RO","-11.71","-62.26"
"NOVA BRESCIA","RS","-29.21","-52.02"
"NOVA CAMPINA","SP","-24.12","-48.9"
"NOVA CANAA","BA","-14.79","-40.14"
"NOVA CANAA DO NORTE","MT","-10.55","-55.95"
"NOVA CANAA PAULISTA","SP","-20.38","-50.94"
"NOVA CANDELARIA","RS","-27.6","-54.1"
"NOVA CANTU","PR","-24.67","-52.56"
"NOVA CASTILHO","SP","-20.76","-50.34"
"NOVA COLINAS","MA","-7.11","-46.25"
"NOVA CRIXAS","GO","-14.09","-50.32"
"NOVA CRUZ","RN","-6.47","-35.43"
"NOVA ERA","MG","-19.75","-43.03"
"NOVA ERECHIM","SC","-26.9","-52.9"
"NOVA ESPERANCA","PR","-23.18","-52.2"
"NOVA ESPERANCA DO PIRIA","PA","-2.2599999999999998","-46.96"
"NOVA ESPERANCA DO SUDOESTE","PR","-25.9","-53.26"
"NOVA ESPERANCA DO SUL","RS","-29.41","-54.82"
"NOVA EUROPA","SP","-21.77","-48.56"
"NOVA FATIMA","BA","-11.6","-39.630000000000003"
"NOVA FATIMA","PR","-23.43","-50.56"
"NOVA FLORESTA","PB","-6.45","-36.200000000000003"
"NOVA FRIBURGO","RJ","-22.28","-42.53"
"NOVA GLORIA","GO","-15.14","-49.57"
"NOVA GRANADA","SP","-20.53","-49.31"
"NOVA GUARITA","MT","-10.31","-55.41"
"NOVA GUATAPORANGA","SP","-21.33","-51.64"
"NOVA HARTZ","RS","-29.58","-50.9"
"NOVA IBIA","BA","-13.81","-39.619999999999997"
"NOVA IGUACU","RJ","-22.75","-43.45"
"NOVA IGUACU DE GOIAS","GO","-14.28","-49.38"
"NOVA INDEPENDENCIA","SP","-21.1","-51.49"
"NOVA IORQUE","MA","-6.73","-44.04"
"NOVA IPIXUNA","PA","-4.92","-49.07"
"NOVA ITABERABA","SC","-26.94","-52.81"
"NOVA ITARANA","BA","-13.02","-40.06"
"NOVA LACERDA","MT","-14.47","-59.6"
"NOVA LARANJEIRAS","PR","-25.3","-52.54"
"NOVA LIMA","MG","-19.98","-43.84"
"NOVA LONDRINA","PR","-22.76","-52.98"
"NOVA LUZITANIA","SP","-20.85","-50.26"
"NOVA MAMORE","RO","-10.41","-65.33"
"NOVA MARILANDIA","MT","-14.36","-56.96"
"NOVA MARINGA","MT","-13.02","-57.07"
"NOVA MODICA","MG","-18.43","-41.5"
"NOVA MONTE VERDE","MT","-9.98","-57.53"
"NOVA MUTUM","MT","-13.83","-56.08"
"NOVA ODESSA","SP","-22.77","-47.29"
"NOVA OLIMPIA","MT","-14.79","-57.28"
"NOVA OLIMPIA","PR","-23.47","-53.08"
"NOVA OLINDA","CE","-7.09","-39.68"
"NOVA OLINDA","PB","-7.48","-38.04"
"NOVA OLINDA","TO","-7.63","-48.42"
"NOVA OLINDA DO MARANHAO","MA","-2.84","-45.69"
"NOVA OLINDA DO NORTE","AM","-3.88","-59.09"
"NOVA PADUA","RS","-29.02","-51.3"
"NOVA PALMA","RS","-29.47","-53.46"
"NOVA PALMEIRA","PB","-6.67","-36.42"
"NOVA PETROPOLIS","RS","-29.37","-51.11"
"NOVA PONTE","MG","-19.13","-47.68"
"NOVA PORTEIRINHA","MG","-15.8","-43.3"
"NOVA PRATA","RS","-28.78","-51.61"
"NOVA PRATA DO IGUACU","PR","-25.63","-53.34"
"NOVA RAMADA","RS","-28.06","-53.69"
"NOVA REDENCAO","BA","-12.81","-41.07"
"NOVA RESENDE","MG","-21.12","-46.42"
"NOVA ROMA","GO","-13.74","-46.88"
"NOVA ROMA DO SUL","RS","-28.99","-51.4"
"NOVA ROSALANDIA","TO","-10.56","-48.91"
"NOVA RUSSAS","CE","-4.7","-40.56"
"NOVA SANTA BARBARA","PR","-23.59","-50.72"
"NOVA SANTA RITA","RS","-29.85","-51.27"
"NOVA SANTA ROSA","PR","-24.46","-53.95"
"NOVA SERRANA","MG","-19.87","-44.98"
"NOVA SOURE","BA","-11.23","-38.479999999999997"
"NOVA TEBAS","PR","-24.43","-51.94"
"NOVA TIMBOTEUA","PA","-1.2","-47.38"
"NOVA TRENTO","SC","-27.28","-48.93"
"NOVA UBIRATA","MT","-12.99","-55.25"
"NOVA UNIAO","MG","-19.690000000000001","-43.58"
"NOVA UNIAO","RO","-10.9","-62.56"
"NOVA VENECIA","ES","-18.71","-40.4"
"NOVA VENEZA","GO","-16.37","-49.32"
"NOVA VENEZA","SC","-28.63","-49.49"
"NOVA VICOSA","BA","-17.89","-39.369999999999997"
"NOVA XAVANTINA","MT","-14.67","-52.35"
"NOVAIS","SP","-20.99","-48.91"
"NOVO ACORDO","TO","-9.9600000000000009","-47.67"
"NOVO AIRAO","AM","-2.62","-60.94"
"NOVO ALEGRE","TO","-12.93","-46.57"
"NOVO ARIPUANA","AM","-5.12","-60.38"
"NOVO BARREIRO","RS","-27.9","-53.1"
"NOVO BRASIL","GO","-16.03","-50.71"
"NOVO CABRAIS","RS","-29.73","-52.94"
"NOVO CRUZEIRO","MG","-17.46","-41.87"
"NOVO GAMA","GO","-16.05","-48.03"
"NOVO HAMBURGO","RS","-29.67","-51.13"
"NOVO HORIZONTE","BA","-12.8","-42.16"
"NOVO HORIZONTE","SC","-26.44","-52.83"
"NOVO HORIZONTE","SP","-21.46","-49.22"
"NOVO HORIZONTE DO NORTE","MT","-11.41","-57.35"
"NOVO HORIZONTE DO OESTE","RO","-11.69","-61.99"
"NOVO HORIZONTE DO SUL","MS","-22.66","-53.86"
"NOVO ITACOLOMI","PR","-23.76","-51.5"
"NOVO JARDIM","TO","-11.82","-46.62"
"NOVO LINO","AL","-8.91","-35.64"
"NOVO MACHADO","RS","-27.57","-54.5"
"NOVO MUNDO","MT","-9.9499999999999993","-55.19"
"NOVO ORIENTE","CE","-5.53","-40.770000000000003"
"NOVO ORIENTE DE MINAS","MG","-17.41","-41.21"
"NOVO ORIENTE DO PIAUI","PI","-6.44","-41.93"
"NOVO PLANALTO","GO","-13.24","-49.5"
"NOVO PROGRESSO","PA","-7.14","-55.38"
"NOVO REPARTIMENTO","PA","-4.33","-49.79"
"NOVO SANTO ANTONIO","PI","-5.28","-41.93"
"NOVO SAO JOAQUIM","MT","-14.9","-53.01"
"NOVO TIRADENTES","RS","-27.56","-53.18"
"NOVO TRIUNFO","BA","-10.31","-38.4"
"NOVORIZONTE","MG","-16.010000000000002","-42.4"
"NUPORANGA","SP","-20.73","-47.73"
"OBIDOS","PA","-1.91","-55.51"
"OCARA","CE","-4.49","-38.590000000000003"
"OCAUCU","SP","-22.43","-49.92"
"OEIRAS","PI","-7.02","-42.13"
"OEIRAS DO PARA","PA","-2","-49.85"
"OIAPOQUE","AP","3.84","-51.83"
"OLARIA","MG","-21.86","-43.93"
"OLEO","SP","-22.94","-49.34"
"OLHO D'AGUA","PB","-7.22","-37.75"
"OLHO D'AGUA DAS CUNHAS","MA","-3.94","-45.11"
"OLHO D'AGUA DAS FLORES","AL","-9.5299999999999994","-37.29"
"OLHO D'AGUA DO CASADO","AL","-9.5","-37.83"
"OLHO D'AGUA DO PIAUI","PI","-5.84","-42.57"
"OLHO D'AGUA GRANDE","AL","-10.050000000000001","-36.81"
"OLHO-D'AGUA DO BORGES","RN","-5.95","-37.700000000000003"
"OLHOS-D'AGUA","MG","-17.39","-43.57"
"OLIMPIA","SP","-20.73","-48.91"
"OLIMPIO NORONHA","MG","-22.06","-45.26"
"OLINDA","PE","-8","-34.85"
"OLINDA NOVA DO MARANHAO","MA","-2.99","-44.99"
"OLINDINA","BA","-11.36","-38.33"
"OLIVEDOS","PB","-6.99","-36.24"
"OLIVEIRA","MG","-20.69","-44.82"
"OLIVEIRA DE FATIMA","TO","-10.7","-48.9"
"OLIVEIRA DOS BREJINHOS","BA","-12.31","-42.89"
"OLIVEIRA FORTES","MG","-21.33","-43.45"
"OLIVENCA","AL","-9.51","-37.19"
"ONCA DE PITANGUI","MG","-19.73","-44.8"
"ONDA VERDE","SP","-20.6","-49.29"
"ORATORIOS","MG","-20.43","-42.8"
"ORIENTE","SP","-22.15","-50.09"
"ORINDIUVA","SP","-20.18","-49.35"
"ORIXIMINA","PA","-1.76","-55.86"
"ORIZANIA","MG","-20.5","-42.21"
"ORIZONA","GO","-17.03","-48.29"
"ORLANDIA","SP","-20.72","-47.88"
"ORLEANS","SC","-28.35","-49.29"
"OROBO","PE","-7.74","-35.6"
"OROCO","PE","-8.6199999999999992","-39.6"
"OROS","CE","-6.24","-38.909999999999997"
"ORTIGUEIRA","PR","-24.2","-50.94"
"OSASCO","SP","-23.53","-46.79"
"OSCAR BRESSANE","SP","-22.31","-50.28"
"OSORIO","RS","-29.88","-50.27"
"OSVALDO CRUZ","SP","-21.79","-50.87"
"OTACILIO COSTA","SC","-27.48","-50.12"
"OUREM","PA","-1.54","-47.11"
"OURICANGAS","BA","-12.01","-38.61"
"OURICURI","PE","-7.88","-40.08"
"OURILANDIA DO NORTE","PA","-6.75","-51.08"
"OURINHOS","SP","-22.97","-49.87"
"OURIZONA","PR","-23.4","-52.19"
"OURO","SC","-27.34","-51.61"
"OURO BRANCO","AL","-9.16","-37.35"
"OURO BRANCO","MG","-20.52","-43.69"
"OURO BRANCO","RN","-6.7","-36.94"
"OURO FINO","MG","-22.28","-46.36"
"OURO PRETO","MG","-20.28","-43.5"
"OURO PRETO DO OESTE","RO","-10.71","-62.24"
"OURO VELHO","PB","-7.62","-37.15"
"OURO VERDE","SC","-26.69","-52.31"
"OURO VERDE","SP","-21.48","-51.7"
"OURO VERDE DE GOIAS","GO","-16.22","-49.19"
"OURO VERDE DE MINAS","MG","-18.07","-41.27"
"OURO VERDE DO OESTE","PR","-24.8","-53.9"
"OUROESTE","SP","-20","-50.37"
"OUROLANDIA","BA","-10.97","-41.08"
"OUVIDOR","GO","-18.23","-47.83"
"PACAEMBU","SP","-21.56","-51.26"
"PACAJA","PA","-3.83","-50.63"
"PACAJUS","CE","-4.17","-38.46"
"PACARAIMA","RR","4.43","-61.14"
"PACATUBA","CE","-3.98","-38.619999999999997"
"PACATUBA","SE","-10.45","-36.65"
"PACO DO LUMIAR","MA","-2.5299999999999998","-44.1"
"PACOTI","CE","-4.22","-38.92"
"PACUJA","CE","-3.98","-40.69"
"PADRE BERNARDO","GO","-15.16","-48.28"
"PADRE CARVALHO","MG","-16.36","-42.51"
"PADRE MARCOS","PI","-7.35","-40.9"
"PADRE PARAISO","MG","-17.07","-41.52"
"PAES LANDIM","PI","-7.77","-42.25"
"PAI PEDRO","MG","-15.51","-43.06"
"PAIAL","SC","-27.25","-52.49"
"PAICANDU","PR","-23.45","-52.04"
"PAIM FILHO","RS","-27.71","-51.76"
"PAINEIRAS","MG","-18.899999999999999","-45.53"
"PAINEL","SC","-27.92","-50.1"
"PAINS","MG","-20.37","-45.66"
"PAIVA","MG","-21.28","-43.41"
"PAJEU DO PIAUI","PI","-7.85","-42.82"
"PALESTINA","AL","-9.67","-37.32"
"PALESTINA","SP","-20.39","-49.43"
"PALESTINA DE GOIAS","GO","-16.73","-51.53"
"PALESTINA DO PARA","PA","-5.74","-48.31"
"PALHANO","CE","-4.74","-37.950000000000003"
"PALHOCA","SC","-27.64","-48.66"
"PALMA","MG","-21.37","-42.31"
"PALMA SOLA","SC","-26.34","-53.27"
"PALMACIA","CE","-4.1500000000000004","-38.840000000000003"
"PALMARES","PE","-8.68","-35.590000000000003"
"PALMARES DO SUL","RS","-30.25","-50.51"
"PALMARES PAULISTA","SP","-21.08","-48.8"
"PALMAS","PR","-26.48","-51.99"
"PALMAS","TO","-10.16","-48.33"
"PALMAS DE MONTE ALTO","BA","-14.26","-43.16"
"PALMEIRA","PR","-25.42","-50"
"PALMEIRA","SC","-27.58","-50.15"
"PALMEIRA DAS MISSOES","RS","-27.89","-53.31"
"PALMEIRA DO PIAUI","PI","-8.7200000000000006","-44.23"
"PALMEIRA D'OESTE","SP","-20.41","-50.76"
"PALMEIRA DOS INDIOS","AL","-9.4","-36.619999999999997"
"PALMEIRAIS","PI","-5.97","-43.06"
"PALMEIRANDIA","MA","-2.64","-44.89"
"PALMEIRANTE","TO","-7.86","-47.92"
"PALMEIRAS","BA","-12.52","-41.55"
"PALMEIRAS DE GOIAS","GO","-16.8","-49.92"
"PALMEIRINA","PE","-9","-36.32"
"PALMEIROPOLIS","TO","-13.04","-48.4"
"PALMELO","GO","-17.32","-48.42"
"PALMINOPOLIS","GO","-16.79","-50.16"
"PALMITAL","PR","-24.89","-52.2"
"PALMITAL","SP","-22.78","-50.21"
"PALMITINHO","RS","-27.35","-53.55"
"PALMITOS","SC","-27.06","-53.16"
"PALMOPOLIS","MG","-16.73","-40.42"
"PALOTINA","PR","-24.28","-53.84"
"PANAMA","GO","-18.170000000000002","-49.35"
"PANAMBI","RS","-28.29","-53.5"
"PANCAS","ES","-19.22","-40.85"
"PANELAS","PE","-8.66","-36"
"PANORAMA","SP","-21.35","-51.86"
"PANTANO GRANDE","RS","-30.19","-52.37"
"PAO DE ACUCAR","AL","-9.74","-37.43"
"PAPAGAIOS","MG","-19.440000000000001","-44.74"
"PAPANDUVA","SC","-26.37","-50.14"
"PAQUETA","PI","-7.1","-41.7"
"PARA DE MINAS","MG","-19.86","-44.6"
"PARACAMBI","RJ","-22.61","-43.7"
"PARACATU","MG","-17.22","-46.87"
"PARACURU","CE","-3.41","-39.03"
"PARAGOMINAS","PA","-2.99","-47.35"
"PARAGUACU","MG","-21.54","-45.73"
"PARAGUACU PAULISTA","SP","-22.41","-50.57"
"PARAI","RS","-28.59","-51.78"
"PARAIBA DO SUL","RJ","-22.16","-43.29"
"PARAIBANO","MA","-6.43","-43.98"
"PARAIBUNA","SP","-23.38","-45.66"
"PARAIPABA","CE","-3.43","-39.14"
"PARAISO","SC","-26.61","-53.67"
"PARAISO","SP","-21.01","-48.77"
"PARAISO DO NORTE","PR","-23.28","-52.6"
"PARAISO DO SUL","RS","-29.66","-53.14"
"PARAISO DO TOCANTINS","TO","-10.17","-48.86"
"PARAISOPOLIS","MG","-22.55","-45.78"
"PARAMBU","CE","-6.21","-40.69"
"PARAMIRIM","BA","-13.44","-42.23"
"PARAMOTI","CE","-4.09","-39.229999999999997"
"PARANA","RN","-6.48","-38.31"
"PARANA","TO","-12.61","-47.88"
"PARANACITY","PR","-22.93","-52.15"
"PARANAGUA","PR","-25.52","-48.5"
"PARANAIBA","MS","-19.670000000000002","-51.19"
"PARANAIGUARA","GO","-18.91","-50.65"
"PARANAITA","MT","-9.66","-56.47"
"PARANAPANEMA","SP","-23.38","-48.72"
"PARANAPOEMA","PR","-22.63","-52.09"
"PARANAPUA","SP","-20.100000000000001","-50.58"
"PARANATAMA","PE","-8.92","-36.65"
"PARANATINGA","MT","-14.43","-54.05"
"PARANAVAI","PR","-23.07","-52.46"
"PARANHOS","MS","-23.89","-55.43"
"PARAOPEBA","MG","-19.27","-44.4"
"PARAPUA","SP","-21.78","-50.79"
"PARARI","PB","-7.32","-36.65"
"PARATI","RJ","-23.21","-44.71"
"PARATINGA","BA","-12.69","-43.18"
"PARAU","RN","-5.77","-37.1"
"PARAUAPEBAS","PA","-6.06","-49.9"
"PARAUNA","GO","-16.940000000000001","-50.44"
"PARAZINHO","RN","-5.22","-35.83"
"PARDINHO","SP","-23.08","-48.37"
"PARECI NOVO","RS","-29.63","-51.39"
"PARECIS","RO","-12.19","-61.6"
"PARELHAS","RN","-6.68","-36.65"
"PARICONHA","AL","-9.25","-38"
"PARINTINS","AM","-2.62","-56.73"
"PARIPIRANGA","BA","-10.68","-37.86"
"PARIPUEIRA","AL","-9.4600000000000009","-35.549999999999997"
"PARIQUERA-ACU","SP","-24.71","-47.88"
"PARISI","SP","-20.3","-50.01"
"PARNAGUA","PI","-10.220000000000001","-44.63"
"PARNAIBA","PI","-2.9","-41.77"
"PARNAMIRIM","PE","-8.09","-39.57"
"PARNAMIRIM","RN","-5.91","-35.26"
"PARNARAMA","MA","-5.68","-43.09"
"PAROBE","RS","-29.62","-50.83"
"PASSA E FICA","RN","-6.43","-35.64"
"PASSA QUATRO","MG","-22.39","-44.96"
"PASSA SETE","RS","-29.45","-52.96"
"PASSA TEMPO","MG","-20.65","-44.49"
"PASSA VINTE","MG","-22.2","-44.23"
"PASSABEM","MG","-19.350000000000001","-43.13"
"PASSAGEM","PB","-7.13","-37.04"
"PASSAGEM","RN","-6.27","-35.369999999999997"
"PASSAGEM FRANCA","MA","-6.18","-43.78"
"PASSAGEM FRANCA DO PIAUI","PI","-5.85","-42.44"
"PASSIRA","PE","-7.99","-35.58"
"PASSO DE CAMARAGIBE","AL","-9.23","-35.49"
"PASSO DE TORRES","SC","-29.31","-49.72"
"PASSO DO SOBRADO","RS","-29.74","-52.27"
"PASSO FUNDO","RS","-28.26","-52.4"
"PASSOS","MG","-20.71","-46.61"
"PASSOS MAIA","SC","-26.78","-52.05"
"PASTOS BONS","MA","-6.6","-44.07"
"PATIS","MG","-16.07","-44.08"
"PATO BRAGADO","PR","-24.62","-54.22"
"PATO BRANCO","PR","-26.22","-52.67"
"PATOS","PB","-7.02","-37.28"
"PATOS DE MINAS","MG","-18.57","-46.51"
"PATOS DO PIAUI","PI","-7.66","-41.24"
"PATROCINIO","MG","-18.940000000000001","-46.99"
"PATROCINIO DO MURIAE","MG","-21.15","-42.21"
"PATROCINIO PAULISTA","SP","-20.63","-47.28"
"PATU","RN","-6.11","-37.630000000000003"
"PATY DO ALFERES","RJ","-22.42","-43.41"
"PAU BRASIL","BA","-15.46","-39.65"
"PAU D'ARCO","PA","-7.83","-50.04"
"PAU D'ARCO","TO","-7.54","-49.37"
"PAU DOS FERROS","RN","-6.11","-38.200000000000003"
"PAUDALHO","PE","-7.89","-35.18"
"PAUINI","AM","-7.71","-66.97"
"PAULA CANDIDO","MG","-20.87","-42.98"
"PAULA FREITAS","PR","-26.2","-50.93"
"PAULICEIA","SP","-21.31","-51.83"
"PAULINIA","SP","-22.76","-47.15"
"PAULINO NEVES","MA","-2.71","-42.53"
"PAULISTA","PB","-6.59","-37.619999999999997"
"PAULISTA","PE","-7.94","-34.869999999999997"
"PAULISTANA","PI","-8.14","-41.15"
"PAULISTANIA","SP","-22.57","-49.4"
"PAULISTAS","MG","-18.420000000000002","-42.86"
"PAULO AFONSO","BA","-9.4","-38.22"
"PAULO DE FARIA","SP","-20.03","-49.38"
"PAULO FRONTIN","PR","-26.04","-50.83"
"PAULO JACINTO","AL","-9.36","-36.369999999999997"
"PAULO LOPES","SC","-27.96","-48.68"
"PAULO RAMOS","MA","-4.18","-45.2"
"PAVAO","MG","-17.420000000000002","-40.99"
"PAVERAMA","RS","-29.55","-51.73"
"PAVUSSU","PI","-7.96","-43.22"
"PE DE SERRA","BA","-11.83","-39.61"
"PEABIRU","PR","-23.91","-52.34"
"PECANHA","MG","-18.54","-42.55"
"PEDERNEIRAS","SP","-22.35","-48.77"
"PEDRA","PE","-8.49","-36.94"
"PEDRA AZUL","MG","-16","-41.29"
"PEDRA BELA","SP","-22.79","-46.44"
"PEDRA BONITA","MG","-20.52","-42.33"
"PEDRA BRANCA","CE","-5.45","-39.71"
"PEDRA BRANCA","PB","-7.42","-38.06"
"PEDRA BRANCA DO AMAPARI","AP","0.77","-51.94"
"PEDRA DO ANTA","MG","-20.59","-42.71"
"PEDRA DO INDAIA","MG","-20.25","-45.2"
"PEDRA DOURADA","MG","-20.83","-42.15"
"PEDRA GRANDE","RN","-5.15","-35.869999999999997"
"PEDRA LAVRADA","PB","-6.75","-36.479999999999997"
"PEDRA MOLE","SE","-10.61","-37.68"
"PEDRA PRETA","MT","-16.62","-54.47"
"PEDRA PRETA","RN","-5.58","-36.1"
"PEDRALVA","MG","-22.24","-45.46"
"PEDRANOPOLIS","SP","-20.239999999999998","-50.11"
"PEDRAO","BA","-12.15","-38.65"
"PEDRAS DE FOGO","PB","-7.4","-35.11"
"PEDRAS DE MARIA DA CRUZ","MG","-15.6","-44.39"
"PEDRAS GRANDES","SC","-28.43","-49.18"
"PEDREGULHO","SP","-20.25","-47.47"
"PEDREIRA","SP","-22.74","-46.9"
"PEDREIRAS","MA","-4.5599999999999996","-44.59"
"PEDRINHAS","SE","-11.19","-37.67"
"PEDRINHAS PAULISTA","SP","-22.81","-50.79"
"PEDRINOPOLIS","MG","-19.22","-47.46"
"PEDRO AFONSO","TO","-8.9600000000000009","-48.17"
"PEDRO ALEXANDRE","BA","-10.01","-37.89"
"PEDRO AVELINO","RN","-5.52","-36.380000000000003"
"PEDRO CANARIO","ES","-18.03","-40.15"
"PEDRO DE TOLEDO","SP","-24.27","-47.23"
"PEDRO DO ROSARIO","MA","-2.97","-45.34"
"PEDRO GOMES","MS","-18.100000000000001","-54.55"
"PEDRO II","PI","-4.42","-41.45"
"PEDRO LAURENTINO","PI","-8.06","-42.28"
"PEDRO LEOPOLDO","MG","-19.61","-44.04"
"PEDRO OSORIO","RS","-31.86","-52.82"
"PEDRO REGIS","PB","-6.63","-35.29"
"PEDRO TEIXEIRA","MG","-21.7","-43.74"
"PEDRO VELHO","RN","-6.43","-35.22"
"PEIXE","TO","-12.02","-48.53"
"PEIXE-BOI","PA","-1.19","-47.31"
"PEIXOTO DE AZEVEDO","MT","-10.220000000000001","-54.98"
"PEJUCARA","RS","-28.42","-53.65"
"PELOTAS","RS","-31.77","-52.34"
"PENAFORTE","CE","-7.82","-39.07"
"PENALVA","MA","-3.29","-45.17"
"PENAPOLIS","SP","-21.42","-50.07"
"PENDENCIAS","RN","-5.26","-36.72"
"PENEDO","AL","-10.29","-36.58"
"PENHA","SC","-26.76","-48.64"
"PENTECOSTE","CE","-3.79","-39.270000000000003"
"PEQUERI","MG","-21.83","-43.12"
"PEQUI","MG","-19.63","-44.65"
"PEQUIZEIRO","TO","-8.59","-48.93"
"PERDIGAO","MG","-19.95","-45.08"
"PERDIZES","MG","-19.350000000000001","-47.29"
"PERDOES","MG","-21.09","-45.09"
"PEREIRA BARRETO","SP","-20.63","-51.1"
"PEREIRAS","SP","-23.07","-47.97"
"PEREIRO","CE","-6.04","-38.46"
"PERI MIRIM","MA","-2.57","-44.85"
"PERIQUITO","MG","-19.149999999999999","-42.23"
"PERITIBA","SC","-27.37","-51.9"
"PERITORO","MA","-4.38","-44.33"
"PEROBAL","PR","-23.89","-53.41"
"PEROLA","PR","-23.8","-53.68"
"PEROLA D'OESTE","PR","-25.82","-53.74"
"PEROLANDIA","GO","-17.52","-52.06"
"PERUIBE","SP","-24.32","-46.99"
"PESCADOR","MG","-18.350000000000001","-41.59"
"PESQUEIRA","PE","-8.35","-36.69"
"PETROLANDIA","PE","-9.06","-38.299999999999997"
"PETROLANDIA","SC","-27.53","-49.69"
"PETROLINA","PE","-9.39","-40.5"
"PETROLINA DE GOIAS","GO","-16.09","-49.33"
"PETRONIO PORTELA","PI","-8.08","-42.05"
"PETROPOLIS","RJ","-22.5","-43.17"
"PIACABUCU","AL","-10.4","-36.43"
"PIACATU","SP","-21.59","-50.59"
"PIANCO","PB","-7.19","-37.92"
"PIATA","BA","-13.15","-41.77"
"PIAU","MG","-21.5","-43.32"
"PICADA CAFE","RS","-29.44","-51.13"
"PICARRA","PA","-6.43","-48.87"
"PICARRAS","SC","-26.76","-48.67"
"PICOS","PI","-7.07","-41.46"
"PICUI","PB","-6.55","-36.340000000000003"
"PIEDADE","SP","-23.71","-47.42"
"PIEDADE DE CARATINGA","MG","-19.75","-42.07"
"PIEDADE DE PONTE NOVA","MG","-20.239999999999998","-42.73"
"PIEDADE DO RIO GRANDE","MG","-21.46","-44.19"
"PIEDADE DOS GERAIS","MG","-20.47","-44.22"
"PIEN","PR","-26.09","-49.42"
"PILAO ARCADO","BA","-10","-42.5"
"PILAR","AL","-9.59","-35.950000000000003"
"PILAR","PB","-7.26","-35.26"
"PILAR DE GOIAS","GO","-14.76","-49.57"
"PILAR DO SUL","SP","-23.81","-47.71"
"PILOES","PB","-6.9","-35.619999999999997"
"PILOES","RN","-6.26","-38.04"
"PILOEZINHOS","PB","-6.85","-35.520000000000003"
"PIMENTA","MG","-20.48","-45.79"
"PIMENTA BUENO","RO","-11.67","-61.19"
"PIMENTEIRAS","PI","-6.24","-41.41"
"PIMENTEIRAS DO OESTE","RO","-13.48","-61.04"
"PINDAI","BA","-14.49","-42.68"
"PINDAMONHANGABA","SP","-22.92","-45.46"
"PINDARE MIRIM","MA","-3.6","-45.34"
"PINDOBA","AL","-9.4700000000000006","-36.29"
"PINDOBACU","BA","-10.74","-40.36"
"PINDORAMA","SP","-21.18","-48.9"
"PINDORAMA DO TOCANTINS","TO","-11.13","-47.57"
"PINDORETAMA","CE","-4.0199999999999996","-38.299999999999997"
"PINGO D'AGUA","MG","-19.72","-42.4"
"PINHAIS","PR","-25.44","-49.19"
"PINHAL","RS","-27.51","-53.21"
"PINHAL DE SAO BENTO","PR","-26.03","-53.48"
"PINHAL GRANDE","RS","-29.34","-53.3"
"PINHALAO","PR","-23.79","-50.05"
"PINHALZINHO","SC","-26.84","-52.99"
"PINHALZINHO","SP","-22.77","-46.59"
"PINHAO","PR","-25.69","-51.66"
"PINHAO","SE","-10.56","-37.72"
"PINHEIRAL","RJ","-22.51","-44"
"PINHEIRINHO DO VALE","RS","-27.21","-53.61"
"PINHEIRO","MA","-2.52","-45.08"
"PINHEIRO MACHADO","RS","-31.57","-53.38"
"PINHEIRO PRETO","SC","-27.05","-51.23"
"PINHEIROS","ES","-18.38","-40.119999999999997"
"PINTADAS","BA","-11.81","-39.9"
"PINTOPOLIS","MG","-16.05","-45.15"
"PIO IX","PI","-6.83","-40.57"
"PIO XII","MA","-3.87","-45.28"
"PIQUEROBI","SP","-21.86","-51.72"
"PIQUET CARNEIRO","CE","-5.8","-39.409999999999997"
"PIQUETE","SP","-22.61","-45.17"
"PIRACAIA","SP","-23.05","-46.35"
"PIRACANJUBA","GO","-17.3","-49.01"
"PIRACEMA","MG","-20.5","-44.48"
"PIRACICABA","SP","-22.72","-47.64"
"PIRACURUCA","PI","-3.92","-41.7"
"PIRAI","RJ","-22.62","-43.89"
"PIRAI DO NORTE","BA","-13.76","-39.369999999999997"
"PIRAI DO SUL","PR","-24.52","-49.94"
"PIRAJU","SP","-23.19","-49.38"
"PIRAJUBA","MG","-19.899999999999999","-48.7"
"PIRAJUI","SP","-21.99","-49.45"
"PIRAMBU","SE","-10.73","-36.85"
"PIRANGA","MG","-20.68","-43.3"
"PIRANGI","SP","-21.09","-48.65"
"PIRANGUCU","MG","-22.52","-45.49"
"PIRANGUINHO","MG","-22.4","-45.53"
"PIRANHAS","AL","-9.6199999999999992","-37.75"
"PIRANHAS","GO","-16.420000000000002","-51.82"
"PIRAPEMAS","MA","-3.72","-44.22"
"PIRAPETINGA","MG","-21.65","-42.34"
"PIRAPO","RS","-28.04","-55.19"
"PIRAPORA","MG","-17.34","-44.94"
"PIRAPORA DO BOM JESUS","SP","-23.39","-47"
"PIRAPOZINHO","SP","-22.27","-51.5"
"PIRAQUARA","PR","-25.44","-49.06"
"PIRAQUE","TO","-6.77","-48.29"
"PIRASSUNUNGA","SP","-21.99","-47.42"
"PIRATINI","RS","-31.44","-53.1"
"PIRATININGA","SP","-22.41","-49.13"
"PIRATUBA","SC","-27.42","-51.77"
"PIRAUBA","MG","-21.27","-43.02"
"PIRENOPOLIS","GO","-15.85","-48.95"
"PIRES DO RIO","GO","-17.3","-48.28"
"PIRES FERREIRA","CE","-4.24","-40.64"
"PIRIPA","BA","-14.94","-41.72"
"PIRIPIRI","PI","-4.2699999999999996","-41.77"
"PIRITIBA","BA","-11.73","-40.549999999999997"
"PIRPIRITUBA","PB","-6.78","-35.49"
"PITANGA","PR","-24.75","-51.76"
"PITANGUEIRAS","PR","-23.23","-51.58"
"PITANGUEIRAS","SP","-21","-48.22"
"PITANGUI","MG","-19.68","-44.89"
"PITIMBU","PB","-7.47","-34.799999999999997"
"PIUI","MG","-20.46","-45.95"
"PIUM","TO","-10.44","-49.18"
"PIUMA","ES","-20.83","-40.72"
"PLACAS","PA","-3.86","-54.22"
"PLACIDO DE CASTRO","AC","-10.27","-67.150000000000006"
"PLANALTINA","GO","-15.45","-47.61"
"PLANALTINA DO PARANA","PR","-23","-52.91"
"PLANALTINO","BA","-13.25","-40.36"
"PLANALTO","BA","-14.67","-40.47"
"PLANALTO","PR","-25.71","-53.76"
"PLANALTO","RS","-27.32","-53.05"
"PLANALTO","SP","-21.03","-49.92"
"PLANALTO ALEGRE","SC","-27.07","-52.86"
"PLANALTO DA SERRA","MT","-14.65","-54.77"
"PLANURA","MG","-20.13","-48.7"
"PLATINA","SP","-22.63","-50.2"
"POA","SP","-23.52","-46.34"
"POCAO","PE","-8.18","-36.700000000000003"
"POCAO DE PEDRAS","MA","-4.67","-44.89"
"POCINHOS","PB","-7.07","-36.06"
"POCO BRANCO","RN","-5.62","-35.659999999999997"
"POCO DANTAS","PB","-6.4","-38.49"
"POCO DAS ANTAS","RS","-29.45","-51.67"
"POCO DAS TRINCHEIRAS","AL","-9.31","-37.28"
"POCO DE JOSE DE MOURA","PB","-6.57","-38.51"
"POCO FUNDO","MG","-21.78","-45.96"
"POCO REDONDO","SE","-9.8000000000000007","-37.68"
"POCO VERDE","SE","-10.7","-38.18"
"POCOES","BA","-14.53","-40.36"
"POCONE","MT","-16.25","-56.62"
"POCOS DE CALDAS","MG","-21.78","-46.56"
"POCRANE","MG","-19.62","-41.63"
"POJUCA","BA","-12.43","-38.32"
"POLONI","SP","-20.78","-49.82"
"POMBAL","PB","-6.77","-37.799999999999997"
"POMBOS","PE","-8.14","-35.39"
"POMERODE","SC","-26.74","-49.17"
"POMPEIA","SP","-22.1","-50.17"
"POMPEU","MG","-19.22","-44.93"
"PONGAI","SP","-21.73","-49.36"
"PONTA DE PEDRAS","PA","-1.39","-48.87"
"PONTA GROSSA","PR","-25.09","-50.16"
"PONTA PORA","MS","-22.53","-55.72"
"PONTAL","SP","-21.02","-48.03"
"PONTAL DO ARAGUAIA","MT","-15.93","-52.31"
"PONTAL DO PARANA","PR","-25.67","-48.51"
"PONTALINA","GO","-17.52","-49.44"
"PONTALINDA","SP","-20.440000000000001","-50.52"
"PONTAO","RS","-28.05","-52.67"
"PONTE ALTA","SC","-27.48","-50.38"
"PONTE ALTA DO BOM JESUS","TO","-12.09","-46.47"
"PONTE ALTA DO NORTE","SC","-27.15","-50.46"
"PONTE ALTA DO TOCANTINS","TO","-10.74","-47.53"
"PONTE BRANCA","MT","-16.760000000000002","-52.83"
"PONTE NOVA","MG","-20.41","-42.9"
"PONTE PRETA","RS","-27.65","-52.48"
"PONTE SERRADA","SC","-26.87","-52.01"
"PONTES E LACERDA","MT","-15.22","-59.33"
"PONTES GESTAL","SP","-20.16","-49.7"
"PONTO BELO","ES","-18.12","-40.54"
"PONTO CHIQUE","MG","-16.63","-45.06"
"PONTO DOS VOLANTES","MG","-16.75","-41.5"
"PONTO NOVO","BA","-10.86","-40.130000000000003"
"POPULINA","SP","-19.95","-50.53"
"PORANGA","CE","-4.74","-40.92"
"PORANGABA","SP","-23.17","-48.12"
"PORANGATU","GO","-13.44","-49.14"
"PORCIUNCULA","RJ","-20.96","-42.04"
"PORECATU","PR","-22.75","-51.37"
"PORTALEGRE","RN","-6.02","-37.979999999999997"
"PORTAO","RS","-29.7","-51.24"
"PORTEIRAO","GO","-17.809999999999999","-50.16"
"PORTEIRAS","CE","-7.53","-39.11"
"PORTEIRINHA","MG","-15.74","-43.02"
"PORTEL","PA","-1.93","-50.82"
"PORTELANDIA","GO","-17.350000000000001","-52.67"
"PORTO","PI","-3.89","-42.71"
"PORTO ACRE","AC","-9.58","-67.53"
"PORTO ALEGRE","RS","-30.03","-51.23"
"PORTO ALEGRE DO NORTE","MT","-10.87","-51.63"
"PORTO ALEGRE DO PIAUI","PI","-6.96","-44.18"
"PORTO ALEGRE DO TOCANTINS","TO","-11.6","-47.04"
"PORTO AMAZONAS","PR","-25.54","-49.89"
"PORTO BARREIRO","PR","-25.54","-52.4"
"PORTO BELO","SC","-27.15","-48.55"
"PORTO CALVO","AL","-9.0399999999999991","-35.39"
"PORTO DA FOLHA","SE","-9.91","-37.270000000000003"
"PORTO DE MOZ","PA","-1.74","-52.23"
"PORTO DE PEDRAS","AL","-9.15","-35.29"
"PORTO DO MANGUE","RN","-5.0599999999999996","-36.78"
"PORTO DOS GAUCHOS","MT","-11.53","-57.41"
"PORTO ESPERIDIAO","MT","-15.85","-58.46"
"PORTO ESTRELA","MT","-15.32","-57.22"
"PORTO FELIZ","SP","-23.21","-47.52"
"PORTO FERREIRA","SP","-21.85","-47.47"
"PORTO FIRME","MG","-20.67","-43.08"
"PORTO FRANCO","MA","-6.33","-47.39"
"PORTO GRANDE","AP","0.71","-51.41"
"PORTO LUCENA","RS","-27.85","-55.01"
"PORTO MAUA","RS","-27.57","-54.66"
"PORTO MURTINHO","MS","-21.69","-57.88"
"PORTO NACIONAL","TO","-10.7","-48.41"
"PORTO REAL","RJ","-22.42","-44.29"
"PORTO REAL DO COLEGIO","AL","-10.18","-36.840000000000003"
"PORTO RICO","PR","-22.77","-53.26"
"PORTO RICO DO MARANHAO","MA","-1.89","-44.6"
"PORTO SEGURO","BA","-16.45","-39.06"
"PORTO UNIAO","SC","-26.23","-51.07"
"PORTO VELHO","RO","-8.76","-63.9"
"PORTO VERA CRUZ","RS","-27.73","-54.9"
"PORTO VITORIA","PR","-26.16","-51.23"
"PORTO WALTER","AC","-8.26","-72.739999999999995"
"PORTO XAVIER","RS","-27.9","-55.13"
"POSSE","GO","-14.09","-46.36"
"POTE","MG","-17.8","-41.78"
"POTENGI","CE","-7.09","-40.020000000000003"
"POTIM","SP","-22.84","-45.25"
"POTIRAGUA","BA","-15.59","-39.869999999999997"
"POTIRENDABA","SP","-21.04","-49.37"
"POTIRETAMA","CE","-5.66","-38.25"
"POUSO ALEGRE","MG","-22.23","-45.93"
"POUSO ALTO","MG","-22.19","-44.97"
"POUSO NOVO","RS","-29.17","-52.2"
"POUSO REDONDO","SC","-27.25","-49.93"
"POXOREO","MT","-15.83","-54.38"
"PRACINHA","SP","-21.85","-51.08"
"PRACUUBA","AP","1.74","-50.79"
"PRADO","BA","-17.34","-39.22"
"PRADO FERREIRA","PR","-23.03","-51.44"
"PRADOPOLIS","SP","-21.35","-48.06"
"PRADOS","MG","-21.05","-44.08"
"PRAIA GRANDE","SC","-29.19","-49.95"
"PRAIA GRANDE","SP","-24","-46.4"
"PRAIA NORTE","TO","-5.39","-47.81"
"PRAINHA","PA","-1.8","-53.48"
"PRANCHITA","PR","-26.02","-53.74"
"PRATA","MG","-19.3","-48.92"
"PRATA","PB","-7.69","-37.08"
"PRATA DO PIAUI","PI","-5.66","-42.2"
"PRATANIA","SP","-22.8","-48.66"
"PRATAPOLIS","MG","-20.74","-46.86"
"PRATINHA","MG","-19.75","-46.37"
"PRESIDENTE ALVES","SP","-22.1","-49.43"
"PRESIDENTE BERNARDES","MG","-20.76","-43.18"
"PRESIDENTE BERNARDES","SP","-22","-51.55"
"PRESIDENTE CASTELO BRANCO","PR","-23.27","-52.15"
"PRESIDENTE CASTELO BRANCO","SC","-27.22","-51.8"
"PRESIDENTE DUTRA","BA","-11.29","-41.98"
"PRESIDENTE DUTRA","MA","-5.29","-44.49"
"PRESIDENTE EPITACIO","SP","-21.76","-52.11"
"PRESIDENTE FIGUEIREDO","AM","-2.0299999999999998","-60.02"
"PRESIDENTE GETULIO","SC","-27.05","-49.62"
"PRESIDENTE JANIO QUADROS","BA","-14.68","-41.67"
"PRESIDENTE JUSCELINO","MA","-2.92","-44.06"
"PRESIDENTE JUSCELINO","MG","-18.63","-44.05"
"PRESIDENTE JUSCELINO","RN","-6.1","-35.71"
"PRESIDENTE KENNEDY","ES","-21.09","-41.04"
"PRESIDENTE KENNEDY","TO","-8.5299999999999994","-48.5"
"PRESIDENTE KUBITSCHEK","MG","-18.61","-43.56"
"PRESIDENTE LUCENA","RS","-29.51","-51.17"
"PRESIDENTE MEDICI","MA","-2.38","-45.82"
"PRESIDENTE MEDICI","RO","-11.17","-61.9"
"PRESIDENTE NEREU","SC","-27.27","-49.39"
"PRESIDENTE OLEGARIO","MG","-18.41","-46.41"
"PRESIDENTE PRUDENTE","SP","-22.12","-51.38"
"PRESIDENTE SARNEY","MA","-2.59","-45.36"
"PRESIDENTE TANCREDO NEVES","BA","-13.44","-39.42"
"PRESIDENTE VARGAS","MA","-3.4","-44.02"
"PRESIDENTE VENCESLAU","SP","-21.87","-51.84"
"PRIMAVERA","PA","-0.94","-47.11"
"PRIMAVERA","PE","-8.33","-35.35"
"PRIMAVERA DE RONDONIA","RO","-11.81","-61.32"
"PRIMAVERA DO LESTE","MT","-15.52","-54.34"
"PRIMEIRA CRUZ","MA","-2.5099999999999998","-43.43"
"PRIMEIRO DE MAIO","PR","-22.85","-51.02"
"PRINCESA","SC","-26.44","-53.59"
"PRINCESA ISABEL","PB","-7.73","-37.99"
"PROFESSOR JAMIL","GO","-17.25","-49.24"
"PROGRESSO","RS","-29.24","-52.31"
"PROMISSAO","SP","-21.53","-49.85"
"PROPRIA","SE","-10.210000000000001","-36.840000000000003"
"PROTASIO ALVES","RS","-28.75","-51.47"
"PRUDENTE DE MORAIS","MG","-19.48","-44.15"
"PRUDENTOPOLIS","PR","-25.21","-50.97"
"PUGMIL","TO","-10.42","-48.89"
"PUREZA","RN","-5.46","-35.549999999999997"
"PUTINGA","RS","-29","-52.15"
"PUXINANA","PB","-7.16","-35.96"
"QUADRA","SP","-23.29","-48.05"
"QUARAI","RS","-30.38","-56.45"
"QUARTEL GERAL","MG","-19.27","-45.55"
"QUARTO CENTENARIO","PR","-24.27","-53.07"
"QUATA","SP","-22.24","-50.69"
"QUATIGUA","PR","-23.56","-49.91"
"QUATIPURU","PA","-0.9","-47"
"QUATIS","RJ","-22.4","-44.25"
"QUATRO BARRAS","PR","-25.36","-49.07"
"QUATRO PONTES","PR","-24.57","-53.97"
"QUEBRANGULO","AL","-9.31","-36.47"
"QUEDAS DO IGUACU","PR","-25.45","-52.9"
"QUEIMADA NOVA","PI","-8.57","-41.41"
"QUEIMADAS","BA","-10.97","-39.619999999999997"
"QUEIMADAS","PB","-7.35","-35.89"
"QUEIMADOS","RJ","-22.71","-43.55"
"QUEIROZ","SP","-21.79","-50.24"
"QUELUZ","SP","-22.53","-44.77"
"QUELUZITA","MG","-20.74","-43.88"
"QUERENCIA","MT","-12.47","-52.37"
"QUERENCIA DO NORTE","PR","-23.08","-53.48"
"QUEVEDOS","RS","-29.35","-54.07"
"QUIJINGUE","BA","-10.75","-39.21"
"QUILOMBO","SC","-26.72","-52.72"
"QUINTA DO SOL","PR","-23.85","-52.13"
"QUINTANA","SP","-22.07","-50.3"
"QUINZE DE NOVEMBRO","RS","-28.74","-53.09"
"QUIPAPA","PE","-8.82","-36.01"
"QUIRINOPOLIS","GO","-18.440000000000001","-50.45"
"QUISSAMA","RJ","-22.1","-41.47"
"QUITANDINHA","PR","-25.87","-49.49"
"QUITERIANOPOLIS","CE","-5.84","-40.700000000000003"
"QUIXABA","PB","-7.03","-37.14"
"QUIXABA","PE","-7.72","-37.840000000000003"
"QUIXABEIRA","BA","-11.41","-40.119999999999997"
"QUIXADA","CE","-4.97","-39.01"
"QUIXELO","CE","-6.25","-39.200000000000003"
"QUIXERAMOBIM","CE","-5.19","-39.29"
"QUIXERE","CE","-5.07","-37.979999999999997"
"RAFAEL FERNANDES","RN","-6.19","-38.22"
"RAFAEL GODEIRO","RN","-6.07","-37.71"
"RAFAEL JAMBEIRO","BA","-12.4","-39.5"
"RAFARD","SP","-23.01","-47.52"
"RAMILANDIA","PR","-25.12","-54.02"
"RANCHARIA","SP","-22.22","-50.89"
"RANCHO ALEGRE","PR","-23.07","-50.91"
"RANCHO ALEGRE D'OESTE","PR","-24.3","-52.95"
"RANCHO QUEIMADO","SC","-27.67","-49.02"
"RAPOSA","MA","-2.42","-44.1"
"RAPOSOS","MG","-19.96","-43.8"
"RAUL SOARES","MG","-20.100000000000001","-42.45"
"REALEZA","PR","-25.76","-53.52"
"REBOUCAS","PR","-25.62","-50.69"
"RECIFE","PE","-8.0500000000000007","-34.880000000000003"
"RECREIO","MG","-21.52","-42.46"
"RECURSOLANDIA","TO","-8.7200000000000006","-47.24"
"REDENCAO","CE","-4.22","-38.729999999999997"
"REDENCAO","PA","-8.02","-50.03"
"REDENCAO DA SERRA","SP","-23.26","-45.53"
"REDENCAO DO GURGUEIA","PI","-9.48","-44.58"
"REDENTORA","RS","-27.66","-53.63"
"REDUTO","MG","-20.21","-41.98"
"REGENERACAO","PI","-6.23","-42.68"
"REGENTE FEIJO","SP","-22.22","-51.3"
"REGINOPOLIS","SP","-21.88","-49.22"
"REGISTRO","SP","-24.48","-47.84"
"RELVADO","RS","-29.11","-52.07"
"REMANSO","BA","-9.6199999999999992","-42.08"
"REMIGIO","PB","-6.9","-35.83"
"RENASCENCA","PR","-26.15","-52.96"
"RERIUTABA","CE","-4.1399999999999997","-40.58"
"RESENDE","RJ","-22.46","-44.44"
"RESENDE COSTA","MG","-20.92","-44.23"
"RESERVA","PR","-24.65","-50.85"
"RESERVA DO CABACAL","MT","-15.08","-58.46"
"RESERVA DO IGUACU","PR","-25.83","-52.02"
"RESPLENDOR","MG","-19.32","-41.25"
"RESSAQUINHA","MG","-21.06","-43.76"
"RESTINGA","SP","-20.6","-47.48"
"RESTINGA SECA","RS","-29.81","-53.37"
"RETIROLANDIA","BA","-11.49","-39.42"
"RIACHAO","MA","-7.36","-46.61"
"RIACHAO","PB","-6.55","-35.64"
"RIACHAO DAS NEVES","BA","-11.74","-44.91"
"RIACHAO DO BACAMARTE","PB","-7.24","-35.659999999999997"
"RIACHAO DO DANTAS","SE","-11.06","-37.72"
"RIACHAO DO JACUIPE","BA","-11.81","-39.380000000000003"
"RIACHAO DO POCO","PB","-7.14","-35.25"
"RIACHINHO","MG","-16.23","-45.99"
"RIACHINHO","TO","-6.43","-48.13"
"RIACHO DA CRUZ","RN","-5.93","-37.94"
"RIACHO DAS ALMAS","PE","-8.1300000000000008","-35.85"
"RIACHO DE SANTANA","BA","-13.6","-42.93"
"RIACHO DE SANTANA","RN","-6.26","-38.31"
"RIACHO DE SANTO ANTONIO","PB","-7.69","-36.15"
"RIACHO DOS CAVALOS","PB","-6.37","-37.65"
"RIACHO DOS MACHADOS","MG","-16","-43.04"
"RIACHO FRIO","PI","-10.119999999999999","-44.95"
"RIACHUELO","RN","-5.81","-35.82"
"RIACHUELO","SE","-10.72","-37.18"
"RIALMA","GO","-15.31","-49.58"
"RIANAPOLIS","GO","-15.44","-49.51"
"RIBAMAR FIQUENE","MA","-5.93","-47.38"
"RIBAS DO RIO PARDO","MS","-20.440000000000001","-53.75"
"RIBEIRA","SP","-24.65","-49"
"RIBEIRA DO AMPARO","BA","-11.04","-38.43"
"RIBEIRA DO PIAUI","PI","-7.69","-42.71"
"RIBEIRA DO POMBAL","BA","-10.83","-38.53"
"RIBEIRAO","PE","-8.51","-35.369999999999997"
"RIBEIRAO BONITO","SP","-22.06","-48.17"
"RIBEIRAO BRANCO","SP","-24.22","-48.76"
"RIBEIRAO CASCALHEIRA","MT","-12.94","-51.82"
"RIBEIRAO CLARO","PR","-23.19","-49.75"
"RIBEIRAO CORRENTE","SP","-20.45","-47.59"
"RIBEIRAO DAS NEVES","MG","-19.760000000000002","-44.08"
"RIBEIRAO DO LARGO","BA","-15.45","-40.729999999999997"
"RIBEIRAO DO PINHAL","PR","-23.4","-50.35"
"RIBEIRAO DO SUL","SP","-22.78","-49.93"
"RIBEIRAO DOS INDIOS","SP","-21.83","-51.6"
"RIBEIRAO GRANDE","SP","-24.09","-48.36"
"RIBEIRAO PIRES","SP","-23.71","-46.41"
"RIBEIRAO PRETO","SP","-21.17","-47.81"
"RIBEIRAO VERMELHO","MG","-21.19","-45.06"
"RIBEIRAOZINHO","MT","-16.48","-52.69"
"RIBEIRO GONCALVES","PI","-7.55","-45.24"
"RIBEIROPOLIS","SE","-10.53","-37.409999999999997"
"RIFAINA","SP","-20.079999999999998","-47.42"
"RINCAO","SP","-21.58","-48.07"
"RINOPOLIS","SP","-21.72","-50.72"
"RIO ACIMA","MG","-20.079999999999998","-43.78"
"RIO AZUL","PR","-25.73","-50.79"
"RIO BANANAL","ES","-19.260000000000002","-40.33"
"RIO BOM","PR","-23.76","-51.41"
"RIO BONITO","RJ","-22.7","-42.62"
"RIO BONITO DO IGUACU","PR","-25.49","-52.52"
"RIO BRANCO","AC","-9.9700000000000006","-67.81"
"RIO BRANCO","MT","-15.24","-58.11"
"RIO BRANCO DO IVAI","PR","-24.32","-51.31"
"RIO BRANCO DO SUL","PR","-25.19","-49.31"
"RIO BRILHANTE","MS","-21.8","-54.54"
"RIO CASCA","MG","-20.22","-42.65"
"RIO CLARO","RJ","-22.72","-44.13"
"RIO CLARO","SP","-22.41","-47.56"
"RIO CRESPO","RO","-9.6999999999999993","-62.9"
"RIO DA CONCEICAO","TO","-11.4","-46.88"
"RIO DAS ANTAS","SC","-26.89","-51.07"
"RIO DAS FLORES","RJ","-22.16","-43.58"
"RIO DAS OSTRAS","RJ","-22.52","-41.94"
"RIO DAS PEDRAS","SP","-22.84","-47.6"
"RIO DE CONTAS","BA","-13.57","-41.81"
"RIO DE JANEIRO","RJ","-22.9","-43.2"
"RIO DO ANTONIO","BA","-14.41","-42.07"
"RIO DO CAMPO","SC","-26.94","-50.14"
"RIO DO FOGO","RN","-5.27","-35.380000000000003"
"RIO DO OESTE","SC","-27.19","-49.79"
"RIO DO PIRES","BA","-13.12","-42.29"
"RIO DO PRADO","MG","-16.600000000000001","-40.57"
"RIO DO SUL","SC","-27.21","-49.64"
"RIO DOCE","MG","-20.239999999999998","-42.9"
"RIO DOS BOIS","TO","-9.2899999999999991","-48.46"
"RIO DOS CEDROS","SC","-26.73","-49.27"
"RIO DOS INDIOS","RS","-27.3","-52.84"
"RIO ESPERA","MG","-20.85","-43.47"
"RIO FORMOSO","PE","-8.66","-35.15"
"RIO FORTUNA","SC","-28.13","-49.1"
"RIO GRANDE","RS","-32.03","-52.09"
"RIO GRANDE DA SERRA","SP","-23.74","-46.39"
"RIO GRANDE DO PIAUI","PI","-7.77","-43.14"
"RIO LARGO","AL","-9.4700000000000006","-35.85"
"RIO MANSO","MG","-20.260000000000002","-44.3"
"RIO MARIA","PA","-7.31","-50.04"
"RIO NEGRINHO","SC","-26.25","-49.51"
"RIO NEGRO","MS","-19.440000000000001","-54.98"
"RIO NEGRO","PR","-26.1","-49.79"
"RIO NOVO","MG","-21.45","-43.12"
"RIO NOVO DO SUL","ES","-20.86","-40.93"
"RIO PARANAIBA","MG","-19.190000000000001","-46.24"
"RIO PARDO","RS","-29.99","-52.37"
"RIO PARDO DE MINAS","MG","-15.61","-42.54"
"RIO PIRACICABA","MG","-19.920000000000002","-43.17"
"RIO POMBA","MG","-21.27","-43.17"
"RIO PRETO","MG","-22.08","-43.82"
"RIO PRETO DA EVA","AM","-2.69","-59.7"
"RIO QUENTE","GO","-17.77","-48.77"
"RIO REAL","BA","-11.48","-37.93"
"RIO RUFINO","SC","-27.86","-49.77"
"RIO SONO","TO","-9.34","-47.9"
"RIO TINTO","PB","-6.8","-35.08"
"RIO VERDE","GO","-17.79","-50.92"
"RIO VERDE DE MATO GROSSO","MS","-18.91","-54.84"
"RIO VERMELHO","MG","-18.29","-43"
"RIOLANDIA","SP","-19.989999999999998","-49.68"
"RIOZINHO","RS","-29.64","-50.45"
"RIQUEZA","SC","-27.06","-53.32"
"RITAPOLIS","MG","-21.02","-44.31"
"RIVERSUL","SP","-23.82","-49.42"
"ROCA SALES","RS","-29.28","-51.86"
"ROCHEDO","MS","-19.95","-54.89"
"ROCHEDO DE MINAS","MG","-21.63","-43.02"
"RODEIO","SC","-26.92","-49.36"
"RODEIO BONITO","RS","-27.47","-53.16"
"RODEIRO","MG","-21.2","-42.86"
"RODELAS","BA","-8.85","-38.75"
"RODOLFO FERNANDES","RN","-5.78","-38.06"
"RODRIGUES ALVES","AC","-7.74","-72.64"
"ROLANDIA","PR","-23.31","-51.36"
"ROLANTE","RS","-29.65","-50.57"
"ROLIM DE MOURA","RO","-11.67","-61.78"
"ROMARIA","MG","-18.88","-47.58"
"ROMELANDIA","SC","-26.67","-53.31"
"RONCADOR","PR","-24.6","-52.27"
"RONDA ALTA","RS","-27.76","-52.8"
"RONDINHA","RS","-27.82","-52.91"
"RONDON","PR","-23.41","-52.76"
"RONDON DO PARA","PA","-4.7699999999999996","-48.06"
"RONDONOPOLIS","MT","-16.47","-54.63"
"ROQUE GONZALES","RS","-28.13","-55.02"
"RORAINOPOLIS","RR","0.94","-60.41"
"ROSANA","SP","-22.58","-53.05"
"ROSARIO","MA","-2.93","-44.23"
"ROSARIO DA LIMEIRA","MG","-20.97","-42.51"
"ROSARIO DO CATETE","SE","-10.69","-37.03"
"ROSARIO DO IVAI","PR","-24.27","-51.27"
"ROSARIO DO SUL","RS","-30.25","-54.91"
"ROSARIO OESTE","MT","-14.83","-56.42"
"ROSEIRA","SP","-22.89","-45.3"
"ROTEIRO","AL","-9.83","-35.97"
"RUBELITA","MG","-16.399999999999999","-42.26"
"RUBIACEA","SP","-21.3","-50.72"
"RUBIATABA","GO","-15.16","-49.8"
"RUBIM","MG","-16.37","-40.53"
"RUBINEIA","SP","-20.170000000000002","-51"
"RUROPOLIS","PA","-4.09","-54.91"
"RUSSAS","CE","-4.9400000000000004","-37.97"
"RUY BARBOSA","BA","-12.28","-40.49"
"RUY BARBOSA","RN","-5.88","-35.93"
"SABARA","MG","-19.88","-43.8"
"SABAUDIA","PR","-23.31","-51.55"
"SABINO","SP","-21.46","-49.57"
"SABINOPOLIS","MG","-18.66","-43.08"
"SABOEIRO","CE","-6.54","-39.9"
"SACRAMENTO","MG","-19.86","-47.44"
"SAGRADA FAMILIA","RS","-27.7","-53.13"
"SAGRES","SP","-21.88","-50.95"
"SAIRE","PE","-8.32","-35.700000000000003"
"SALDANHA MARINHO","RS","-28.39","-53.09"
"SALES","SP","-21.34","-49.48"
"SALES OLIVEIRA","SP","-20.77","-47.83"
"SALESOPOLIS","SP","-23.53","-45.84"
"SALETE","SC","-26.98","-50"
"SALGADINHO","PB","-7.1","-36.840000000000003"
"SALGADINHO","PE","-7.93","-35.630000000000003"
"SALGADO","SE","-11.03","-37.47"
"SALGADO DE SAO FELIX","PB","-7.35","-35.44"
"SALGADO FILHO","PR","-26.17","-53.36"
"SALGUEIRO","PE","-8.06","-39.119999999999997"
"SALINAS","MG","-16.170000000000002","-42.29"
"SALINAS DA MARGARIDA","BA","-12.87","-38.76"
"SALINOPOLIS","PA","-0.62","-47.35"
"SALITRE","CE","-7.28","-40.450000000000003"
"SALMOURAO","SP","-21.62","-50.86"
"SALOA","PE","-8.9700000000000006","-36.68"
"SALTINHO","SC","-26.6","-53.05"
"SALTINHO","SP","-22.84","-47.67"
"SALTO","SP","-23.2","-47.28"
"SALTO DA DIVISA","MG","-16","-39.94"
"SALTO DE PIRAPORA","SP","-23.64","-47.57"
"SALTO DO CEU","MT","-15.13","-58.12"
"SALTO DO ITARARE","PR","-23.6","-49.62"
"SALTO DO JACUI","RS","-29.08","-53.21"
"SALTO DO LONTRA","PR","-25.78","-53.3"
"SALTO GRANDE","SP","-22.89","-49.98"
"SALTO VELOSO","SC","-26.9","-51.4"
"SALVADOR","BA","-12.97","-38.51"
"SALVADOR DAS MISSOES","RS","-28.12","-54.83"
"SALVADOR DO SUL","RS","-29.43","-51.51"
"SALVATERRA","PA","-0.75","-48.51"
"SAMBAIBA","MA","-7.14","-45.34"
"SAMPAIO","TO","-5.34","-47.87"
"SANANDUVA","RS","-27.95","-51.8"
"SANCLERLANDIA","GO","-16.190000000000001","-50.31"
"SANDOLANDIA","TO","-12.53","-49.92"
"SANDOVALINA","SP","-22.45","-51.76"
"SANGAO","SC","-28.63","-49.12"
"SANHARO","PE","-8.36","-36.56"
"SANTA ADELIA","SP","-21.24","-48.8"
"SANTA ALBERTINA","SP","-20.03","-50.72"
"SANTA AMELIA","PR","-23.26","-50.42"
"SANTA BARBARA","BA","-11.95","-38.97"
"SANTA BARBARA","MG","-19.95","-43.41"
"SANTA BARBARA DE GOIAS","GO","-16.57","-49.69"
"SANTA BARBARA DO LESTE","MG","-19.97","-42.14"
"SANTA BARBARA DO MONTE VERDE","MG","-21.95","-43.7"
"SANTA BARBARA DO PARA","PA","-1.22","-48.29"
"SANTA BARBARA DO SUL","RS","-28.35","-53.24"
"SANTA BARBARA DO TUGURIO","MG","-21.24","-43.55"
"SANTA BARBARA D'OESTE","SP","-22.75","-47.41"
"SANTA BRANCA","SP","-23.39","-45.88"
"SANTA BRIGIDA","BA","-9.73","-38.119999999999997"
"SANTA CARMEM","MT","-11.91","-55.22"
"SANTA CECILIA","SC","-26.96","-50.42"
"SANTA CECILIA DE UMBUZEIRO","PB","-7.73","-35.869999999999997"
"SANTA CECILIA DO PAVAO","PR","-23.51","-50.78"
"SANTA CLARA DO SUL","RS","-29.46","-52.08"
"SANTA CLARA D'OESTE","SP","-20.079999999999998","-50.95"
"SANTA CRUZ","PB","-6.53","-38.06"
"SANTA CRUZ","PE","-8.24","-40.33"
"SANTA CRUZ","RN","-6.22","-36.020000000000003"
"SANTA CRUZ CABRALIA","BA","-16.27","-39.020000000000003"
"SANTA CRUZ DA BAIXA VERDE","PE","-7.82","-38.15"
"SANTA CRUZ DA CONCEICAO","SP","-22.14","-47.45"
"SANTA CRUZ DA ESPERANCA","SP","-21.29","-47.43"
"SANTA CRUZ DA VITORIA","BA","-14.96","-39.81"
"SANTA CRUZ DAS PALMEIRAS","SP","-21.82","-47.24"
"SANTA CRUZ DE GOIAS","GO","-17.309999999999999","-48.48"
"SANTA CRUZ DE MINAS","MG","-21.12","-44.22"
"SANTA CRUZ DE MONTE CASTELO","PR","-22.95","-53.29"
"SANTA CRUZ DE SALINAS","MG","-16.09","-41.74"
"SANTA CRUZ DO ARARI","PA","-0.66","-49.17"
"SANTA CRUZ DO CAPIBARIBE","PE","-7.95","-36.200000000000003"
"SANTA CRUZ DO ESCALVADO","MG","-20.23","-42.81"
"SANTA CRUZ DO PIAUI","PI","-7.18","-41.76"
"SANTA CRUZ DO RIO PARDO","SP","-22.89","-49.63"
"SANTA CRUZ DO SUL","RS","-29.71","-52.42"
"SANTA CRUZ DOS MILAGRES","PI","-5.8","-41.95"
"SANTA EFIGENIA DE MINAS","MG","-18.82","-42.44"
"SANTA ERNESTINA","SP","-21.46","-48.39"
"SANTA FE","PR","-23.03","-51.8"
"SANTA FE DE GOIAS","GO","-15.76","-51.1"
"SANTA FE DE MINAS","MG","-16.690000000000001","-45.41"
"SANTA FE DO ARAGUAIA","TO","-7.15","-48.72"
"SANTA FE DO SUL","SP","-20.21","-50.92"
"SANTA FILOMENA","PE","-8.16","-40.61"
"SANTA FILOMENA","PI","-9.11","-45.92"
"SANTA FILOMENA DO MARANHAO","MA","-5.5","-44.56"
"SANTA GERTRUDES","SP","-22.45","-47.53"
"SANTA HELENA","MA","-2.23","-45.3"
"SANTA HELENA","PB","-6.72","-38.630000000000003"
"SANTA HELENA","PR","-24.86","-54.33"
"SANTA HELENA","SC","-26.93","-53.61"
"SANTA HELENA DE GOIAS","GO","-17.809999999999999","-50.59"
"SANTA HELENA DE MINAS","MG","-16.98","-40.68"
"SANTA INES","BA","-13.29","-39.81"
"SANTA INES","MA","-3.66","-45.38"
"SANTA INES","PB","-7.62","-38.549999999999997"
"SANTA INES","PR","-22.63","-51.9"
"SANTA ISABEL","GO","-15.29","-49.42"
"SANTA ISABEL","SP","-23.31","-46.22"
"SANTA ISABEL DO IVAI","PR","-23","-53.19"
"SANTA ISABEL DO PARA","PA","-1.29","-48.16"
"SANTA ISABEL DO RIO NEGRO","AM","-0.41","-65.010000000000005"
"SANTA IZABEL DO OESTE","PR","-25.82","-53.48"
"SANTA JULIANA","MG","-19.3","-47.52"
"SANTA LEOPOLDINA","ES","-20.100000000000001","-40.53"
"SANTA LUCIA","PR","-25.4","-53.56"
"SANTA LUCIA","SP","-21.68","-48.08"
"SANTA LUZ","PI","-8.9499999999999993","-44.12"
"SANTA LUZIA","BA","-15.42","-39.33"
"SANTA LUZIA","MA","-4.0599999999999996","-45.69"
"SANTA LUZIA","MG","-19.77","-43.85"
"SANTA LUZIA","PB","-6.87","-36.909999999999997"
"SANTA LUZIA DO ITANHY","SE","-11.35","-37.44"
"SANTA LUZIA DO NORTE","AL","-9.6","-35.82"
"SANTA LUZIA DO PARA","PA","-1.51","-46.94"
"SANTA LUZIA DO PARUA","MA","-2.62","-45.77"
"SANTA LUZIA D'OESTE","RO","-11.87","-61.78"
"SANTA MARGARIDA","MG","-20.38","-42.25"
"SANTA MARIA","RN","-5.84","-35.69"
"SANTA MARIA","RS","-29.68","-53.8"
"SANTA MARIA DA BOA VISTA","PE","-8.8000000000000007","-39.82"
"SANTA MARIA DA SERRA","SP","-22.56","-48.16"
"SANTA MARIA DA VITORIA","BA","-13.39","-44.19"
"SANTA MARIA DAS BARREIRAS","PA","-8.85","-49.72"
"SANTA MARIA DE ITABIRA","MG","-19.440000000000001","-43.11"
"SANTA MARIA DE JETIBA","ES","-20.04","-40.74"
"SANTA MARIA DO CAMBUCA","PE","-7.84","-35.9"
"SANTA MARIA DO HERVAL","RS","-29.49","-50.99"
"SANTA MARIA DO OESTE","PR","-24.93","-51.86"
"SANTA MARIA DO PARA","PA","-1.35","-47.57"
"SANTA MARIA DO SALTO","MG","-16.239999999999998","-40.14"
"SANTA MARIA DO SUACUI","MG","-18.190000000000001","-42.41"
"SANTA MARIA DO TOCANTINS","TO","-8.7899999999999991","-47.79"
"SANTA MARIA MADALENA","RJ","-21.95","-42"
"SANTA MARIANA","PR","-23.15","-50.51"
"SANTA MERCEDES","SP","-21.35","-51.75"
"SANTA MONICA","PR","-23.1","-53.1"
"SANTA QUITERIA","CE","-4.33","-40.15"
"SANTA QUITERIA DO MARANHAO","MA","-3.51","-42.54"
"SANTA RITA","MA","-3.14","-44.32"
"SANTA RITA","PB","-7.11","-34.97"
"SANTA RITA DE CALDAS","MG","-22.02","-46.33"
"SANTA RITA DE CASSIA","BA","-11","-44.51"
"SANTA RITA DE IBITIPOCA","MG","-21.56","-43.91"
"SANTA RITA DE JACUTINGA","MG","-22.14","-44.09"
"SANTA RITA DE MINAS","MG","-19.87","-42.13"
"SANTA RITA DO ARAGUAIA","GO","-17.32","-53.2"
"SANTA RITA DO ITUETO","MG","-19.36","-41.38"
"SANTA RITA DO NOVO DESTINO","GO","-15.13","-49.12"
"SANTA RITA DO PARDO","MS","-21.3","-52.83"
"SANTA RITA DO PASSA QUATRO","SP","-21.71","-47.47"
"SANTA RITA DO SAPUCAI","MG","-22.25","-45.7"
"SANTA RITA DO TOCANTINS","TO","-10.86","-48.91"
"SANTA RITA D'OESTE","SP","-20.14","-50.83"
"SANTA ROSA","RS","-27.87","-54.48"
"SANTA ROSA DA SERRA","MG","-19.53","-45.96"
"SANTA ROSA DE GOIAS","GO","-16.079999999999998","-49.49"
"SANTA ROSA DE LIMA","SC","-28.03","-49.12"
"SANTA ROSA DE LIMA","SE","-10.64","-37.19"
"SANTA ROSA DE VITERBO","SP","-21.47","-47.36"
"SANTA ROSA DO PIAUI","PI","-6.79","-42.28"
"SANTA ROSA DO PURUS","AC","-9.43","-70.489999999999995"
"SANTA ROSA DO SUL","SC","-29.13","-49.7"
"SANTA ROSA DO TOCANTINS","TO","-11.44","-48.12"
"SANTA SALETE","SP","-20.239999999999998","-50.68"
"SANTA TERESA","ES","-19.93","-40.6"
"SANTA TERESINHA","BA","-12.77","-39.520000000000003"
"SANTA TERESINHA","PB","-7.11","-37.450000000000003"
"SANTA TEREZA","RS","-29.16","-51.73"
"SANTA TEREZA DE GOIAS","GO","-13.71","-49.01"
"SANTA TEREZA DO OESTE","PR","-25.05","-53.63"
"SANTA TEREZA DO TOCANTINS","TO","-10.28","-47.8"
"SANTA TEREZINHA","MT","-10.47","-50.5"
"SANTA TEREZINHA","PE","-7.37","-37.479999999999997"
"SANTA TEREZINHA","SC","-26.77","-50"
"SANTA TEREZINHA DE GOIAS","GO","-14.43","-49.7"
"SANTA TEREZINHA DE ITAIPU","PR","-25.36","-54.48"
"SANTA TEREZINHA DO PROGRESSO","SC","-26.61","-53.2"
"SANTA TEREZINHA DO TOCANTINS","TO","-6.43","-47.67"
"SANTA VITORIA","MG","-18.829999999999998","-50.12"
"SANTA VITORIA DO PALMAR","RS","-33.51","-53.36"
"SANTALUZ","BA","-11.25","-39.369999999999997"
"SANTANA","AP","-0.05","-51.18"
"SANTANA","BA","-12.98","-44.05"
"SANTANA DA BOA VISTA","RS","-30.87","-53.11"
"SANTANA DA PONTE PENSA","SP","-20.25","-50.79"
"SANTANA DA VARGEM","MG","-21.24","-45.5"
"SANTANA DE CATAGUASES","MG","-21.28","-42.55"
"SANTANA DE MANGUEIRA","PB","-7.55","-38.33"
"SANTANA DE PARNAIBA","SP","-23.44","-46.91"
"SANTANA DE PIRAPAMA","MG","-19","-44.04"
"SANTANA DO ACARAU","CE","-3.46","-40.21"
"SANTANA DO ARAGUAIA","PA","-9.5","-50.62"
"SANTANA DO CARIRI","CE","-7.18","-39.729999999999997"
"SANTANA DO DESERTO","MG","-21.95","-43.16"
"SANTANA DO GARAMBEU","MG","-21.6","-44.1"
"SANTANA DO IPANEMA","AL","-9.3699999999999992","-37.24"
"SANTANA DO ITARARE","PR","-23.75","-49.62"
"SANTANA DO JACARE","MG","-20.89","-45.13"
"SANTANA DO LIVRAMENTO","RS","-30.89","-55.53"
"SANTANA DO MANHUACU","MG","-20.100000000000001","-41.92"
"SANTANA DO MARANHAO","MA","-3.11","-42.41"
"SANTANA DO MATOS","RN","-5.95","-36.65"
"SANTANA DO MUNDAU","AL","-9.16","-36.22"
"SANTANA DO PARAISO","MG","-19.36","-42.56"
"SANTANA DO PIAUI","PI","-6.94","-41.51"
"SANTANA DO RIACHO","MG","-19.16","-43.71"
"SANTANA DO SAO FRANCISCO","SE","-10.29","-36.6"
"SANTANA DO SERIDO","RN","-6.77","-36.729999999999997"
"SANTANA DOS GARROTES","PB","-7.38","-37.979999999999997"
"SANTANA DOS MONTES","MG","-20.78","-43.69"
"SANTANOPOLIS","BA","-12.01","-38.86"
"SANTAREM","PA","-2.44","-54.7"
"SANTAREM","PB","-6.49","-38.47"
"SANTAREM NOVO","PA","-0.92","-47.39"
"SANTIAGO","RS","-29.19","-54.86"
"SANTIAGO DO SUL","SC","-26.63","-52.68"
"SANTO AFONSO","MT","-14.49","-57"
"SANTO AMARO","BA","-12.54","-38.71"
"SANTO AMARO DA IMPERATRIZ","SC","-27.68","-48.77"
"SANTO AMARO DAS BROTAS","SE","-10.78","-37.049999999999997"
"SANTO AMARO DO MARANHAO","MA","-2.5","-43.25"
"SANTO ANASTACIO","SP","-21.97","-51.65"
"SANTO ANDRE","PB","-7.21","-36.630000000000003"
"SANTO ANDRE","SP","-23.66","-46.53"
"SANTO ANGELO","RS","-28.29","-54.26"
"SANTO ANTONIO","RN","-6.31","-35.47"
"SANTO ANTONIO DA ALEGRIA","SP","-21.08","-47.15"
"SANTO ANTONIO DA BARRA","GO","-17.559999999999999","-50.63"
"SANTO ANTONIO DA PATRULHA","RS","-29.81","-50.52"
"SANTO ANTONIO DA PLATINA","PR","-23.29","-50.07"
"SANTO ANTONIO DAS MISSOES","RS","-28.51","-55.22"
"SANTO ANTONIO DE GOIAS","GO","-16.48","-49.31"
"SANTO ANTONIO DE JESUS","BA","-12.96","-39.26"
"SANTO ANTONIO DE LISBOA","PI","-6.98","-41.23"
"SANTO ANTONIO DE PADUA","RJ","-21.53","-42.18"
"SANTO ANTONIO DE POSSE","SP","-22.6","-46.91"
"SANTO ANTONIO DO AMPARO","MG","-20.94","-44.91"
"SANTO ANTONIO DO ARACANGUA","SP","-20.93","-50.49"
"SANTO ANTONIO DO AVENTUREIRO","MG","-21.75","-42.81"
"SANTO ANTONIO DO CAIUA","PR","-22.73","-52.34"
"SANTO ANTONIO DO DESCOBERTO","GO","-15.94","-48.25"
"SANTO ANTONIO DO GRAMA","MG","-20.309999999999999","-42.6"
"SANTO ANTONIO DO ICA","AM","-3.1","-67.94"
"SANTO ANTONIO DO ITAMBE","MG","-18.46","-43.3"
"SANTO ANTONIO DO JACINTO","MG","-16.53","-40.17"
"SANTO ANTONIO DO JARDIM","SP","-22.11","-46.68"
"SANTO ANTONIO DO LEVERGER","MT","-15.86","-56.07"
"SANTO ANTONIO DO MONTE","MG","-20.079999999999998","-45.29"
"SANTO ANTONIO DO PALMA","RS","-28.49","-52.02"
"SANTO ANTONIO DO PARAISO","PR","-23.49","-50.64"
"SANTO ANTONIO DO PINHAL","SP","-22.82","-45.66"
"SANTO ANTONIO DO PLANALTO","RS","-28.39","-52.69"
"SANTO ANTONIO DO RETIRO","MG","-15.33","-42.62"
"SANTO ANTONIO DO RIO ABAIXO","MG","-19.22","-43.25"
"SANTO ANTONIO DO SUDOESTE","PR","-26.07","-53.72"
"SANTO ANTONIO DO TAUA","PA","-1.1499999999999999","-48.12"
"SANTO ANTONIO DOS LOPES","MA","-4.8600000000000003","-44.36"
"SANTO ANTONIO DOS MILAGRES","PI","-6.04","-42.71"
"SANTO AUGUSTO","RS","-27.85","-53.77"
"SANTO CRISTO","RS","-27.82","-54.66"
"SANTO ESTEVAO","BA","-12.43","-39.25"
"SANTO EXPEDITO","SP","-21.85","-51.39"
"SANTO EXPEDITO DO SUL","RS","-27.9","-51.64"
"SANTO HIPOLITO","MG","-18.29","-44.22"
"SANTO INACIO","PR","-22.69","-51.79"
"SANTO INACIO DO PIAUI","PI","-7.43","-41.91"
"SANTOPOLIS DO AGUAPEI","SP","-21.63","-50.5"
"SANTOS","SP","-23.96","-46.33"
"SANTOS DUMONT","MG","-21.45","-43.55"
"SAO BENEDITO","CE","-4.04","-40.86"
"SAO BENEDITO DO RIO PRETO","MA","-3.33","-43.52"
"SAO BENEDITO DO SUL","PE","-8.8000000000000007","-35.950000000000003"
"SAO BENTO","MA","-2.69","-44.82"
"SAO BENTO","PB","-6.48","-37.450000000000003"
"SAO BENTO ABADE","MG","-21.58","-45.07"
"SAO BENTO DE POMBAL","PB","-6.9","-37.72"
"SAO BENTO DO NORTE","RN","-5.07","-36.06"
"SAO BENTO DO SAPUCAI","SP","-22.68","-45.73"
"SAO BENTO DO SUL","SC","-26.25","-49.37"
"SAO BENTO DO TOCANTINS","TO","-5.91","-48.06"
"SAO BENTO DO TRAIRI","RN","-6.34","-36.08"
"SAO BENTO DO UNA","PE","-8.52","-36.44"
"SAO BERNARDINO","SC","-26.47","-52.96"
"SAO BERNARDO","MA","-3.36","-42.41"
"SAO BERNARDO DO CAMPO","SP","-23.69","-46.56"
"SAO BONIFACIO","SC","-27.9","-48.92"
"SAO BORJA","RS","-28.66","-56"
"SAO BRAS","AL","-10.119999999999999","-36.9"
"SAO BRAS DO SUACUI","MG","-20.62","-43.94"
"SAO BRAZ DO PIAUI","PI","-8.9600000000000009","-43"
"SAO CAETANO DE ODIVELAS","PA","-0.75","-48.02"
"SAO CAETANO DO SUL","SP","-23.62","-46.55"
"SAO CAITANO","PE","-8.32","-36.14"
"SAO CARLOS","SC","-27.07","-53"
"SAO CARLOS","SP","-22.01","-47.89"
"SAO CARLOS DO IVAI","PR","-23.31","-52.47"
"SAO CRISTOVAO","SE","-11.01","-37.200000000000003"
"SAO CRISTOVAO DO SUL","SC","-27.26","-50.44"
"SAO DESIDERIO","BA","-12.36","-44.97"
"SAO DOMINGOS","BA","-11.5","-39.54"
"SAO DOMINGOS","GO","-13.39","-46.31"
"SAO DOMINGOS","SC","-26.55","-52.53"
"SAO DOMINGOS","SE","-10.79","-37.56"
"SAO DOMINGOS DAS DORES","MG","-19.52","-42.01"
"SAO DOMINGOS DE POMBAL","PB","-6.81","-37.94"
"SAO DOMINGOS DO ARAGUAIA","PA","-5.53","-48.73"
"SAO DOMINGOS DO AZEITAO","MA","-6.81","-44.64"
"SAO DOMINGOS DO CAPIM","PA","-1.67","-47.77"
"SAO DOMINGOS DO CARIRI","PB","-7.63","-36.43"
"SAO DOMINGOS DO MARANHAO","MA","-5.57","-44.38"
"SAO DOMINGOS DO NORTE","ES","-19.14","-40.619999999999997"
"SAO DOMINGOS DO PRATA","MG","-19.86","-42.96"
"SAO DOMINGOS DO SUL","RS","-28.53","-51.88"
"SAO FELIPE","BA","-12.84","-39.08"
"SAO FELIPE D'OESTE","RO","-11.9","-61.5"
"SAO FELIX","BA","-12.6","-38.97"
"SAO FELIX DE BALSAS","MA","-7.08","-44.81"
"SAO FELIX DE MINAS","MG","-18.59","-41.48"
"SAO FELIX DO ARAGUAIA","MT","-11.61","-50.66"
"SAO FELIX DO CORIBE","BA","-13.4","-44.19"
"SAO FELIX DO PIAUI","PI","-5.93","-42.11"
"SAO FELIX DO TOCANTINS","TO","-10.16","-46.65"
"SAO FELIX DO XINGU","PA","-6.64","-51.99"
"SAO FERNANDO","RN","-6.37","-37.18"
"SAO FIDELIS","RJ","-21.64","-41.74"
"SAO FRANCISCO","MG","-15.94","-44.86"
"SAO FRANCISCO","PB","-6.61","-38.090000000000003"
"SAO FRANCISCO","SE","-10.33","-36.880000000000003"
"SAO FRANCISCO","SP","-20.350000000000001","-50.69"
"SAO FRANCISCO DE ASSIS","RS","-29.55","-55.13"
"SAO FRANCISCO DE ASSIS DO PIAUI","PI","-8.23","-41.68"
"SAO FRANCISCO DE GOIAS","GO","-15.93","-49.26"
"SAO FRANCISCO DE ITABAPOANA","RJ","-21.3","-40.96"
"SAO FRANCISCO DE PAULA","MG","-20.71","-44.98"
"SAO FRANCISCO DE PAULA","RS","-29.44","-50.58"
"SAO FRANCISCO DE SALES","MG","-19.86","-49.77"
"SAO FRANCISCO DO BREJAO","MA","-5.12","-47.38"
"SAO FRANCISCO DO CONDE","BA","-12.62","-38.68"
"SAO FRANCISCO DO GLORIA","MG","-20.78","-42.26"
"SAO FRANCISCO DO GUAPORE","RO","-12.05","-63.56"
"SAO FRANCISCO DO MARANHAO","MA","-6.25","-42.85"
"SAO FRANCISCO DO OESTE","RN","-5.97","-38.15"
"SAO FRANCISCO DO PARA","PA","-1.1599999999999999","-47.79"
"SAO FRANCISCO DO PIAUI","PI","-7.25","-42.54"
"SAO FRANCISCO DO SUL","SC","-26.24","-48.63"
"SAO GABRIEL","BA","-11.22","-41.91"
"SAO GABRIEL","RS","-30.33","-54.32"
"SAO GABRIEL DA CACHOEIRA","AM","-0.13","-67.08"
"SAO GABRIEL DA PALHA","ES","-19.010000000000002","-40.53"
"SAO GABRIEL DO OESTE","MS","-19.39","-54.56"
"SAO GERALDO","MG","-20.92","-42.83"
"SAO GERALDO DA PIEDADE","MG","-18.829999999999998","-42.28"
"SAO GERALDO DO ARAGUAIA","PA","-6.4","-48.55"
"SAO GERALDO DO BAIXIO","MG","-18.899999999999999","-41.36"
"SAO GONCALO","RJ","-22.82","-43.05"
"SAO GONCALO DO ABAETE","MG","-18.329999999999998","-45.83"
"SAO GONCALO DO AMARANTE","CE","-3.6","-38.96"
"SAO GONCALO DO AMARANTE","RN","-5.79","-35.32"
"SAO GONCALO DO GURGUEIA","PI","-10.029999999999999","-45.3"
"SAO GONCALO DO PARA","MG","-19.98","-44.85"
"SAO GONCALO DO PIAUI","PI","-5.99","-42.7"
"SAO GONCALO DO RIO ABAIXO","MG","-19.82","-43.36"
"SAO GONCALO DO RIO PRETO","MG","-18","-43.39"
"SAO GONCALO DO SAPUCAI","MG","-21.89","-45.59"
"SAO GONCALO DOS CAMPOS","BA","-12.43","-38.96"
"SAO GOTARDO","MG","-19.309999999999999","-46.04"
"SAO JERONIMO","RS","-29.95","-51.72"
"SAO JERONIMO DA SERRA","PR","-23.72","-50.74"
"SAO JOAO","PE","-8.8699999999999992","-36.36"
"SAO JOAO","PR","-25.82","-52.72"
"SAO JOAO BATISTA","MA","-2.95","-44.8"
"SAO JOAO BATISTA","SC","-27.27","-48.84"
"SAO JOAO BATISTA DO GLORIA","MG","-20.64","-46.5"
"SAO JOAO DA BALIZA","RR","0.95","-59.91"
"SAO JOAO DA BARRA","RJ","-21.64","-41.05"
"SAO JOAO DA BOA VISTA","SP","-21.96","-46.79"
"SAO JOAO DA CANABRAVA","PI","-6.81","-41.34"
"SAO JOAO DA FRONTEIRA","PI","-3.95","-41.25"
"SAO JOAO DA LAGOA","MG","-16.850000000000001","-44.35"
"SAO JOAO DA MATA","MG","-21.93","-45.92"
"SAO JOAO DA PARAUNA","GO","-16.809999999999999","-50.41"
"SAO JOAO DA PONTA","PA","-0.85","-47.92"
"SAO JOAO DA PONTE","MG","-15.92","-44"
"SAO JOAO DA SERRA","PI","-5.51","-41.89"
"SAO JOAO DA URTIGA","RS","-27.82","-51.82"
"SAO JOAO DA VARJOTA","PI","-6.94","-41.89"
"SAO JOAO D'ALIANCA","GO","-14.7","-47.52"
"SAO JOAO DAS DUAS PONTES","SP","-20.38","-50.37"
"SAO JOAO DAS MISSOES","MG","-14.88","-44.09"
"SAO JOAO DE IRACEMA","SP","-20.51","-50.35"
"SAO JOAO DE MERITI","RJ","-22.8","-43.37"
"SAO JOAO DE PIRABAS","PA","-0.76","-47.17"
"SAO JOAO DEL REI","MG","-21.13","-44.26"
"SAO JOAO DO ARAGUAIA","PA","-5.35","-48.79"
"SAO JOAO DO ARRAIAL","PI","-3.81","-42.44"
"SAO JOAO DO CAIUA","PR","-22.85","-52.33"
"SAO JOAO DO CARIRI","PB","-7.39","-36.53"
"SAO JOAO DO CARU","MA","-3.55","-46.25"
"SAO JOAO DO ITAPERIU","SC","-26.61","-48.76"
"SAO JOAO DO IVAI","PR","-23.98","-51.81"
"SAO JOAO DO JAGUARIBE","CE","-5.27","-38.270000000000003"
"SAO JOAO DO MANHUACU","MG","-20.39","-42.15"
"SAO JOAO DO MANTENINHA","MG","-18.72","-41.16"
"SAO JOAO DO OESTE","SC","-27.09","-53.59"
"SAO JOAO DO ORIENTE","MG","-19.329999999999998","-42.15"
"SAO JOAO DO PACUI","MG","-16.54","-44.51"
"SAO JOAO DO PARAISO","MA","-6.46","-47.05"
"SAO JOAO DO PARAISO","MG","-15.31","-42.01"
"SAO JOAO DO PAU D'ALHO","SP","-21.26","-51.66"
"SAO JOAO DO PIAUI","PI","-8.35","-42.24"
"SAO JOAO DO POLESINE","RS","-29.61","-53.44"
"SAO JOAO DO RIO DO PEIXE","PB","-6.72","-38.44"
"SAO JOAO DO SABUGI","RN","-6.71","-37.200000000000003"
"SAO JOAO DO SOTER","MA","-5.1100000000000003","-43.81"
"SAO JOAO DO SUL","SC","-29.22","-49.81"
"SAO JOAO DO TIGRE","PB","-8.07","-36.840000000000003"
"SAO JOAO DO TRIUNFO","PR","-25.68","-50.29"
"SAO JOAO DOS PATOS","MA","-6.49","-43.7"
"SAO JOAO EVANGELISTA","MG","-18.54","-42.76"
"SAO JOAO NEPOMUCENO","MG","-21.54","-43.01"
"SAO JOAQUIM","SC","-28.29","-49.93"
"SAO JOAQUIM DA BARRA","SP","-20.58","-47.85"
"SAO JOAQUIM DE BICAS","MG","-20.04","-44.27"
"SAO JOAQUIM DO MONTE","PE","-8.43","-35.799999999999997"
"SAO JORGE","RS","-28.49","-51.7"
"SAO JORGE DO IVAI","PR","-23.43","-52.29"
"SAO JORGE DO PATROCINIO","PR","-23.74","-53.92"
"SAO JORGE D'OESTE","PR","-25.7","-52.91"
"SAO JOSE","SC","-27.61","-48.62"
"SAO JOSE DA BARRA","MG","-20.71","-46.31"
"SAO JOSE DA BELA VISTA","SP","-20.59","-47.64"
"SAO JOSE DA BOA VISTA","PR","-23.91","-49.65"
"SAO JOSE DA COROA GRANDE","PE","-8.89","-35.14"
"SAO JOSE DA LAGOA TAPADA","PB","-6.94","-38.159999999999997"
"SAO JOSE DA LAJE","AL","-9.01","-36.049999999999997"
"SAO JOSE DA LAPA","MG","-19.7","-43.95"
"SAO JOSE DA SAFIRA","MG","-18.32","-42.14"
"SAO JOSE DA TAPERA","AL","-9.5500000000000007","-37.380000000000003"
"SAO JOSE DA VARGINHA","MG","-19.71","-44.55"
"SAO JOSE DA VITORIA","BA","-15.08","-39.33"
"SAO JOSE DAS MISSOES","RS","-27.78","-53.12"
"SAO JOSE DAS PALMEIRAS","PR","-24.83","-54.06"
"SAO JOSE DE CAIANA","PB","-7.24","-38.299999999999997"
"SAO JOSE DE ESPINHARAS","PB","-6.84","-37.32"
"SAO JOSE DE MIPIBU","RN","-6.07","-35.229999999999997"
"SAO JOSE DE PIRANHAS","PB","-7.12","-38.5"
"SAO JOSE DE PRINCESA","PB","-7.73","-38.090000000000003"
"SAO JOSE DE RIBAMAR","MA","-2.56","-44.05"
"SAO JOSE DE UBA","RJ","-21.35","-41.94"
"SAO JOSE DO ALEGRE","MG","-22.32","-45.52"
"SAO JOSE DO BARREIRO","SP","-22.64","-44.57"
"SAO JOSE DO BELMONTE","PE","-7.86","-38.76"
"SAO JOSE DO BONFIM","PB","-7.16","-37.299999999999997"
"SAO JOSE DO BREJO DO CRUZ","PB","-6.21","-37.35"
"SAO JOSE DO CALCADO","ES","-21.02","-41.65"
"SAO JOSE DO CAMPESTRE","RN","-6.31","-35.71"
"SAO JOSE DO CEDRO","SC","-26.45","-53.49"
"SAO JOSE DO CERRITO","SC","-27.66","-50.58"
"SAO JOSE DO DIVINO","MG","-18.47","-41.38"
"SAO JOSE DO DIVINO","PI","-3.81","-41.83"
"SAO JOSE DO EGITO","PE","-7.47","-37.270000000000003"
"SAO JOSE DO GOIABAL","MG","-19.920000000000002","-42.7"
"SAO JOSE DO HERVAL","RS","-29.04","-52.29"
"SAO JOSE DO HORTENCIO","RS","-29.52","-51.25"
"SAO JOSE DO INHACORA","RS","-27.72","-54.12"
"SAO JOSE DO JACUIPE","BA","-11.41","-39.86"
"SAO JOSE DO JACURI","MG","-18.27","-42.67"
"SAO JOSE DO MANTIMENTO","MG","-20","-41.74"
"SAO JOSE DO NORTE","RS","-32.01","-52.04"
"SAO JOSE DO OURO","RS","-27.76","-51.59"
"SAO JOSE DO PEIXE","PI","-7.49","-42.56"
"SAO JOSE DO PIAUI","PI","-6.87","-41.47"
"SAO JOSE DO POVO","MT","-16.46","-54.25"
"SAO JOSE DO RIO CLARO","MT","-13.44","-56.72"
"SAO JOSE DO RIO PARDO","SP","-21.59","-46.88"
"SAO JOSE DO RIO PRETO","SP","-20.82","-49.37"
"SAO JOSE DO SABUGI","PB","-6.77","-36.79"
"SAO JOSE DO SERIDO","RN","-6.44","-36.869999999999997"
"SAO JOSE DO VALE DO RIO PRETO","RJ","-22.15","-42.92"
"SAO JOSE DO XINGU","MT","-10.8","-52.74"
"SAO JOSE DOS AUSENTES","RS","-28.74","-50.06"
"SAO JOSE DOS BASILIOS","MA","-5.05","-44.58"
"SAO JOSE DOS CAMPOS","SP","-23.17","-45.88"
"SAO JOSE DOS CORDEIROS","PB","-7.39","-36.799999999999997"
"SAO JOSE DOS PINHAIS","PR","-25.53","-49.2"
"SAO JOSE DOS QUATRO MARCOS","MT","-15.62","-58.17"
"SAO JOSE DOS RAMOS","PB","-7.25","-35.380000000000003"
"SAO JULIAO","PI","-7.08","-40.82"
"SAO LEOPOLDO","RS","-29.76","-51.14"
"SAO LOURENCO","MG","-22.11","-45.05"
"SAO LOURENCO DA MATA","PE","-8","-35.01"
"SAO LOURENCO DA SERRA","SP","-23.85","-46.94"
"SAO LOURENCO DO OESTE","SC","-26.35","-52.85"
"SAO LOURENCO DO PIAUI","PI","-9.16","-42.54"
"SAO LOURENCO DO SUL","RS","-31.36","-51.97"
"SAO LUDGERO","SC","-28.32","-49.17"
"SAO LUIS","MA","-2.5299999999999998","-44.3"
"SAO LUIS DE MONTES BELOS","GO","-16.52","-50.37"
"SAO LUIS DO CURU","CE","-3.67","-39.24"
"SAO LUIS DO PARAITINGA","SP","-23.22","-45.31"
"SAO LUIS DO PIAUI","PI","-6.82","-41.32"
"SAO LUIS DO QUITUNDE","AL","-9.31","-35.56"
"SAO LUIS GONZAGA DO MARANHAO","MA","-4.38","-44.67"
"SAO LUIZ","RR","1","-60.15"
"SAO LUIZ DO NORTE","GO","-14.86","-49.32"
"SAO LUIZ GONZAGA","RS","-28.4","-54.96"
"SAO MAMEDE","PB","-6.92","-37.090000000000003"
"SAO MANUEL","SP","-22.73","-48.57"
"SAO MANUEL DO PARANA","PR","-23.4","-52.64"
"SAO MARCOS","RS","-28.97","-51.06"
"SAO MARTINHO","RS","-27.7","-53.96"
"SAO MARTINHO","SC","-28.16","-48.97"
"SAO MARTINHO DA SERRA","RS","-29.53","-53.85"
"SAO MATEUS","ES","-18.71","-39.85"
"SAO MATEUS DO MARANHAO","MA","-4.04","-44.47"
"SAO MATEUS DO SUL","PR","-25.87","-50.38"
"SAO MIGUEL","RN","-6.21","-38.49"
"SAO MIGUEL ARCANJO","SP","-23.87","-47.99"
"SAO MIGUEL DA BAIXA GRANDE","PI","-5.86","-42.18"
"SAO MIGUEL DA BOA VISTA","SC","-26.69","-53.25"
"SAO MIGUEL DAS MATAS","BA","-13.04","-39.450000000000003"
"SAO MIGUEL DAS MISSOES","RS","-28.56","-54.55"
"SAO MIGUEL DE TAIPU","PB","-7.25","-35.21"
"SAO MIGUEL DE TOUROS","RN","-5.12","-35.630000000000003"
"SAO MIGUEL DO ALEIXO","SE","-10.38","-37.380000000000003"
"SAO MIGUEL DO ANTA","MG","-20.7","-42.71"
"SAO MIGUEL DO ARAGUAIA","GO","-13.27","-50.16"
"SAO MIGUEL DO FIDALGO","PI","-7.58","-42.37"
"SAO MIGUEL DO GUAMA","PA","-1.62","-47.48"
"SAO MIGUEL DO GUAPORE","RO","-11.68","-62.68"
"SAO MIGUEL DO IGUACU","PR","-25.34","-54.23"
"SAO MIGUEL DO PASSA QUATRO","GO","-17.05","-48.66"
"SAO MIGUEL DO TAPUIO","PI","-5.5","-41.32"
"SAO MIGUEL DO TOCANTINS","TO","-5.55","-47.57"
"SAO MIGUEL D'OESTE","SC","-26.72","-53.51"
"SAO MIGUEL DOS CAMPOS","AL","-9.7799999999999994","-36.090000000000003"
"SAO MIGUEL DOS MILAGRES","AL","-9.26","-35.369999999999997"
"SAO NICOLAU","RS","-28.18","-55.26"
"SAO PATRICIO","GO","-15.35","-49.81"
"SAO PAULO","SP","-23.54","-46.63"
"SAO PAULO DAS MISSOES","RS","-28.02","-54.93"
"SAO PAULO DE OLIVENCA","AM","-3.37","-68.87"
"SAO PAULO DO POTENGI","RN","-5.89","-35.76"
"SAO PEDRO","RN","-5.89","-35.630000000000003"
"SAO PEDRO","SP","-22.54","-47.91"
"SAO PEDRO DA AGUA BRANCA","MA","-5.08","-48.42"
"SAO PEDRO DA ALDEIA","RJ","-22.83","-42.1"
"SAO PEDRO DA CIPA","MT","-16","-54.92"
"SAO PEDRO DA SERRA","RS","-29.42","-51.51"
"SAO PEDRO DA UNIAO","MG","-21.12","-46.61"
"SAO PEDRO DE ALCANTARA","SC","-27.56","-48.8"
"SAO PEDRO DO BUTIA","RS","-28.12","-54.88"
"SAO PEDRO DO IGUACU","PR","-24.93","-53.85"
"SAO PEDRO DO IVAI","PR","-23.86","-51.85"
"SAO PEDRO DO PARANA","PR","-22.82","-53.22"
"SAO PEDRO DO PIAUI","PI","-5.92","-42.71"
"SAO PEDRO DO SUACUI","MG","-18.36","-42.6"
"SAO PEDRO DO SUL","RS","-29.62","-54.17"
"SAO PEDRO DO TURVO","SP","-22.74","-49.74"
"SAO PEDRO DOS CRENTES","MA","-6.82","-46.53"
"SAO PEDRO DOS FERROS","MG","-20.170000000000002","-42.52"
"SAO RAFAEL","RN","-5.79","-36.92"
"SAO RAIMUNDO DAS MANGABEIRAS","MA","-7.02","-45.48"
"SAO RAIMUNDO DO DOCA BEZERRA","MA","-5.0999999999999996","-45.07"
"SAO RAIMUNDO NONATO","PI","-9.01","-42.69"
"SAO ROBERTO","MA","-5.0199999999999996","-44.99"
"SAO ROMAO","MG","-16.36","-45.06"
"SAO ROQUE","SP","-23.52","-47.13"
"SAO ROQUE DE MINAS","MG","-20.239999999999998","-46.36"
"SAO ROQUE DO CANAA","ES","-19.73","-40.65"
"SAO SALVADOR DO TOCANTINS","TO","-12.74","-48.23"
"SAO SEBASTIAO","AL","-9.93","-36.549999999999997"
"SAO SEBASTIAO","SP","-23.76","-45.41"
"SAO SEBASTIAO DA AMOREIRA","PR","-23.46","-50.76"
"SAO SEBASTIAO DA BELA VISTA","MG","-22.15","-45.75"
"SAO SEBASTIAO DA BOA VISTA","PA","-1.71","-49.54"
"SAO SEBASTIAO DA GRAMA","SP","-21.71","-46.82"
"SAO SEBASTIAO DA VARGEM ALEGRE","MG","-21.07","-42.63"
"SAO SEBASTIAO DE LAGOA DE ROCA","PB","-7.08","-35.83"
"SAO SEBASTIAO DO ALTO","RJ","-21.95","-42.13"
"SAO SEBASTIAO DO ANTA","MG","-19.489999999999998","-41.98"
"SAO SEBASTIAO DO CAI","RS","-29.58","-51.37"
"SAO SEBASTIAO DO MARANHAO","MG","-18.079999999999998","-42.57"
"SAO SEBASTIAO DO OESTE","MG","-20.27","-45"
"SAO SEBASTIAO DO PARAISO","MG","-20.91","-46.99"
"SAO SEBASTIAO DO PASSE","BA","-12.51","-38.49"
"SAO SEBASTIAO DO RIO PRETO","MG","-19.29","-43.17"
"SAO SEBASTIAO DO RIO VERDE","MG","-22.21","-44.97"
"SAO SEBASTIAO DO TOCANTINS","TO","-5.25","-48.2"
"SAO SEBASTIAO DO UATUMA","AM","-2.57","-57.87"
"SAO SEBASTIAO DO UMBUZEIRO","PB","-8.15","-37.01"
"SAO SEPE","RS","-30.16","-53.56"
"SAO SIMAO","GO","-18.989999999999998","-50.54"
"SAO SIMAO","SP","-21.47","-47.55"
"SAO THOME DAS LETRAS","MG","-21.72","-44.98"
"SAO TIAGO","MG","-20.91","-44.5"
"SAO TOMAS DE AQUINO","MG","-20.78","-47.09"
"SAO TOME","PR","-23.53","-52.59"
"SAO TOME","RN","-5.97","-36.07"
"SAO VALENTIM","RS","-27.55","-52.52"
"SAO VALENTIM DO SUL","RS","-29.04","-51.76"
"SAO VALERIO DA NATIVIDADE","TO","-11.97","-48.23"
"SAO VALERIO DO SUL","RS","-27.78","-53.93"
"SAO VENDELINO","RS","-29.36","-51.37"
"SAO VICENTE","RN","-6.21","-36.68"
"SAO VICENTE","SP","-23.96","-46.39"
"SAO VICENTE DE MINAS","MG","-21.71","-44.44"
"SAO VICENTE DO SUL","RS","-29.69","-54.67"
"SAO VICENTE FERRER","MA","-2.89","-44.88"
"SAO VICENTE FERRER","PE","-7.59","-35.49"
"SAPE","PB","-7.09","-35.229999999999997"
"SAPEACU","BA","-12.72","-39.18"
"SAPEZAL","MT","-12.98","-58.76"
"SAPIRANGA","RS","-29.63","-51"
"SAPOPEMA","PR","-23.91","-50.58"
"SAPUCAIA","PA","-6.94","-49.68"
"SAPUCAIA","RJ","-21.99","-42.91"
"SAPUCAIA DO SUL","RS","-29.83","-51.14"
"SAPUCAI-MIRIM","MG","-22.74","-45.74"
"SAQUAREMA","RJ","-22.92","-42.51"
"SARANDI","PR","-23.44","-51.87"
"SARANDI","RS","-27.94","-52.92"
"SARAPUI","SP","-23.64","-47.82"
"SARDOA","MG","-18.78","-42.36"
"SARUTAIA","SP","-23.27","-49.48"
"SARZEDO","MG","-20.03","-44.14"
"SATIRO DIAS","BA","-11.6","-38.6"
"SATUBA","AL","-9.56","-35.82"
"SATUBINHA","MA","-3.84","-45.16"
"SAUBARA","BA","-12.73","-38.76"
"SAUDADE DO IGUACU","PR","-25.69","-52.61"
"SAUDADES","SC","-26.92","-53"
"SAUDE","BA","-10.94","-40.409999999999997"
"SCHROEDER","SC","-26.41","-49.07"
"SEABRA","BA","-12.41","-41.77"
"SEARA","SC","-27.14","-52.31"
"SEBASTIANOPOLIS DO SUL","SP","-20.65","-49.92"
"SEBASTIAO BARROS","PI","-10.81","-44.83"
"SEBASTIAO LARANJEIRAS","BA","-14.57","-42.94"
"SEBASTIAO LEAL","PI","-7.56","-44.06"
"SEBERI","RS","-27.47","-53.4"
"SEDE NOVA","RS","-27.63","-53.94"
"SEGREDO","RS","-29.26","-53.01"
"SELBACH","RS","-28.62","-52.95"
"SELVIRIA","MS","-20.36","-51.41"
"SEM-PEIXE","MG","-20.100000000000001","-42.83"
"SENA MADUREIRA","AC","-9.06","-68.650000000000006"
"SENADOR ALEXANDRE COSTA","MA","-5.25","-44.05"
"SENADOR AMARAL","MG","-22.58","-46.17"
"SENADOR CANEDO","GO","-16.7","-49.09"
"SENADOR CORTES","MG","-21.8","-42.94"
"SENADOR ELOI DE SOUZA","RN","-6.03","-35.69"
"SENADOR FIRMINO","MG","-20.91","-43.09"
"SENADOR GEORGINO AVELINO","RN","-6.16","-35.119999999999997"
"SENADOR GUIOMARD","AC","-10.15","-67.73"
"SENADOR JOSE BENTO","MG","-22.16","-46.17"
"SENADOR JOSE PORFIRIO","PA","-2.59","-51.95"
"SENADOR LA ROCQUE","MA","-5.44","-47.29"
"SENADOR MODESTINO GONCALVES","MG","-17.940000000000001","-43.22"
"SENADOR POMPEU","CE","-5.58","-39.369999999999997"
"SENADOR RUI PALMEIRA","AL","-9.35","-37.5"
"SENADOR SA","CE","-3.35","-40.46"
"SENADOR SALGADO FILHO","RS","-28.03","-54.54"
"SENGES","PR","-24.11","-49.46"
"SENHOR DO BONFIM","BA","-10.46","-40.19"
"SENHORA DE OLIVEIRA","MG","-20.79","-43.34"
"SENHORA DO PORTO","MG","-18.89","-43.08"
"SENHORA DOS REMEDIOS","MG","-21.02","-43.58"
"SENTINELA DO SUL","RS","-30.61","-51.57"
"SENTO SE","BA","-9.74","-41.88"
"SERAFINA CORREA","RS","-28.71","-51.93"
"SERICITA","MG","-20.47","-42.48"
"SERIDO","PB","-6.93","-36.4"
"SERINGUEIRAS","RO","-11.79","-63.03"
"SERIO","RS","-29.38","-52.26"
"SERITINGA","MG","-21.9","-44.51"
"SEROPEDICA","RJ","-22.74","-43.7"
"SERRA","ES","-20.12","-40.299999999999997"
"SERRA ALTA","SC","-26.72","-53.04"
"SERRA AZUL","SP","-21.31","-47.56"
"SERRA AZUL DE MINAS","MG","-18.36","-43.17"
"SERRA BRANCA","PB","-7.48","-36.659999999999997"
"SERRA DA RAIZ","PB","-6.68","-35.44"
"SERRA DA SAUDADE","MG","-19.43","-45.79"
"SERRA DE SAO BENTO","RN","-6.41","-35.700000000000003"
"SERRA DO MEL","RN","-5.17","-37.020000000000003"
"SERRA DO NAVIO","AP","0.89","-52"
"SERRA DO RAMALHO","BA","-13.57","-43.59"
"SERRA DO SALITRE","MG","-19.11","-46.69"
"SERRA DOS AIMORES","MG","-17.78","-40.24"
"SERRA DOURADA","BA","-12.76","-43.95"
"SERRA GRANDE","PB","-7.21","-38.369999999999997"
"SERRA NEGRA","SP","-22.61","-46.7"
"SERRA NEGRA DO NORTE","RN","-6.66","-37.39"
"SERRA PRETA","BA","-12.16","-39.33"
"SERRA REDONDA","PB","-7.17","-35.67"
"SERRA TALHADA","PE","-7.98","-38.29"
"SERRANA","SP","-21.21","-47.59"
"SERRANIA","MG","-21.54","-46.04"
"SERRANO DO MARANHAO","MA","-1.85","-45.12"
"SERRANOPOLIS","GO","-18.3","-51.96"
"SERRANOPOLIS DE MINAS","MG","-15.82","-42.87"
"SERRANOPOLIS DO IGUACU","PR","-25.38","-54.05"
"SERRANOS","MG","-21.89","-44.51"
"SERRARIA","PB","-6.85","-35.619999999999997"
"SERRINHA","BA","-11.66","-39"
"SERRINHA","RN","-6.27","-35.49"
"SERRINHA DOS PINTOS","RN","-6.11","-37.950000000000003"
"SERRITA","PE","-7.93","-39.29"
"SERRO","MG","-18.600000000000001","-43.37"
"SERROLANDIA","BA","-11.41","-40.299999999999997"
"SERTANEJA","PR","-23.03","-50.83"
"SERTANIA","PE","-8.07","-37.26"
"SERTANOPOLIS","PR","-23.05","-51.03"
"SERTAO","RS","-27.98","-52.26"
"SERTAO SANTANA","RS","-30.46","-51.6"
"SERTAOZINHO","PB","-6.75","-35.44"
"SERTAOZINHO","SP","-21.13","-47.99"
"SETE BARRAS","SP","-24.38","-47.92"
"SETE DE SETEMBRO","RS","-28.13","-54.46"
"SETE LAGOAS","MG","-19.46","-44.24"
"SETE QUEDAS","MS","-23.97","-55.03"
"SETUBINHA","MG","-17.72","-42.27"
"SEVERIANO DE ALMEIDA","RS","-27.43","-52.11"
"SEVERIANO MELO","RN","-5.77","-37.950000000000003"
"SEVERINIA","SP","-20.8","-48.8"
"SIDEROPOLIS","SC","-28.59","-49.42"
"SIDROLANDIA","MS","-20.93","-54.96"
"SIGEFREDO PACHECO","PI","-4.91","-41.73"
"SILVA JARDIM","RJ","-22.65","-42.39"
"SILVANIA","GO","-16.649999999999999","-48.6"
"SILVANOPOLIS","TO","-11.14","-48.16"
"SILVEIRA MARTINS","RS","-29.64","-53.58"
"SILVEIRANIA","MG","-21.15","-43.21"
"SILVEIRAS","SP","-22.66","-44.85"
"SILVES","AM","-2.83","-58.2"
"SILVIANOPOLIS","MG","-22.02","-45.83"
"SIMAO DIAS","SE","-10.73","-37.81"
"SIMAO PEREIRA","MG","-21.96","-43.31"
"SIMOES","PI","-7.59","-40.81"
"SIMOES FILHO","BA","-12.78","-38.4"
"SIMOLANDIA","GO","-14.47","-46.48"
"SIMONESIA","MG","-20.12","-42"
"SIMPLICIO MENDES","PI","-7.85","-41.91"
"SINIMBU","RS","-29.53","-52.52"
"SINOP","MT","-11.86","-55.5"
"SIQUEIRA CAMPOS","PR","-23.68","-49.83"
"SIRINHAEM","PE","-8.59","-35.11"
"SIRIRI","SE","-10.6","-37.11"
"SITIO D'ABADIA","GO","-14.8","-46.25"
"SITIO DO MATO","BA","-13.08","-43.46"
"SITIO DO QUINTO","BA","-10.35","-38.21"
"SITIO NOVO","MA","-5.87","-46.69"
"SITIO NOVO","RN","-6.1","-35.909999999999997"
"SITIO NOVO DO TOCANTINS","TO","-5.6","-47.63"
"SOBRADINHO","BA","-9.4499999999999993","-40.82"
"SOBRADINHO","RS","-29.42","-53.02"
"SOBRADO","PB","-7.14","-35.229999999999997"
"SOBRAL","CE","-3.68","-40.35"
"SOBRALIA","MG","-19.23","-42.09"
"SOCORRO","SP","-22.59","-46.52"
"SOCORRO DO PIAUI","PI","-7.86","-42.49"
"SOLANEA","PB","-6.77","-35.69"
"SOLEDADE","PB","-7.05","-36.36"
"SOLEDADE","RS","-28.81","-52.51"
"SOLEDADE DE MINAS","MG","-22.06","-45.04"
"SOLIDAO","PE","-7.6","-37.65"
"SOLONOPOLE","CE","-5.73","-39"
"SOMBRIO","SC","-29.11","-49.61"
"SONORA","MS","-17.57","-54.75"
"SOORETAMA","ES","-19.190000000000001","-40.090000000000003"
"SOROCABA","SP","-23.5","-47.45"
"SORRISO","MT","-12.54","-55.71"
"SOSSEGO","PB","-6.76","-36.25"
"SOURE","PA","-0.71","-48.52"
"SOUSA","PB","-6.76","-38.229999999999997"
"SOUTO SOARES","BA","-12.08","-41.63"
"SUCUPIRA","TO","-11.99","-48.97"
"SUCUPIRA DO NORTE","MA","-6.47","-44.19"
"SUCUPIRA DO RIACHAO","MA","-6.41","-43.54"
"SUD MENUCCI","SP","-20.69","-50.92"
"SUL BRASIL","SC","-26.73","-52.96"
"SULINA","PR","-25.7","-52.72"
"SUMARE","SP","-22.82","-47.26"
"SUME","PB","-7.67","-36.880000000000003"
"SUMIDOURO","RJ","-22.05","-42.67"
"SURUBIM","PE","-7.81","-35.74"
"SUSSUAPARA","PI","-7.04","-41.38"
"SUZANAPOLIS","SP","-20.5","-51.02"
"SUZANO","SP","-23.54","-46.31"
"TABAI","RS","-29.64","-51.68"
"TABAPORA","MT","-10.8","-56.62"
"TABAPUA","SP","-20.96","-49.03"
"TABATINGA","AM","-4.25","-69.930000000000007"
"TABATINGA","SP","-21.71","-48.68"
"TABIRA","PE","-7.59","-37.53"
"TABOAO DA SERRA","SP","-23.6","-46.75"
"TABOCAS DO BREJO VELHO","BA","-12.7","-44"
"TABOLEIRO GRANDE","RN","-5.93","-38.04"
"TABULEIRO","MG","-21.35","-43.24"
"TABULEIRO DO NORTE","CE","-5.24","-38.130000000000003"
"TACAIMBO","PE","-8.31","-36.29"
"TACARATU","PE","-9.1","-38.15"
"TACIBA","SP","-22.39","-51.28"
"TACIMA","PB","-6.48","-35.630000000000003"
"TACURU","MS","-23.63","-55.01"
"TAGUAI","SP","-23.45","-49.4"
"TAGUATINGA","TO","-12.4","-46.43"
"TAIACU","SP","-21.14","-48.51"
"TAILANDIA","PA","-2.94","-48.95"
"TAIO","SC","-27.11","-49.99"
"TAIOBEIRAS","MG","-15.8","-42.23"
"TAIPAS DO TOCANTINS","TO","-12.18","-46.98"
"TAIPU","RN","-5.62","-35.590000000000003"
"TAIUVA","SP","-21.12","-48.45"
"TALISMA","TO","-12.79","-49.09"
"TAMANDARE","PE","-8.76","-35.1"
"TAMARANA","PR","-23.72","-51.09"
"TAMBAU","SP","-21.7","-47.27"
"TAMBOARA","PR","-23.2","-52.46"
"TAMBORIL","CE","-4.83","-40.32"
"TAMBORIL DO PIAUI","PI","-8.4","-42.91"
"TANABI","SP","-20.62","-49.64"
"TANGARA","RN","-6.19","-35.799999999999997"
"TANGARA","SC","-27.1","-51.24"
"TANGARA DA SERRA","MT","-14.61","-57.48"
"TANGUA","RJ","-22.73","-42.71"
"TANHACU","BA","-14.02","-41.24"
"TANQUE D'ARCA","AL","-9.5299999999999994","-36.43"
"TANQUE DO PIAUI","PI","-6.6","-42.28"
"TANQUE NOVO","BA","-13.54","-42.49"
"TANQUINHO","BA","-11.97","-39.1"
"TAPARUBA","MG","-19.75","-41.61"
"TAPAUA","AM","-5.62","-63.18"
"TAPEJARA","PR","-23.73","-52.87"
"TAPEJARA","RS","-28.06","-52.01"
"TAPERA","RS","-28.62","-52.87"
"TAPEROA","BA","-13.53","-39.090000000000003"
"TAPEROA","PB","-7.2","-36.82"
"TAPES","RS","-30.67","-51.39"
"TAPIRA","MG","-19.920000000000002","-46.82"
"TAPIRA","PR","-23.32","-53.06"
"TAPIRAI","MG","-19.88","-46.02"
"TAPIRAI","SP","-23.96","-47.5"
"TAPIRAMUTA","BA","-11.84","-40.79"
"TAPIRATIBA","SP","-21.46","-46.74"
"TAPURAH","MT","-12.77","-56.55"
"TAQUARA","RS","-29.65","-50.78"
"TAQUARACU DE MINAS","MG","-19.670000000000002","-43.68"
"TAQUARAL","SP","-21.07","-48.41"
"TAQUARAL DE GOIAS","GO","-16.05","-49.6"
"TAQUARANA","AL","-9.64","-36.49"
"TAQUARI","RS","-29.8","-51.86"
"TAQUARITINGA","SP","-21.4","-48.5"
"TAQUARITINGA DO NORTE","PE","-7.9","-36.04"
"TAQUARITUBA","SP","-23.53","-49.24"
"TAQUARIVAI","SP","-23.92","-48.69"
"TAQUARUCU DO SUL","RS","-27.4","-53.46"
"TAQUARUSSU","MS","-22.48","-53.35"
"TARABAI","SP","-22.3","-51.55"
"TARAUACA","AC","-8.16","-70.760000000000005"
"TARRAFAS","CE","-6.68","-39.76"
"TARTARUGALZINHO","AP","1.5","-50.91"
"TARUMA","SP","-22.74","-50.57"
"TARUMIRIM","MG","-19.28","-42"
"TASSO FRAGOSO","MA","-8.4700000000000006","-45.74"
"TATUI","SP","-23.35","-47.85"
"TAUA","CE","-6","-40.29"
"TAUBATE","SP","-23.02","-45.55"
"TAVARES","PB","-7.63","-37.869999999999997"
"TAVARES","RS","-31.28","-51.09"
"TEFE","AM","-3.35","-64.709999999999994"
"TEIXEIRA","PB","-7.22","-37.25"
"TEIXEIRA DE FREITAS","BA","-17.53","-39.74"
"TEIXEIRA SOARES","PR","-25.36","-50.46"
"TEIXEIRAS","MG","-20.65","-42.85"
"TEIXEIROPOLIS","RO","-10.91","-62.24"
"TEJUCUOCA","CE","-3.98","-39.58"
"TEJUPA","SP","-23.34","-49.37"
"TELEMACO BORBA","PR","-24.32","-50.61"
"TELHA","SE","-10.199999999999999","-36.880000000000003"
"TENENTE ANANIAS","RN","-6.46","-38.18"
"TENENTE LAURENTINO CRUZ","RN","-6.14","-36.71"
"TENENTE PORTELA","RS","-27.37","-53.75"
"TENORIO","PB","-6.94","-36.619999999999997"
"TEODORO SAMPAIO","BA","-12.29","-38.619999999999997"
"TEODORO SAMPAIO","SP","-22.53","-52.16"
"TEOFILANDIA","BA","-11.48","-38.99"
"TEOFILO OTONI","MG","-17.850000000000001","-41.5"
"TEOLANDIA","BA","-13.6","-39.49"
"TEOTONIO VILELA","AL","-9.9","-36.35"
"TERENOS","MS","-20.440000000000001","-54.86"
"TERESINA","PI","-5.08","-42.8"
"TERESINA DE GOIAS","GO","-13.77","-47.26"
"TERESOPOLIS","RJ","-22.41","-42.96"
"TEREZINHA","PE","-9.0500000000000007","-36.619999999999997"
"TEREZOPOLIS DE GOIAS","GO","-16.39","-49.08"
"TERRA ALTA","PA","-1.03","-47.9"
"TERRA BOA","PR","-23.76","-52.44"
"TERRA DE AREIA","RS","-29.58","-50.07"
"TERRA NOVA","BA","-12.39","-38.619999999999997"
"TERRA NOVA","PE","-8.23","-39.369999999999997"
"TERRA NOVA DO NORTE","MT","-10.51","-55.23"
"TERRA RICA","PR","-22.7","-52.61"
"TERRA ROXA","PR","-24.15","-54.09"
"TERRA ROXA","SP","-20.78","-48.33"
"TERRA SANTA","PA","-2.1","-56.48"
"TESOURO","MT","-16.07","-53.55"
"TEUTONIA","RS","-29.44","-51.8"
"THEOBROMA","RO","-10.23","-62.35"
"TIANGUA","CE","-3.73","-40.99"
"TIBAGI","PR","-24.5","-50.41"
"TIBAU","RN","-4.83","-37.25"
"TIBAU DO SUL","RN","-6.18","-35.090000000000003"
"TIETE","SP","-23.1","-47.71"
"TIGRINHOS","SC","-26.68","-53.15"
"TIJUCAS","SC","-27.24","-48.63"
"TIJUCAS DO SUL","PR","-25.92","-49.19"
"TIMBAUBA","PE","-7.5","-35.31"
"TIMBAUBA DOS BATISTAS","RN","-6.46","-37.270000000000003"
"TIMBE DO SUL","SC","-28.83","-49.84"
"TIMBIRAS","MA","-4.25","-43.94"
"TIMBO","SC","-26.82","-49.27"
"TIMBO GRANDE","SC","-26.61","-50.67"
"TIMBURI","SP","-23.2","-49.6"
"TIMON","MA","-5.09","-42.83"
"TIMOTEO","MG","-19.579999999999998","-42.64"
"TIRADENTES","MG","-21.11","-44.17"
"TIRADENTES DO SUL","RS","-27.39","-54.08"
"TIROS","MG","-19","-45.96"
"TOBIAS BARRETO","SE","-11.18","-37.99"
"TOCANTINIA","TO","-9.56","-48.37"
"TOCANTINOPOLIS","TO","-6.32","-47.41"
"TOCANTINS","MG","-21.17","-43.01"
"TOCOS DO MOJI","MG","-22.37","-46.09"
"TOLEDO","MG","-22.74","-46.37"
"TOLEDO","PR","-24.71","-53.74"
"TOMAR DO GERU","SE","-11.37","-37.840000000000003"
"TOMAZINA","PR","-23.77","-49.95"
"TOMBOS","MG","-20.9","-42.02"
"TOME-ACU","PA","-2.41","-48.15"
"TONANTINS","AM","-2.87","-67.8"
"TORITAMA","PE","-7.99","-36.049999999999997"
"TORIXOREU","MT","-16.190000000000001","-52.55"
"TOROPI","RS","-29.47","-54.22"
"TORRE DE PEDRA","SP","-23.24","-48.19"
"TORRES","RS","-29.33","-49.72"
"TORRINHA","SP","-22.42","-48.16"
"TOUROS","RN","-5.19","-35.46"
"TRABIJU","SP","-22.04","-48.33"
"TRACUATEUA","PA","-1.07","-46.89"
"TRACUNHAEM","PE","-7.8","-35.24"
"TRAIPU","AL","-9.9700000000000006","-37"
"TRAIRAO","PA","-4.57","-55.94"
"TRAIRI","CE","-3.27","-39.26"
"TRAJANO DE MORAIS","RJ","-22.06","-42.06"
"TRAMANDAI","RS","-29.98","-50.13"
"TRAVESSEIRO","RS","-29.29","-52.05"
"TREMEDAL","BA","-14.97","-41.41"
"TREMEMBE","SP","-22.95","-45.54"
"TRES ARROIOS","RS","-27.49","-52.14"
"TRES BARRAS","SC","-26.1","-50.32"
"TRES BARRAS DO PARANA","PR","-25.41","-53.18"
"TRES CACHOEIRAS","RS","-29.45","-49.92"
"TRES CORACOES","MG","-21.69","-45.25"
"TRES COROAS","RS","-29.51","-50.77"
"TRES DE MAIO","RS","-27.77","-54.24"
"TRES FORQUILHAS","RS","-29.53","-50.06"
"TRES FRONTEIRAS","SP","-20.23","-50.89"
"TRES LAGOAS","MS","-20.75","-51.67"
"TRES MARIAS","MG","-18.2","-45.24"
"TRES PALMEIRAS","RS","-27.61","-52.84"
"TRES PASSOS","RS","-27.45","-53.93"
"TRES PONTAS","MG","-21.36","-45.51"
"TRES RANCHOS","GO","-18.350000000000001","-47.78"
"TRES RIOS","RJ","-22.11","-43.2"
"TREVISO","SC","-28.51","-49.45"
"TREZE DE MAIO","SC","-28.55","-49.14"
"TREZE TILIAS","SC","-27","-51.4"
"TRINDADE","GO","-16.64","-49.48"
"TRINDADE","PE","-7.76","-40.26"
"TRINDADE DO SUL","RS","-27.52","-52.89"
"TRIUNFO","PB","-6.57","-38.590000000000003"
"TRIUNFO","PE","-7.83","-38.1"
"TRIUNFO","RS","-29.94","-51.71"
"TRIUNFO POTIGUAR","RN","-5.86","-37.18"
"TRIZIDELA DO VALE","MA","-4.53","-44.62"
"TROMBAS","GO","-13.5","-48.74"
"TROMBUDO CENTRAL","SC","-27.29","-49.79"
"TUBARAO","SC","-28.46","-49"
"TUCANO","BA","-10.96","-38.78"
"TUCUMA","PA","-6.74","-51.16"
"TUCUNDUVA","RS","-27.65","-54.44"
"TUCURUI","PA","-3.76","-49.67"
"TUFILANDIA","MA","-3.72","-45.55"
"TUIUTI","SP","-22.81","-46.69"
"TUMIRITINGA","MG","-18.97","-41.64"
"TUNAPOLIS","SC","-26.96","-53.63"
"TUNAS","RS","-29.1","-52.95"
"TUNAS DO PARANA","PR","-24.97","-49.08"
"TUNEIRAS DO OESTE","PR","-23.87","-52.87"
"TUNTUM","MA","-5.25","-44.64"
"TUPA","SP","-21.93","-50.51"
"TUPACIGUARA","MG","-18.59","-48.7"
"TUPANATINGA","PE","-8.75","-37.340000000000003"
"TUPANCI DO SUL","RS","-27.92","-51.53"
"TUPANCIRETA","RS","-29.08","-53.83"
"TUPANDI","RS","-29.47","-51.42"
"TUPARENDI","RS","-27.75","-54.48"
"TUPARETAMA","PE","-7.6","-37.31"
"TUPASSI","PR","-24.58","-53.51"
"TUPI PAULISTA","SP","-21.38","-51.57"
"TUPIRAMA","TO","-8.9700000000000006","-48.18"
"TUPIRATINS","TO","-8.39","-48.11"
"TURIACU","MA","-1.66","-45.37"
"TURILANDIA","MA","-2.2000000000000002","-45.34"
"TURIUBA","SP","-20.93","-50.1"
"TURMALINA","MG","-17.28","-42.73"
"TURMALINA","SP","-20.05","-50.47"
"TURUCU","RS","-31.42","-52.17"
"TURURU","CE","-3.58","-39.43"
"TURVANIA","GO","-16.61","-50.13"
"TURVELANDIA","GO","-17.850000000000001","-50.3"
"TURVO","PR","-25.04","-51.53"
"TURVO","SC","-28.92","-49.67"
"TURVOLANDIA","MG","-21.87","-45.78"
"TUTOIA","MA","-2.76","-42.27"
"UARINI","AM","-2.99","-65.099999999999994"
"UAUA","BA","-9.84","-39.479999999999997"
"UBA","MG","-21.12","-42.94"
"UBAI","MG","-16.28","-44.77"
"UBAIRA","BA","-13.26","-39.659999999999997"
"UBAITABA","BA","-14.31","-39.32"
"UBAJARA","CE","-3.85","-40.92"
"UBAPORANGA","MG","-19.63","-42.1"
"UBARANA","SP","-21.16","-49.71"
"UBATA","BA","-14.21","-39.520000000000003"
"UBATUBA","SP","-23.43","-45.07"
"UBERABA","MG","-19.739999999999998","-47.93"
"UBERLANDIA","MG","-18.91","-48.27"
"UBIRAJARA","SP","-22.52","-49.66"
"UBIRATA","PR","-24.54","-52.98"
"UBIRETAMA","RS","-28.04","-54.68"
"UCHOA","SP","-20.95","-49.17"
"UIBAI","BA","-11.33","-42.13"
"UIRAMUTA","RR","4.59","-60.16"
"UIRAPURU","GO","-14.28","-49.92"
"UIRAUNA","PB","-6.51","-38.409999999999997"
"ULIANOPOLIS","PA","-3.75","-47.5"
"UMARI","CE","-6.64","-38.700000000000003"
"UMARIZAL","RN","-5.99","-37.81"
"UMBAUBA","SE","-11.38","-37.65"
"UMBURANAS","BA","-10.73","-41.32"
"UMBURATIBA","MG","-17.25","-40.57"
"UMBUZEIRO","PB","-7.69","-35.659999999999997"
"UMIRIM","CE","-3.67","-39.35"
"UMUARAMA","PR","-23.76","-53.32"
"UNA","BA","-15.29","-39.07"
"UNAI","MG","-16.350000000000001","-46.9"
"UNIAO","PI","-4.58","-42.86"
"UNIAO DA SERRA","RS","-28.79","-52.03"
"UNIAO DA VITORIA","PR","-26.23","-51.08"
"UNIAO DE MINAS","MG","-19.53","-50.33"
"UNIAO DO OESTE","SC","-26.76","-52.85"
"UNIAO DO SUL","MT","-11.53","-54.35"
"UNIAO DOS PALMARES","AL","-9.16","-36.03"
"UNIAO PAULISTA","SP","-20.88","-49.89"
"UNIFLOR","PR","-23.08","-52.15"
"UNISTALDA","RS","-29.04","-55.15"
"UPANEMA","RN","-5.64","-37.25"
"URAI","PR","-23.19","-50.79"
"URANDI","BA","-14.77","-42.65"
"URANIA","SP","-20.239999999999998","-50.64"
"URBANO SANTOS","MA","-3.2","-43.4"
"URU","SP","-21.78","-49.28"
"URUACU","GO","-14.52","-49.14"
"URUANA","GO","-15.49","-49.68"
"URUANA DE MINAS","MG","-16.059999999999999","-46.25"
"URUARA","PA","-3.71","-53.73"
"URUBICI","SC","-28.01","-49.59"
"URUBURETAMA","CE","-3.62","-39.5"
"URUCANIA","MG","-20.350000000000001","-42.73"
"URUCARA","AM","-2.5299999999999998","-57.76"
"URUCUCA","BA","-14.59","-39.28"
"URUCUI","PI","-7.22","-44.55"
"URUCUIA","MG","-16.13","-45.74"
"URUCURITUBA","AM","-3.13","-58.15"
"URUGUAIANA","RS","-29.75","-57.08"
"URUOCA","CE","-3.31","-40.549999999999997"
"URUPA","RO","-11.14","-62.36"
"URUPEMA","SC","-27.95","-49.87"
"URUPES","SP","-21.2","-49.29"
"URUSSANGA","SC","-28.51","-49.32"
"URUTAI","GO","-17.46","-48.2"
"UTINGA","BA","-12.08","-41.09"
"VACARIA","RS","-28.51","-50.93"
"VALE DO ANARI","RO","-9.86","-62.18"
"VALE DO PARAISO","RO","-10.44","-62.13"
"VALE DO SOL","RS","-29.6","-52.68"
"VALE REAL","RS","-29.39","-51.25"
"VALE VERDE","RS","-29.78","-52.18"
"VALENCA","BA","-13.37","-39.07"
"VALENCA","RJ","-22.24","-43.7"
"VALENCA DO PIAUI","PI","-6.4","-41.74"
"VALENTE","BA","-11.41","-39.46"
"VALENTIM GENTIL","SP","-20.420000000000002","-50.08"
"VALINHOS","SP","-22.97","-46.99"
"VALPARAISO","SP","-21.22","-50.86"
"VALPARAISO DE GOIAS","GO","-16.059999999999999","-47.97"
"VANINI","RS","-28.47","-51.84"
"VARGEAO","SC","-26.86","-52.15"
"VARGEM","SC","-27.48","-50.97"
"VARGEM","SP","-22.88","-46.41"
"VARGEM ALEGRE","MG","-19.600000000000001","-42.29"
"VARGEM ALTA","ES","-20.67","-41"
"VARGEM BONITA","MG","-20.32","-46.36"
"VARGEM BONITA","SC","-27","-51.74"
"VARGEM GRANDE","MA","-3.54","-43.91"
"VARGEM GRANDE DO RIO PARDO","MG","-15.4","-42.3"
"VARGEM GRANDE DO SUL","SP","-21.83","-46.89"
"VARGEM GRANDE PAULISTA","SP","-23.6","-47.02"
"VARGINHA","MG","-21.55","-45.43"
"VARJAO","GO","-17.04","-49.63"
"VARJAO DE MINAS","MG","-18.37","-46.03"
"VARJOTA","CE","-4.1900000000000004","-40.47"
"VARRE-SAI","RJ","-20.93","-41.86"
"VARZEA","PB","-6.77","-36.99"
"VARZEA","RN","-6.34","-35.369999999999997"
"VARZEA ALEGRE","CE","-6.78","-39.29"
"VARZEA BRANCA","PI","-9.23","-42.96"
"VARZEA DA PALMA","MG","-17.59","-44.73"
"VARZEA DA ROCA","BA","-11.6","-40.130000000000003"
"VARZEA DO POCO","BA","-11.52","-40.32"
"VARZEA GRANDE","MT","-15.64","-56.13"
"VARZEA GRANDE","PI","-6.54","-42.24"
"VARZEA NOVA","BA","-11.25","-40.94"
"VARZEA PAULISTA","SP","-23.21","-46.82"
"VARZEDO","BA","-12.97","-39.39"
"VARZELANDIA","MG","-15.7","-44.02"
"VASSOURAS","RJ","-22.4","-43.66"
"VAZANTE","MG","-17.98","-46.9"
"VENANCIO AIRES","RS","-29.6","-52.19"
"VENDA NOVA DO IMIGRANTE","ES","-20.34","-41.13"
"VENHA-VER","RN","-6.32","-38.479999999999997"
"VENTANIA","PR","-24.24","-50.24"
"VENTUROSA","PE","-8.57","-36.869999999999997"
"VERA","MT","-12.3","-55.31"
"VERA CRUZ","BA","-12.96","-38.6"
"VERA CRUZ","RN","-6.04","-35.42"
"VERA CRUZ","RS","-29.71","-52.5"
"VERA CRUZ","SP","-22.22","-49.81"
"VERA CRUZ DO OESTE","PR","-25.05","-53.87"
"VERA MENDES","PI","-7.6","-41.48"
"VERANOPOLIS","RS","-28.93","-51.54"
"VERDEJANTE","PE","-7.92","-38.97"
"VERDELANDIA","MG","-15.58","-43.6"
"VERE","PR","-25.88","-52.9"
"VEREDA","BA","-17.22","-40.090000000000003"
"VEREDINHA","MG","-17.39","-42.73"
"VERISSIMO","MG","-19.66","-48.3"
"VERMELHO NOVO","MG","-20.03","-42.26"
"VERTENTE DO LERIO","PE","-7.77","-35.85"
"VERTENTES","PE","-7.9","-35.979999999999997"
"VESPASIANO","MG","-19.690000000000001","-43.92"
"VESPASIANO CORREA","RS","-29.06","-51.85"
"VIADUTOS","RS","-27.56","-52.02"
"VIAMAO","RS","-30.08","-51.02"
"VIANA","ES","-20.39","-40.49"
"VIANA","MA","-3.22","-45"
"VIANOPOLIS","GO","-16.739999999999998","-48.51"
"VICENCIA","PE","-7.65","-35.32"
"VICENTE DUTRA","RS","-27.16","-53.4"
"VICENTINA","MS","-22.4","-54.43"
"VICENTINOPOLIS","GO","-17.73","-49.8"
"VICOSA","AL","-9.3699999999999992","-36.24"
"VICOSA","MG","-20.75","-42.88"
"VICOSA","RN","-5.99","-37.94"
"VICOSA DO CEARA","CE","-3.56","-41.09"
"VICTOR GRAEFF","RS","-28.56","-52.74"
"VIDAL RAMOS","SC","-27.39","-49.35"
"VIDEIRA","SC","-27","-51.15"
"VIEIRAS","MG","-20.86","-42.24"
"VIEIROPOLIS","PB","-6.5","-38.25"
"VIGIA","PA","-0.85","-48.14"
"VILA ALTA","PR","-23.5","-53.72"
"VILA BELA DA SANTISSIMA TRINDADE","MT","-15","-59.95"
"VILA BOA","GO","-15.03","-47.05"
"VILA FLOR","RN","-6.31","-35.07"
"VILA FLORES","RS","-28.86","-51.53"
"VILA LANGARO","RS","-28.1","-52.14"
"VILA MARIA","RS","-28.53","-52.15"
"VILA NOVA DO PIAUI","PI","-7.13","-40.94"
"VILA NOVA DO SUL","RS","-30.34","-53.88"
"VILA NOVA DOS MARTIRIOS","MA","-4.9800000000000004","-47.99"
"VILA PAVAO","ES","-18.61","-40.61"
"VILA PROPICIO","GO","-15.45","-48.88"
"VILA RICA","MT","-10.01","-51.11"
"VILA VALERIO","ES","-18.989999999999998","-40.380000000000003"
"VILA VELHA","ES","-20.329999999999998","-40.29"
"VILHENA","RO","-12.74","-60.14"
"VINHEDO","SP","-23.03","-46.97"
"VIRADOURO","SP","-20.87","-48.29"
"VIRGEM DA LAPA","MG","-16.8","-42.34"
"VIRGINIA","MG","-22.33","-45.09"
"VIRGINOPOLIS","MG","-18.82","-42.7"
"VIRGOLANDIA","MG","-18.47","-42.3"
"VIRMOND","PR","-25.38","-52.19"
"VISCONDE DO RIO BRANCO","MG","-21.01","-42.84"
"VISEU","PA","-1.19","-46.14"
"VISTA ALEGRE","RS","-27.36","-53.49"
"VISTA ALEGRE DO ALTO","SP","-21.17","-48.62"
"VISTA ALEGRE DO PRATA","RS","-28.8","-51.79"
"VISTA GAUCHA","RS","-27.29","-53.7"
"VISTA SERRANA","PB","-6.73","-37.56"
"VITOR MEIRELES","SC","-26.88","-49.83"
"VITORIA","ES","-20.309999999999999","-40.33"
"VITORIA BRASIL","SP","-20.190000000000001","-50.48"
"VITORIA DA CONQUISTA","BA","-14.86","-40.83"
"VITORIA DAS MISSOES","RS","-28.35","-54.49"
"VITORIA DE SANTO ANTAO","PE","-8.11","-35.29"
"VITORIA DO JARI","AP","-0.8","-52.45"
"VITORIA DO MEARIM","MA","-3.46","-44.87"
"VITORIA DO XINGU","PA","-2.88","-52.01"
"VITORINO","PR","-26.27","-52.78"
"VITORINO FREIRE","MA","-4.04","-45.23"
"VOLTA GRANDE","MG","-21.77","-42.53"
"VOLTA REDONDA","RJ","-22.52","-44.1"
"VOTORANTIM","SP","-23.54","-47.43"
"VOTUPORANGA","SP","-20.420000000000002","-49.97"
"WAGNER","BA","-12.28","-41.16"
"WALL FERRAZ","PI","-7.23","-41.91"
"WANDERLANDIA","TO","-6.84","-47.96"
"WANDERLEY","BA","-12.12","-43.88"
"WENCESLAU BRAZ","MG","-22.53","-45.36"
"WENCESLAU BRAZ","PR","-23.87","-49.8"
"WENCESLAU GUIMARAES","BA","-13.68","-39.47"
"WITMARSUM","SC","-26.92","-49.79"
"XAMBIOA","TO","-6.41","-48.53"
"XAMBRE","PR","-23.73","-53.49"
"XANGRI-LA","RS","-29.8","-50.04"
"XANXERE","SC","-26.87","-52.4"
"XAPURI","AC","-10.65","-68.5"
"XAVANTINA","SC","-27.06","-52.34"
"XAXIM","SC","-26.96","-52.53"
"XEXEU","PE","-8.8000000000000007","-35.619999999999997"
"XINGUARA","PA","-7.09","-49.94"
"XIQUE-XIQUE","BA","-10.82","-42.73"
"ZABELE","PB","-8.07","-37.090000000000003"
"ZACARIAS","SP","-21.05","-50.05"
"ZE DOCA","MA","-3.24","-45.82"
"ZORTEA","SC","-27.45","-51.55"
